word	freq_piyut	freq_memar	memar_he_candidate	conf	source	context
דו	350	149		0	פיוט #1 — עמדתי קמיך (פתיחת הדפתר)	לפם דו כחי הסכין ונשישותי
דת	77	7	גדולות	0.312	פיוט #4 — אדיק עלינן מרן	אדיק עלינן מרן • לית לן לאהן ניפך אפינן • אלא לידך דת רחמן •
יא	63	1		0	פיוט #9 — מן מימר הבהנים והזקנים רצון יהוה עליהם אמן	אל אלהי האלהים * אל ארון האדונים * אל ארך אפים יא ל אני
רו	58	0		0	פיוט #9 — מן מימר הבהנים והזקנים רצון יהוה עליהם אמן	ומשמועה חיים יד ו קעים לעלם ישתבח * עד לעלם , רו קעיטה דקעם 'עם
יע	54	1		0	פיוט #12 — ושבת עד יהוה אלהיך ושמעת בקולו : *יתרומם שמך	מלך על כל מלכיה * עניתן ושמע 'בקלן יע רל א יבטל דברן רחמיך •
ולחטאותינו	46	0		0	פיוט #12 — ושבת עד יהוה אלהיך ושמעת בקולו : *יתרומם שמך	אלהינו * וסלחת לעונינו ולחטאותינו ונחלתנו • וסלח ל ן
רלא	40	0		0	פיוט #12 — ושבת עד יהוה אלהיך ושמעת בקולו : *יתרומם שמך	דיאנה קשיטה ״ רלא נסב אפים • לא טרף לבעו מן אלהותך • מרי אנן
שביע	40	0		0	פיוט #138 — וקדש : בחדש הראישון * בארבעה עשר יום לחרש	קדשך יהוה * על יד בן יוכבד : שלום יהוד , עליו * ועל בל שביע ומועד :
עתיד	4	32	עומד	0.787	פיוט #13 — צלות מרקה	דו חילה דקעם • על כריה דמשתוקה : דו עתיד כרז • אני אני הוא :
יכ	36	0		0	פיוט #14 — בלבה אלילו	שעיר בעי לה יכ י משקה לה קריב : שבקין הו עבד • למן דשבק חוביו :
אלקטף	36	0		0	פיוט #59 — אמנות העיבתות והמועדים	בית דראן ובית מרקה * יתמרו על יומי השבתות הקדושים * פי אלקטף • על , ס
תה	26	9	שבה	0.302	פיוט #9 — מן מימר הבהנים והזקנים רצון יהוה עליהם אמן	מרן אהיה אשר אהיה : תתהלל לעולם * נציבה ייה תשבח תה פריה סלקין
טי	33	0		0	פיוט #5 — אזל שלם יום שבתה	הבו לן מפתח בראשית • נקרי בה • ומד מתשקח קמאי • הבלן מסגדי מנה • כיינן משקחין תהו ובהו • כריה דמים • ואלהים אמנה • דחלץ מנה בריאן • מליו הוה משלח לגו טי תהו ובהו • ואנין מעזרין טעינן בוראין :
נביע	31	2		0	פיוט #18 — ז צלות כהנה רבה פינחס רצון יהוה עליו	לך נביע מרן דבוקה דלחיציה • מנך נדחל עבורן דכל פליאתה • פני ב
עלטה	32	0		0	פיוט #13 — צלות מרקה	ארבעת רבעה עלטה • מיתבן בידך : חילך רבה סביל * כליף דלא
הסליחות	32	0		0	פיוט #670 — צלות מועד השמיני	הכפור * 'דבך ענני הסליחות תתפרש עלינו: שלם לך מועד ‏ הסכות *
כו	26	2	האלוהימ	0.712	פיוט #77 — צלות שבת צמות הפסח	תבוא בדן שבת הצמות • רבו שטח בכל הארצות : ואתעשה כו פצות • לעדת
גביר	27	0		0	פיוט #277 — צלות שבת מועד חג המצות	אלהי גביר כל העולם • וקדקד טינה ראדם : בעל התפלה והציאם • נבר יי
ראמר	26	0		0	פיוט #9 — מן מימר הבהנים והזקנים רצון יהוה עליהם אמן	'לגדלה נשבח • דו דברא בל עלמה וסדר בוראיה ישתבח * ראמר בטלה
יוטה	26	0		0	פיוט #12 — ושבת עד יהוה אלהיך ושמעת בקולו : *יתרומם שמך	וסגודיו מחענין • ותשבחתה מתמרן י טוביון סגוריה רשוו בך אה יוטה
אדכיר	18	7	זכרו	0.911	פיוט #593 — (ללא כותרת)	אדכיר לטב משה קטף
פתיח	23	1		0	פיוט #4 — אדיק עלינן מרן	כנותה [?] היא דעבדת • כל אהן לבטה רבה • תהי ארורה לגו כל אתר • פרי מעיה חסירין • ופרי ארעה משנתין • פמה דדינה פתיח עלינן • מבלע ינוקה עם סהבה :
יב	23	1		0	פיוט #15 — צלות עמרם , דרה רצון יהוה וסליחתו עליו אמן	טוב מן דמתקרב בך * אה דחיקה דקר יב : ווילה דמרתק מנך • אה
עליבון	24	0		0	פיוט #97 — צלות שבת צמות הפסח	לנפשו יקח ; לאוי עליבון עשותה * כמה היא מתעתקה ; ודטרו זה שבתה
דביק	23	0		0	פיוט #4 — אדיק עלינן מרן	ואלית רחמנה דבק ומנהר לרחמיו • בהלן נבכי קנומן • לית לן אפין למצבע דבק • חיב האן יצבע דבק • ולא דבוק דידבקנה • מה מצראי מחנה • צבע דביק ורתותה מסלקה מנה :
עקובאן	22	1		0	פיוט #27 — על חדש השביעי	ביר אלה ארבעה עקובאן רברבאן אשבתה דכרנה אשמעה וזימון קרש
הנרול	23	0		0	פיוט #76 — לעבדת אהל מועד ־ ראלהים קדשה	הכהן הנרול יחשבה י ועל ישראל יסובבה : ועל כל אחד יריבה * והם יתנו
אסתדר	23	0		0	פיוט #77 — צלות שבת צמות הפסח	ותעשו זאת חקתת • מאה שנה בשלמותה : מן אסתדר מן עדתה * בזאת
טן	22	0		0	פיוט #13 — צלות מרקה	הבו תשבחתה * לסן דאלוף משתבח : דבעובדיו • טן ישבחנה :
מק	20	1		0	פיוט #9 — מן מימר הבהנים והזקנים רצון יהוה עליהם אמן	מתחת אין .עוד מלבדו מק בי ; ידיך עמדתי ואתפניתי בפני אל המקום ■ין
תן	21	0		0	פיוט #13 — צלות מרקה	טובי נפשאתן • למן אנין סנרן : טב לנו יא תן , * סבלןז אימתך :
בזרוז	9	12	בחיפזונ	0.367	פיוט #14 — בלבה אלילו	לבוראיו זעק • וענותה בזרוז : לקלומה הורי • מן עבד עובדיו :
סליחן	20	1		0	פיוט #18 — ז צלות כהנה רבה פינחס רצון יהוה עליו	פי כשם יהוה נדרש י סליחן בבל פעם : כי ירק יהוה עמו י ועל עבריו
וי	20	1		0	פיוט #59 — אמנות העיבתות והמועדים	וירצו ברקים ולפידים ולבשו ההרים עבים מרי ערפל ותנוע הארץ וי ח רדו
הידועים	20	0		0	פיוט #213 — צלות מועד הפסח במדינה	הפסח לו סורים • ידעום הידועים : אשר לבביון ימ ן הדעת מלוים : דשתרו
גלגיו	17	3	גדול	0.19	פיוט #448 — היא שבה אשבתה י וששת ימים תעבר	עלמים י גלגיו מתרברבי : יומה ראתמר למשה בגללו • הנה אנכי בא אליך
כפירות	20	0		0	פיוט #476 — צלו־ ת לילת מקרתה	הנרול ־ ברכה נדלה תמימותה : ויררש בה וישול י כפירות פשחותה : ויתחני
קשיט	17	2		0	פיוט #7 — עבודה דעלמה מן ישום רביאנך (דורן)	אהן אלה אלהך • אלהון דאבהתן : אהן נביא קשיט • בות מהימן אלה [?] :
שביעי	18	1		0	פיוט #27 — על חדש השביעי	עצרת שביעי מועדיה וקדש קרשיה * וכל ישראל מהר מנין ואנין עחידין
ויצליח	19	0		0	פיוט #85 — צלות שבת צמות הפסח	יקבץ נדחך י ויקבל פללך וישמע קל צבעך * ויצליח את שבילך :
תו	19	0		0	פיוט #133 — צלות יום חדש הראישון אן אתא בשבת	המתפרש : גא תו ורבותו ריאמים * בון כל כלום בנש ; ביהוד . היה שמים *
הזוכיר	19	0		0	פיוט #146 — מועדי יהוה אשר תקראו אתם מקראי קרש	מרן עליו עוד על השבת הזוכיר מן מימר כתובו אברהם בן יעקב בן
דגלגיו	19	0		0	פיוט #451 — צלות לילת מקרתה	דאמר שמור את יום השביעי דגלגיו יתרים : לאלה דאמר כבד אביך
מטלטל	17	1		0	פיוט #8 — אתי בשלם	אתי בשלם מועדה. דכרנה דממן לעלם. לא מטלטל. כל דריה׃
נו	15	3		0	פיוט #13 — צלות מרקה	נו די לך לעלם * דאתהו אלהנן : נתרחץ בחילך י ליח רדוצון כותך :
גי	18	0		0	פיוט #13 — צלות מרקה	מלל י גי סםנף
לק	17	1		0	פיוט #15 — צלות עמרם , דרה רצון יהוה וסליחתו עליו אמן	לחציה דסנו • ואגלו ביומינן : לק כלי וכפת * בישיר דקמינן ;
נוי	18	0		0	פיוט #22 — תורנים תתמר בשבתות	דלא *שוה בה נוי עוק איקרה דיום רשבתה דלא* מתה איקר יומה שביעה
וח	18	0		0	פיוט #28 — עורן כן על יום הכפור הקדוש על פינחס	הקהל • יהוה אל רחום וח נון * סלח לנו מרי ולאבותינו בחסדיך מכל אשר
הסניל	18	0		0	פיוט #71 — רב אלה * . * וכי בשם וישרו הקטף	אמר אלהינו האל • לברה דעמרם הסניל : כי תשא את ראש בני ישראל *
צל	17	0		0	פיוט #18 — ז צלות כהנה רבה פינחס רצון יהוה עליו	צל קורתך עלינו • אה אל הצבאות : צפי מן מעונך * שמעיו הבקעות :
יו	17	0		0	פיוט #22 — תורנים תתמר בשבתות	לית בכל יומיה יום רב איך יום שבתה • שבשבתה עקבה מרי בעלמה * כל יו
וב	13	4	באות	0.495	פיוט #38 — עורן כן לונ עוד על יומי השבעות	אבירי כל כרץ * וב י אר מנץ חמשה □פרין וכל ישראל מהר מנין :
טימר	17	0		0	פיוט #59 — אמנות העיבתות והמועדים	צוי את קרבני מן טימר הכהן הגדול פינחס רצון יהוד . עליו אמן :
למ	5	12	דומה	0.235	פיוט #60 — ישתבח אלהים לית אלה אלא אחד	השבת הזה • אשרי לשמוריו יכ למ ן שמרו י שמרי יתקרי ן
יושיע	17	0		0	פיוט #75 — צלות שבת צמות הפסח	אלהי נביד . רבה משה : לך ברחמיו יושיע : מכל דבב וקשה : ראסי באשוחך :
רעל	17	0		0	פיוט #80 — צלות שבת צמות הפסח	ספר קדשו : יהוה הוא האלהים * רעל ידו שבתות נ ומועדים לנן אתפרשו :
ושביעי	17	0		0	פיוט #234 — השביעי תשבת	בון כל הטובות קוי י ראש ושני ושלישי ושביעי • צ׳ ך ברום כתבי • ולא
ין	13	3	אינ	0.539	פיוט #9 — מן מימר הבהנים והזקנים רצון יהוה עליהם אמן	מתחת אין .עוד מלבדו מק בי ; ידיך עמדתי ואתפניתי בפני אל המקום ■ין
הגביר	16	0		0	פיוט #83 — עורן מחלף יום ולילה	יתחיל דו הגביר •
סניל	16	0		0	פיוט #131 — צלות יום חדש הראישון אן אתא בשבת	מן משתוחה ולחמה : סניל בקדישותו * מן יומה דאשתמה : ושמירות קדשו *
וג	15	1		0	פיוט #371 — צלות השבת השט דמן שבע השבתות	וג ב
הרנריזים	15	0		0	פיוט #9 — מן מימר הבהנים והזקנים רצון יהוה עליהם אמן	הרנריזים יא ל אלהי המשכן הקרש * וכל כלי הקרש אהיה אשר אהיה :
תודיע	15	0		0	פיוט #15 — צלות עמרם , דרה רצון יהוה וסליחתו עליו אמן	בוראין חדתין י עברת מן עדן : בדיל תודיע דאתה • קמאי נל אמ ן עדן :
שקיח	13	2	קהל	0.523	פיוט #15 — צלות עמרם , דרה רצון יהוה וסליחתו עליו אמן	דאת שקיח בכל אתר * לא כוח כל שקיח : כסי וחכום כל ח • לא
וה	11	4	זהו	0.638	פיוט #16 — לכהנה רבה עמרם דרה רצון יהוה עליו	שמה לשמה * אקפח ברבו* : יה וה אלהון דדרי ה ומשה נביא כל
יודיע	13	2	הייתה	0.564	פיוט #78 — צלות שבת צמות הפסח	ממללי יודיע ך • מה אשתוי ואתעבר : בין האיש חסידך * הנבי הכבד : ערן צא
יתגלג	12	3	בפני	0.498	פיוט #102 — דפסח אלה על בתיון	ונסיר דו אחד י לית כותה לעלם תורה תמימה ברוך יהוה נו תינה יתגלג נביה
הקרוש	15	0		0	פיוט #136 — מימרי * כן ירוד חיינון	שמו הקרוש • בדכיות פממינו : אמר לנו בתורה * על יר משה נבינו : כי
מגיבים	15	0		0	פיוט #169 — צלות השבת השני דמן חדש הראישון	מגיבים : אמן :
וא	8	7	אותכ	0.307	פיוט #259 — צלות שבעת עמי חג המצות צפרה	מזצרה * בלוחות ביד אלה 'מדכים : ההר הרי וא בע בר היר דן
תשתמע	13	2	ינו	0.814	פיוט #299 — צלות שבת מועד חג המצות	במועדיבוך ; ובו חג אל הר השכינה * והנחלה קדש טבריכון : ובו תשתמע
יז	14	0		0	פיוט #9 — מן מימר הבהנים והזקנים רצון יהוה עליהם אמן	טובו וחסדו עמדתי בין ידיך אדרש רח־מיך וחסדיך אימר קטיך אה אדני יז
רעלמה	14	0		0	פיוט #13 — צלות מרקה	ננודה רעלמה * בתרך מהלכה : נטורון דחייה * בטובך טתקרבה :
נב	3	11	הנביא	0.774	פיוט #21 — השבת צפרה	£ דכררה £ ״ .יותג ,יבני ע •ייהון נב*י
עובר	14	0		0	פיוט #31 — עורן כן על מועדיה וראשי ירחיה	שטעוי לכל עובר ואתו שמעי • מן מלו משבחתך * מן שוי ריתלמר
תי	13	1		0	פיוט #43 — קטפי לילת שבתה רמשה	ברוך יהוד . אלהינו אשר אמר את שבת תי תשמרו מקדשי תיר או אני יה וה :
סי	8	6		0	פיוט #63 — *עורן כן מן מימר מרקה : עליו הרצון אמן	ועצמו סי כמוך באילים יהוה מי כמוך נאררי בקדש נורא תהלת עשה פליה :
שביר	14	0		0	פיוט #64 — תפלה * , אלתפלה ג *-גו אבישע	הלכתי ; על בן עמדתי פניו : וירי לו הרמתי : וצעקתי בלב שביר : ארתי
זי	14	0		0	פיוט #116 — ישתבח	זי * נן בעדן מקדם וגו
שופט	11	2		0	פיוט #10 — ב מימריו ן	ובכל אלהי מצרים אעשה שפטים אני יהוה : שופט שמך :
ור	11	2	אחר	0.661	פיוט #13 — צלות מרקה	גבורתך כסיה ־ וטובך ור חמיך נלץ : נליתה וכסיאתה * בשלטן אלהותך :
תסתנד	13	0		0	פיוט #14 — בלבה אלילו	לית אלהו אלא דילך • ברומה ובמכה : לעלם עלמים * תסתנד והשתבח :
ומ	11	2	מגנ	0.283	פיוט #18 — ז צלות כהנה רבה פינחס רצון יהוה עליו	והבו רבו לאלהותו • רטלת רומה ומ כה : וטי כמו באילים • אל
דעתיד	10	3		0	פיוט #18 — ז צלות כהנה רבה פינחס רצון יהוה עליו	רילון בירקה הו חרבך • דעתיד מוקד כל םרתוי ג * ערן דתגלנה , בנצתן •
אצטמתו	11	2	נאספו	0.383	פיוט #31 — עורן כן על מועדיה וראשי ירחיה	אצטמתו • ואלהים ממלל מלגו לבה דאשתה * וכל ישראל שמע ורתת מן
ירוש	13	0		0	פיוט #79 — צלות שבת צמות הפסח	בהלן צבעין * מלב ומנפש : פני אלהינו * דו ירוש על כל ירש : ונפרש את
ברכאתו	13	0		0	פיוט #138 — וקדש : בחדש הראישון * בארבעה עשר יום לחרש	מי ארש שם משה • בן עמרם נביכם : מן ברכאתו יתן לכם * ומן ברכת
יג	13	0		0	פיוט #144 — צלית ידם חדש הר אישון אן אתא בשבת	ז י יג* * אדוני יהוה ... . חסדך מרי בעמל הנבי הצדיק * הנאמן משה עבדך
יתודע	13	0		0	פיוט #218 — צלות מועד הפסח במדינה	בטרור יתודע המתוק ובמחוק יתודע המרור : ובמצור יתודע הרוח וברוח
קשיטות	11	2		0	פיוט #218 — צלות מועד הפסח במדינה	הנבון ידעד קשיטות מימרי : . ז
נפיל	11	2	תהיה	0.577	פיוט #222 — צלות מרעד הפסח במדינה	ובכורי מצראי נפיל :
סוביב	11	2		0	פיוט #607 — תטיב עמלך: ואתה בתרדימה * ביומך ולילך	עד מתי עד מתי * לא ‏ פעלך: ‏ קרוב ממך * סוביב בכל
פרדיס	6	7	ודיבר	0.575	פיוט #904 — פניו כל גבור צד * ולא עורן ימטי	פרדיס * וניסוסי הקדשים מנה שרשר: ‏ מובא כל שתה * מועדי
סביל	9	3		0	פיוט #6 — צלות מרקה — עבודה דעלמה אלהים יסתגד	ארבעת רבעה עלמה • מיתבן בידך : חילך רבה סביל • כליף דלא קרב לין :
אלהיט	12	0		0	פיוט #10 — ב מימריו ן	אלהיט לך נברך * אלהיט לך נהלל • אלהינו לך ננדל • אלהיט
לע	12	0		0	פיוט #12 — ושבת עד יהוה אלהיך ושמעת בקולו : *יתרומם שמך	ץ לע ו קרישי ׳ י י י ;
זזעיו	12	0		0	פיוט #13 — צלות מרקה	זעיקתך בריאן * ובריזתך עלמין : זזעיו רחמיך * זהו לעבדיך :
תשיב	12	0		0	פיוט #56 — ז עודנה על שבתה חמישה דיזמן	בפרקני * ומן רחמיך לא תשיב בעותי ריקני • ראתה *רחום וחנון ועקובתך
זברון	12	0		0	פיוט #85 — צלות שבת צמות הפסח	לבושי אבני השהם : ובו זברון ואזכרה • לברית אבינו אברהם ; דו למועדים
בנרלו	12	0		0	פיוט #109 — גלות לילה חדש הראישון רמשה	התשבחן לממן בנרלו :
נוים	12	0		0	פיוט #130 — אלעזר בן אהרן הכהן ־ דלבו באורים והתמים מנצנץ	הכהן יעמד * ולשבעה נוים לתם ולחץ :
משתרי	11	0		0	פיוט #8 — אתי בשלם	חתם לא משתרי לעלם. אהן דהוﬞה בארע מצרים. הדם מתחזי על שקוף. ואלה פסח על בתיון׃
מרילך	11	0		0	פיוט #13 — צלות מרקה	שמך רחלה • רת יקיר ונוראי : שלחיך ממלין • ובירק ארשו מרילך :
יק	9	2	יקרבנו	0.591	פיוט #15 — צלות עמרם , דרה רצון יהוה וסליחתו עליו אמן	יקרני סניה * דספספו רוח יק : ימתנו בטל רחמיך * דאלופין נטרק :
עי	8	3	הייתה	0.273	פיוט #22 — תורנים תתמר בשבתות	יה ־ יאה יום מברך ומקרש יום דבה שבת אלה שבי עי דחסל כל בריתה
שביעיה	5	6	השביעי	0.69	פיוט #23 — עורן כ ; על ואלה שמות	בטולין לאשתה יומין ועבר עלמה וכל בריתה ושבת ביומה שביעיה ועבדה
יך	11	0		0	פיוט #56 — ז עודנה על שבתה חמישה דיזמן	גל נ יך מן ישום ואמנותך מיטבה :
זד	11	0		0	פיוט #58 — מרי אטרנון בלילה ואיממה	לרעוז כי * .זד יר ¥ , וצכד ¥ . ייש־כהדכי ¥ - ודרי ¥ . הודם
השריפה	11	0		0	פיוט #65 — ופסחתי עליכם : ולא יהיה בכם נגף	השריפה : אה מן לך היכולה : ויכלותך תקיפה : אה עשה מן את בעי :
משתמר	11	0		0	פיוט #73 — צלות שבת צמות הפסח	חשבן קשט לית בו חסר * מן ימי הבריה משתמר : מן המלאכים לאבי
רמע	11	0		0	פיוט #90 — צלות שבת צמות הפסח	וימנן כבדים : נפרט מלי משה * רום המלמדים : נצלי נסגר קמי * רמע
ויצילך	11	0		0	פיוט #97 — צלות שבת צמות הפסח	יריקה : ויסר מנך כל תועבה י ותהי מנך רחוקה : ויסלח לך כל חובה * ויצילך
יצילך	11	0		0	פיוט #108 — צלות לילת חדש הראישון רטשה	ניחח אשה : בו יצילך טן זירנה י ומכל דבב וקשה : ויבד מי לך סנא * ומן
ננציר	11	0		0	פיוט #196 — ושמרת את החקה הזאת למועד מימים ימימה	ננציר לו בכל עמלי
ובשביעי	11	0		0	פיוט #203 — צלות מרעד הפסח במדינה	ובשביעי תחג לקדש בל מבון :
הסליחן	11	0		0	פיוט #250 — צלות שבעת יומי חג המצות צפרה	צבעני * וטהרני • ובענני הסליחן והרחמים טללני * וטמרני • ובמשכן השובה
סליחות	10	1		0	פיוט #657 — צלות מועד השמיני	סליחות ורחמים *
רח	9	1		0	פיוט #9 — מן מימר הבהנים והזקנים רצון יהוה עליהם אמן	טובו וחסדו עמדתי בין ידיך אדרש רח־מיך וחסדיך אימר קטיך אה אדני יז
יתנלג	10	0		0	פיוט #11 — והאזנת אל מצותיו ושמרת בל חקיו : רפא שמך	וידבר אלהים את כל הדברים האלה לאמר אנכי יהוה אלהיך : יתנלג שמך :
לש	10	0		0	פיוט #14 — בלבה אלילו	•ובשר לש עינן , נ .רסומך רחמנה £
ום	9	1	מגנ	0.283	פיוט #18 — ז צלות כהנה רבה פינחס רצון יהוה עליו	זרועו נטועיה • וכוחו נרול ועצ ום : זמרת ' ועזי שקית * בכל יום ומקום :
וכ	7	3	ודע	0.743	פיוט #20 — לעבודה • ישתבח אלהים : לית אלה אלא אחד	דריקה רלבר מנה * דעתיד לק מ כל מנויאן * וכ ן'כתיב בשירתה רבתה *
בציאתך	10	0		0	פיוט #75 — צלות שבת צמות הפסח	ויקים לך מה כתב • בקדוש ארהותך : ברוך אתה בבאך * וברוך אתה בציאתך :
ואלקטף	10	0		0	פיוט #115 — צמת ירם חדש הראישון צפרה	רחמיך במה אתקדם רמשה ובי בשם וקצי הבריח ואלקטף ברית חברון
בג	6	4		0	פיוט #147 — צלות יום חדש הראישון אז אתא בשבת	על מה יהבנן • ובו אה בג ן * וקדשנן • ואסנלנן * ועם קרע •טמנן ־ ודת מעה
אנציר	8	2		0	פיוט #161 — צ* ב שבת וראישון	אנציר לו בלבי :
גלגי	8	2		0	פיוט #502 — צלות שבת הדברים	מתנים גלגי עקבותו :
הזבוג	10	0		0	פיוט #611 — ישתבח קעימה דלא מאת	וחקת הזבוג הודיע:
למודע	8	2	להודיע	0.64	פיוט #612 — 'לשבת :	רמשמרתו למודע * בעזוב כל עבידה * וזאת אות הברית * אשר לא תכרת :
סגור	9	0		0	פיוט #13 — צלות מרקה	פני אתה ושקיח • למן רבעי לך מקשט : פשר לכל סגור י רבעי לך
זזע	9	0		0	פיוט #13 — צלות מרקה	רחמנה בתבון * באצבע לקלומה : רחטנה זזע בגלל מתנון :
רטובה	5	4		0	פיוט #14 — בלבה אלילו	שראה רטובה • שבאה דשלמה : שרי עלינן • אלהן בטובך :
תסתגד	9	0		0	פיוט #15 — צלות עמרם , דרה רצון יהוה וסליחתו עליו אמן	תשתבח תתרבי ־ תתרומם לעלם : תתיקר תתברך * תסתגד לעלם :
רקרא	9	0		0	פיוט #16 — לכהנה רבה עמרם דרה רצון יהוה עליו	קראה רקרא • לא יהי לך אלהין : קרא טר ית י יום שבתה לקדושה :
נה	6	3	לעדה	0.399	פיוט #16 — לכהנה רבה עמרם דרה רצון יהוה עליו	סהדות נביות משה • מן יבטל נה : סהדה *אלה • וטף ידגלנה :
להרנריזים	9	0		0	פיוט #22 — תורנים תתמר בשבתות	עלמה כר ייתי רו נגד 'עמה שלמה • וגלי לרחותה י ומרכי להרנריזים
זעיק	9	0		0	פיוט #24 — עלי ואלה שמות ג* ג אלישתבח	מנשמה אהן רנשם אלה כלה • אלאן קהל ישראל רו זעיק בר ועבר
סליחתה	6	3	הסליחה	0.746	פיוט #31 — עורן כן על מועדיה וראשי ירחיה	ז תרח סליחתה דכתיב לנבה פתיח לאלין דשנין בסריחתון יפיסן וינחמן
עו	4	5		0	פיוט #56 — ז עודנה על שבתה חמישה דיזמן	עבדיך י מנזף אי מחבלי מן טובך וסיעדיך ׳ אה תקיף רביאנך דרמין עו ב דיך •
וינציר	9	0		0	פיוט #186 — צלות מועד הפסח במדינה	נדל לאלהינו האמת : עבד על כל שמעיו יצית : וישבח בלב יפת : וינציר
קמיבון	9	0		0	פיוט #283 — צלות שבת מועד חג המצות	לקדש טברינו : ועל חסול זה ניטר * קמיבון בארכנו : ברוך אתה בחסדך •
וט	8	1		0	פיוט #291 — צלות שבת מועך חג המצות	השם : ועבר בין צבאות • הקדש והוה מי יום וט • לילה צעם : וקבל תרי
קשיטותה	9	0		0	פיוט #311 — דכור מן מימר עבד אלה בן שלמה ירחמו יהוה	ותקשט ותתקשט * וזאת קשיטותה : תוריעך בעודני י עדני אנשמותה :
סופיר	9	0		0	פיוט #330 — לית לעורן בה נמי	במעשיו עם האיש הזוכיר : וחדות עלמה קמת * לנו מן זה במה סופיר : עד
צו	9	0		0	פיוט #466 — וחתמת מימרי לוכון * תנים יומה מאה שתה	יתהלל אלהים ואתי ל צו כי בשם
גליגאתו	9	0		0	פיוט #558 — צלות מועך חג הקציר במדינה	משתעבדים * זזעיו רב וקשה : וכל מנון יתן גליגאתו * ויררש בטהרות
דגעזו	0	9	העולמ	0.428	מימר מרקה I:4 (ספר פליהתה)	…סלקה לידי בתנחו דלה תלתה פס » ק « ולין רברבים ביד יתון טביה דגעזו…
יסתגד	8	0		0	פיוט #6 — צלות מרקה — עבודה דעלמה אלהים יסתגד	עבודה דעלמה • אלהים יסתגד : אלהון דזכאי • ומרון דתאביה :
זאן	8	0		0	פיוט #6 — צלות מרקה — עבודה דעלמה אלהים יסתגד	כל פממין שתיקין • ומללין את זאן : כל פם דבה ממלל • יכרז לך תשבחן :
סבילה	8	0		0	פיוט #13 — צלות מרקה	ימינך סבילה * בל רלעל ולרע : ימיך לאבהתן • לית שבק לבניין :
מש	5	3	שכנ	0.334	פיוט #15 — צלות עמרם , דרה רצון יהוה וסליחתו עליו אמן	מש
בק	6	2		0	פיוט #18 — ז צלות כהנה רבה פינחס רצון יהוה עליו	ז נצבע לה בכסי בק דמה דידבקנן * אלהה דאברהם ויצחק ויעקב * שמע
חו	8	0		0	פיוט #20 — לעבודה • ישתבח אלהים : לית אלה אלא אחד	אתהו יקירה חילה רכסי מכלה * וכל רכסי וגלי לא עמי לך * מן ישום חו
באנצירו	6	2		0	פיוט #20 — לעבודה • ישתבח אלהים : לית אלה אלא אחד	באנצירו • רו מתעיני מכל מנוי * ווילון אלין דכפרין בה * ובעין רחצונה
שוטיה	8	0		0	פיוט #31 — עורן כן על מועדיה וראשי ירחיה	שוטיה ־ וברה דיוכבד טררם ׳לגבה ולא מנכי לעלם נימר:
בח	8	0		0	פיוט #46 — בשבת הרבעי	נקר ארצתה ונש בח ונאמר מלנו לח צה רבה כי נפושד . קריב ואתה
קרוש	8	0		0	פיוט #60 — ישתבח אלהים לית אלה אלא אחד	גלא יהוה קרוש • זה יום השבת ומשמרו * על יד אדונן משה • בתור ה'ספרו :
הקרושה	8	0		0	פיוט #63 — *עורן כן מן מימר מרקה : עליו הרצון אמן	פם אחד אימנותי בך יהוה : ובמשה עבדך ובתורה הקרושה ובהרנריזים בית
יציל	8	0		0	פיוט #64 — תפלה * , אלתפלה ג *-גו אבישע	רמי לנו בלעדי : טובך לו נשאל : יחח לתלתותן : ומן עקתה יציל : אה קרוב
הושיע	8	0		0	פיוט #64 — תפלה * , אלתפלה ג *-גו אבישע	ישוענו אתה : הושיע וצדק והשקף : עלינו מן השמים : ומן המטר הוסף :
נסתכל	6	2	נתבוננ	0.424	פיוט #64 — תפלה * , אלתפלה ג *-גו אבישע	על פתח רחמיך נעמד : ואליך נפרש היד : נסתכל ישועתך : אה ים הטוב
ןכ	8	0		0	פיוט #74 — לית בבל יוטיה : וטרקה אתהו עבורן * ישתבח	כימי השמים על הארץ • עוד כימי אבות ובנים ןכ ל ימי דורות וחליפותם •
בשטח	8	0		0	פיוט #78 — צלות שבת צמות הפסח	אהרן לקראתו • בשטח ובחסד : שא עיניו מרחק * עמה נור מכבר : כסה נור
עג	8	0		0	פיוט #90 — צלות שבת צמות הפסח	בידים * עג * יוס השבח מרבי שמורי קרסו מ
אלהיבם	8	0		0	פיוט #93 — צלות שבת צמות הפסח	אלהיבם * ■קסי ה * •יעל מ ׳ ,ול • סם ' י .לחזותו *
וע	5	3	ועד	0.671	פיוט #109 — גלות לילה חדש הראישון רמשה	בבר וע
גלוג	8	0		0	פיוט #139 — צלות יום הדש הראישון אן אתא בשבת	גלוג עלמה המדע * גלו נ מור נצנץ • על מן אתנלג בו • ובפאתיו* אתפרק :
בחדבו	8	0		0	פיוט #140 — צלות יום חדש הראישון אן אתא בשבת	וינד משה לאהרן • דבר מרן בחדבו : ויעש האותות * לעיני העם כמה
ועקובתה	8	0		0	פיוט #167 — צלות השבת השני דמן חדש הראישוץ	קהלו רבזה הכנוש • וירבי זרע עמו מן מתי מעט לאלפים ן ועקובתה לבל
בחדבן	8	0		0	פיוט #186 — צלות מועד הפסח במדינה	בתר מיכל קרבן : בחצי הליל בחדבן : זה זכרון טבן : אמת קרבניו
אצטמד	8	0		0	פיוט #269 — צלות שבת מועד חג המצות	מה טבו מן מועד : דבו כל איקר אצטמד : עם הטוב והחסד : וככן בו
קביר	2	6	נקבר	0.57	פיוט #301 — צלות שבת מועד חג המצות	סגד לו ובנו עליו אתעקד : ויעקב אתא לו וירר נדר כבד : ויוסף קביר
סדיר	5	3	ישראל	0.382	פיוט #330 — לית לעורן בה נמי	נזיר : ומחר פתח המספר ־ תספרו ותהיה סדיר : במקום הקרש * אה שמעיו
ויוסיף	8	0		0	פיוט #374 — צלות השבת השני דמץ שבע השבתות	אלהי יעקב נרורה * אשר דמך באתרה : יותירך מן איקרה • ויוסיף
שביק	2	6	עתיד	0.739	פיוט #413 — צלות השבת הששי	שפח הים שביק : ואהרן וחור • כל אחד ביד משה דביק : ויצעקו עם משה י
אתילף	2	6	למד	0.6	פיוט #444 — צלות לילה מקרתה	קשטה אתילף : ובאשת אדניו נאץ * רמה בטובה לו הניף : ויוסף הו השליט
תננב	8	0		0	פיוט #448 — היא שבה אשבתה י וששת ימים תעבר	לא תנאף תרצח : לא תננב דבר • לא תענה ברעך ער שקר : ודלרעך
שופטים	8	0		0	פיוט #477 — צלות לילה מקרתה	עמל ירצי בתורו תה ן ולא לנו שופטים ארבונים מקליטים ברדפותה : ולא
מע	2	6	לשמוע	0.192	פיוט #485 — צלות לילה מקרתה	הו משה דמע השבטים ; דסלק אל סור בד יל מש מע ק ול ש ופר
ישתיר	7	1		0	פיוט #601 — שבן * מן סדר בוראי עלמה	ולא ישתיר אנש בעלם * מן סדר מין אדם: וראה למן אתקדם * איך
מתודע	7	1		0	פיוט #613 — תת עורן לתת	ובתר כן יימר חבתה ויצחק בא במדבר תרגום ברנן מתודע:‎
וש	8	0		0	פיוט #615 — לאחי חתנה מן מימר אב ‏ הדנפי	à ‏ וש
הכפירות	8	0		0	פיוט #727 — צלות שבת מועד חג הסכות	סגילות הכפירות בהם * מן פינחס ועד אנה : טובי מי יבז כפירותון *
העשור	8	0		0	פיוט #738 — ישתבח שמו הקדוש * דרבותו עצומה	אשמה: יום העשור מן שביע * לו עשרה דמות עצומה: אשרי אשרי *
תך	5	2		0	פיוט #13 — צלות מרקה	זזעיו * תשבח תך • אסו לחיינן : זרוז רחואתך • מסקופי לגויאתן :
בעלטה	7	0		0	פיוט #13 — צלות מרקה	תאן בעלטה * אלהו ד. ך דילך : אי הא ; משקחה * *סגדה בותך :
יח	7	0		0	פיוט #23 — עורן כ ; על ואלה שמות	חיול הוא חילה רכן ארכן מנשמה *איך דאתי גס ן דוש בנלל רינשמו; יח
להמריזים	7	0		0	פיוט #29 — אמנות השבתות והמועךים	יחון מכונים להמריזים תלתה מהרים נפקו לזימונון חשך ענן וערפל ואלה אש
רה	3	4	ישראל	0.676	פיוט #73 — צלות שבת צמות הפסח	וארנים ששה עשרה י ושמנים לארבעים מאזכרה : וארבע לפרכת אמס רה *
רשלח	7	0		0	פיוט #80 — צלות שבת צמות הפסח	מזות הוא האלהים י רשלח משר , אישו : יהוה הוא האלהים י ראושט על ירו
ובקרוש	7	0		0	פיוט #85 — צלות שבת צמות הפסח	לחתנו אלכה : ובקרוש שמו אל תקף * מלוך רומה ומכה :
ואנציר	7	0		0	פיוט #94 — צלות שבת צמות הפסח	ראתה ״ מקלט המסכנים : רוח לנו עתה • ורבי לנו המתנים : ואנציר יציר
זירנה	7	0		0	פיוט #108 — צלות לילת חדש הראישון רטשה	ניחח אשה : בו יצילך טן זירנה י ומכל דבב וקשה : ויבד מי לך סנא * ומן
בהרנריזים	7	0		0	פיוט #110 — צלות לילה חדש הראישוץ רמשה	אחרית בשמעך • ועמך בהרנריזים יזדרמו : ותזבחו זביח צדק ויפסח * עליבון
צריק	7	0		0	פיוט #142 — עשר יום לחרש : בי ; הערבים פסח ליהוד	: רנלא נלנאי עשות יבלותו * על יר שליח צריק נומיק נשיא נשיאי כל
זז	7	0		0	פיוט #147 — צלות יום חדש הראישון אז אתא בשבת	חלתה זכאהי * וזרעון עבראי * וקדוש שם יי הי ו ־ זז י יכולה ריאנה :
שמיר	7	0		0	פיוט #166 — צלות השבת השני דמן חדש הראישון	הלילה הזה ליהוה שמיר • לכל בני ישראל יעשון ; תמתק ותתימב בעיניהם * ־
שמירים	7	0		0	פיוט #172 — יאכל חמץ היום : ± ואתם יוצאים בחדש האביב	־ : . ז £ הו הלילה הזה ליהוה שמירים ־ . . ש ; ץ י יעס
בזזעיו	7	0		0	פיוט #178 — אש ליל * וענן יומם	בזה הצפר הנורא • דרמי למוקר : היום רבו קרא • בזזעיו כל טבר : £
קהליבון	7	0		0	פיוט #183 — ופנית בבקר ישרו אלקטף	יומי מועדיכון : אתון וכל קהליבון : ותנים יומה נימר לוכון : לזה ולכל מועד :
מסתדר	6	1		0	פיוט #195 — ועליך מברך שבתה * והלכת ופנית משם	וכן ישמר * חיי זה הסדר * דאנה מסתדר • מן נוף עבר * עם אל ישר *
חייבון	7	0		0	פיוט #197 — צלות מועד הפסח במדינה	קהלינון * לוי ויוסף וכבן כבר : וכן ישמר חייבון * ויחן לבם זכרון ותרומה
אושיע	7	0		0	פיוט #214 — צלות מועך הפסח במדינה	ונזרי ראש מן דארשי • מה ארש ראש בו אושיע : ויאמר יהוה אל משה •
אסתדרו	6	1		0	פיוט #222 — צלות מרעד הפסח במדינה	וברד ואש אסתדרו * והארבה אכל מה הברד יתרו * וחשך אפלה על עם
רבחר	7	0		0	פיוט #224 — למשטרת ער ארבעה עשר יום לחדש הזה	יתברך ראש כל ראישון * רבחר ישראל וקרשק • דפק דק בכתב קדשו ; י
תתוקר	7	0		0	פיוט #229 — תנים יוטה מועדיכם	מכל לחץ תתפשר • ומכל אויב תתוקר י ובדקטיס תתכנש * מאה שנה
גלגיון	7	0		0	פיוט #267 — קמאה י ויחסר ישתבח	גלגיון מתפרש : מנון זה שבת מועד חג המצות * דאתפיש על יד מי
עקובאתו	7	0		0	פיוט #298 — חג המצות	נלגי עקובאתו • ררבת על מספרה : הך תהו ובהו נליגאתו * לית יוכל פתור
יררש	7	0		0	פיוט #333 — צלות שבת מועד חג המצות	קדש : קרשון גליה • הך הירח והשמש : וידיון מליה * בכל מה יררש :
קשיטותו	7	0		0	פיוט #345 — צלות מועד חג המצות בהרגריזים	על קשיטותו :
שמיע	6	1		0	פיוט #455 — צלות לילה מקרתה	פניו • שמיע זה המשמעות : יברכך אה קהלה * בחמשה הברכות : ישמרך
אדכירים	4	3		0	פיוט #593 — (ללא כותרת)	אדכירים לטב עד לעלם
מזריע	7	0		0	פיוט #611 — ישתבח קעימה דלא מאת	עשב מזריע זרע * וברקיע השמים אזרח * כוכבים מנירה * וביומה חמישה ;
ונאירה	7	0		0	פיוט #613 — תת עורן לתת	וחשובה וכתובה ונאירה * ועובדיו כשרו * וידועה ומבוננה * וחדות הלב
אשמיעך	7	0		0	פיוט #621 — ישתבח אלהים	שמע מה אשמיעך * ושים בלבבך ובפיך * מדכר משה נביאך * והשלם
הגיבה	0	7	ענה	0.813	מימר מרקה I:12a (ספר פליהתה)	…כל תועבאתה לית בי מטמי לה ובעמה ולא תהי דכהותי קבר לון לעלם הגיבה נביה רבה משה מה אתה מצמת טבין כיתך קטול בישיה ימה הך אמר מן…
הגיב	0	7	השיב	0.513	מימר מרקה I:8 (ספר פליהתה)	…שמעו מה הגיב משה נביה למרה אמת דשמע אלין מליה מן אנה אה רבי ומרה 25* דכל…
געזו	4	2	עמד	0.41	פיוט #4 — אדיק עלינן מרן	באד תקיפה ובאדרע רמה • פרקת לאבהתן מן סניון געזו ימה • וירדנה פרקת לון מכל לחץ • וארוחת לון מכל עקה • וברו דבקן מרן ולא תגזי לן גמלינן • צדקה עבד לן מרן :
משתבח	6	0		0	פיוט #4 — אדיק עלינן מרן	חיממה [?] דלית משתבח לגוה חשיך כל דמהלך לגוה • נהרה בידה ולא הו עמי • לילי דלית מתרבי לגוה • דמוכה במרטוש חיול • מעדה דשבק למודה • מגנף הוא דלא בטל :
קפיל	5	1		0	פיוט #5 — אזל שלם יום שבתה	קפיל קדשה דשבתה מן עלמה ארעה • ומסק לרומה עלאה • לאהן דקדשה מרה מן ריש • דו מתעיני בכסיאתה • ומתיקר בגליאתה • ברומה ובמכה ברטו בזבנה • אתת רבותה עורי • וטוביהון סגודיה דשוו בך אה יומה קדישה • מתנתה דאלה כלה :
רטן	6	0		0	פיוט #12 — ושבת עד יהוה אלהיך ושמעת בקולו : *יתרומם שמך	מפו ק: מרי בעמל תלתי שלמיה * וביוסף פתור חלמיה • ובמשה רטן
ובהרנריזים	6	0		0	פיוט #12 — ושבת עד יהוה אלהיך ושמעת בקולו : *יתרומם שמך	דנבייה * ובכהנים ארשי בהניה י ובתורה קדיש כתביה * ובהרנריזים גבעת
ריהבה	6	0		0	פיוט #12 — ושבת עד יהוה אלהיך ושמעת בקולו : *יתרומם שמך	עם דן ׳לקדשה ריהבה לן * ומלוזה מכל עותרה י וכללה מכל טובה •
רילך	6	0		0	פיוט #13 — צלות מרקה	אידן אימנו • קרישה הך רילך : אימנותך חיים • לסן דשזי מטר :
שקיחה	6	0		0	פיוט #16 — לכהנה רבה עמרם דרה רצון יהוה עליו	בבוראיה דברא רבותה שקיחה : ברומה ובמכה תקיפותה גליה :
סה	6	0		0	פיוט #18 — ז צלות כהנה רבה פינחס רצון יהוה עליו	פי . אל פה מלל טעה • ובוראיה סה דות : פממין קרישק * בטראה ולא
לעלטה	6	0		0	פיוט #18 — ז צלות כהנה רבה פינחס רצון יהוה עליו	ד: - טבה רטיטב לעלטה * עבד לן רתו דלא שוינן * לית לן רחצון אלא
רא	6	0		0	פיוט #22 — תורנים תתמר בשבתות	פקדין לגוי * מן פמר . רא ל הי קרם * צריכין כל בית ישראל יהון אמרין
מל	3	3		0	פיוט #28 — עורן כן על יום הכפור הקדוש על פינחס	דבעי לה קעימה • מל ל'עם מפוקיתה שופרה • כרז לית לבר מן אלה •
משתמע	5	1		0	פיוט #31 — עורן כן על מועדיה וראשי ירחיה	פם רחיים מלל ממלל חיים לדריה ממלל מן כרי רחיים משתמע דלא מתעטי
אוסיפו	6	0		0	פיוט #38 — עורן כן לונ עוד על יומי השבעות	אוסיפו וברכו את השם הנכבד והנורא * כי טוב לנו נברך * אלהינו
שראל	5	1		0	פיוט #38 — עורן כן לונ עוד על יומי השבעות	טוב עלמה דארכן חילה מתנתה לכל שראל יהונו קרין בה ועבד ין ומרבי
יצילנו	6	0		0	פיוט #40 — בלילי ואימם	בלעדיך מי לנו ממך יצילנו שמע בקולנו • וראה את ענינו :
קולותינו	6	0		0	פיוט #40 — בלילי ואימם	רחום הרתומים • ועצום העצומים • השקף מן השמים • ושמע קולותינו :
וסליחות	6	0		0	פיוט #41 — עורנה על יום הכפור	ימי הטובות והברכות • וסליחות והכפרות :
הצ	6	0		0	פיוט #43 — קטפי לילת שבתה רמשה	כן אהה וישר .ויכפר ¥ .הצל י הצ .אן ראית ׳ ״
מציק	4	2	בצרה	0.558	פיוט #56 — ז עודנה על שבתה חמישה דיזמן	פעל לא לעי בה ואניר לא מציק בה * עברה ורבה זאין במטרתה :
ןל	6	0		0	פיוט #58 — מרי אטרנון בלילה ואיממה	־ י £ במוסר ולילה ילין בתוכחות מוסר אמת ןל א יחדל טוב ממוסר האבות
שפיף	5	1		0	פיוט #64 — תפלה * , אלתפלה ג *-גו אבישע	זבאה ועד נאף : כי כלה לך צריך : מן מלך ומן שפיף : ומן חסדיך נביע :
וננציר	6	0		0	פיוט #64 — תפלה * , אלתפלה ג *-גו אבישע	־ • ק קומו בנו : עד נטהר הלבבים : וננציר יצרינו : ונצעק אל יהוד . אלהי
יס	5	1		0	פיוט #65 — ופסחתי עליכם : ולא יהיה בכם נגף	העצום : תסיר זה הנגף : ולא יס צא במקום : מבתי ישראל : ומימרך לון
תציל	6	0		0	פיוט #65 — ופסחתי עליכם : ולא יהיה בכם נגף	ובצדקתך : ובטובך לעמך כפל : הרחמים והרתו : ויכלותך לון תציל :
מב	6	0		0	פיוט #65 — ופסחתי עליכם : ולא יהיה בכם נגף	ואמתני על מב דתי * רח משה תירש אחי י וביום נקם רתותך תסבל
יצליח	6	0		0	פיוט #75 — צלות שבת צמות הפסח	אלהי יוסף בן לחל * יצליח לך כל שביל ן דלבישך מן רצונו כליל י ויעלי
הפוקיד	6	0		0	פיוט #75 — צלות שבת צמות הפסח	אלהי איתמר הפוקיד : בל דבב דלך ישמיד : ותשכב ואין מחריר : ויקרב
רברא	6	0		0	פיוט #85 — צלות שבת צמות הפסח	׳ ״ . ז לאלה רברא המראות ותידון : לאלה רצמת בין משה ואהרן : לאלה
הה	6	0		0	פיוט #92 — הנכבד ויתמר ישתבח *לאדונן אבישע	ועל אחר ההורה יחסר הורה נברך 'הה * *׳ רההלל * ל .בטס ך ז *
יניד	6	0		0	פיוט #93 — צלות שבת צמות הפסח	לא מתמאנים : גד מאשר יניד * לעת זבח הקרבנים : בשטח מתנזר מאפיר י
יט	6	0		0	פיוט #94 — צלות שבת צמות הפסח	אליך * ואתם לה טמונים : ואני ירא ממה עמי יט ן מריך וערפך רמשנים :
מם	6	0		0	פיוט #97 — צלות שבת צמות הפסח	מן מם כינים * בעים מנך צדקה :
ירושי	6	0		0	פיוט #108 — צלות לילת חדש הראישון רטשה	סקפנה • ואו״ ן אבו תיכון *תונו ירושי : ויחדש לך כל שרכנה * וכל שמח
רהציל	6	0		0	פיוט #110 — צלות לילה חדש הראישוץ רמשה	דשם עמו לו קרישים : י ה ה רהציל לון מתחת יד קרישים : י ח ה
סנולה	6	0		0	פיוט #141 — התקה * הזאת למועדה	ירבו לך פלא : ושלם עליך ישראל • אשד לך השלם סנולה : תחחני
במודע	6	0		0	פיוט #144 — צלית ידם חדש הר אישון אן אתא בשבת	מרע • עד ידע • במודע * לסורע ־ אן תדע • בדעות הקרש :
וידיק	6	0		0	פיוט #147 — צלות יום חדש הראישון אז אתא בשבת	הצדיק • ודם קרבנה תאריק * ואלה ישקף וידיק • עליכון ממעונה :
אסנלך	6	0		0	פיוט #158 — צלות השבת הראש דמן חדש הראישון	ועל חתמת ' אשרך ישראל ולך הטוב : במה אסנלך מרך האל היצוב : טב
ותשתמר	6	0		0	פיוט #166 — צלות השבת השני דמן חדש הראישון	מן רב טובות מתנו : ותשתמר חייכון * ובטח בדד תשכנו : ותעבר עליך
הטימר	6	0		0	פיוט #190 — צלות מועך הפסח במדינה	זה הטימר * ונימר בשפתינו : ברוך אתה בחסדך * ברחמיך עני שיאלינו : ברוך
קשור	6	0		0	פיוט #220 — צלות מועד הפסח במדינה	סובא זה לנו זה * וזה קשור בזה * לא יצא זה מזה י וזה לזה סביב ;
כנוע	6	0		0	פיוט #268 — צלות שבת מועך חג המצות	טובינו הא סובינו : הן נעמד פני יהוד , אלהיט : ונימר בלב *'נציר כנוע
ישביר	6	0		0	פיוט #298 — חג המצות	וסלק ורנן בגו תיבותו • וקצר ית קצירה : ושמו באוצר הפם והלב • ער ישביר
בקשיטות	6	0		0	פיוט #299 — צלות שבת מועד חג המצות	היצר נראה * בטב מראותי : זה היתוב ויהי • בקשיטות מדעות ' : הוה לון
יניבו	6	0		0	פיוט #299 — צלות שבת מועד חג המצות	הרם * אל מרוח ורתי : בי גוי נאה סוס ורכבו רמה בים * ונל ישראל יניבו
אמסיר	1	5	עצמו	0.212	פיוט #330 — לית לעורן בה נמי	דבל מהם אמסיר : לדרגתה רבתה * ויקבאע ויעביר : לפניו מה אתעשה ׳
זכיר	6	0		0	פיוט #412 — חילה רמה ויקירה וטרקה אלהים רחטנה * £ וישתבח	את אשר ' עשה לך עמלק תמית את זכיר עמלק והשתח תו
צמיתיה	6	0		0	פיוט #422 — ישתבח עשה תמחיר .	צמיתיה :
יצטמתו	6	0		0	פיוט #451 — צלות לילת מקרתה	לברים ; סדר ישראל בערב יצטמתו * מן כהנים ושמרים : כל איש וביתו *
קשיטים	6	0		0	פיוט #534 — ונלביש בגד עורן בחר ימ ה יצרנו ברתמים	פני מן קרא שמו רחום וחנון ארך * אפים וכל דרכיו קשיטים :
יסתיר	6	0		0	פיוט #623 — ישתבח מרן קמאה	נוראותו הנדלה * הך מעונה דתלי: ומן יסתיר שמשה * ‏ ברקיעה תעלי:
משתמרה	6	0		0	פיוט #640 — צלות מועד חשמיני	הנבי * הרבי * נשיא בית לוי * אשר לן הביא: תורה * תדירה * משתמרה *
צרק	6	0		0	פיוט #657 — צלות מועד השמיני	נשאלו במה צרק *
שמירות	6	0		0	פיוט #720 — צלות ‏ מועד חג הסכות	שמירות קהלי * סגולי כל עמה: דעשו עמנו הטוב * בזאת השמח : דודבג
תלחט	4	2	האש	0.207	פיוט #786 — צלות ‏ הכפור	ועמרה אוקדותה : תוכל ‏ ויבולה * עד לא יצמח בה צמחותה : תלחט
סוכיל	5	1		0	פיוט #878 — צלות ‏ הכפור	ומלחמות * מיד רשע סוכיל :
פותיר	6	0		0	פיוט #907 — צלות יום הכפור	צריק מתרז * אן תדר זה לו פותיר: צי חיי שרה * עת אתיליד
דעקיב	6	0		0	פיוט #1090 — צלות מועד חדש השביעי צפרה	מתרברבי: דו רביעי מן שביעי * דעקיב שמו חדש השביעי: מועד כלו
מגלג	0	6	עליו	0.791	מימר מרקה I:75 (ספר פליהתה)	…מלכה לבושה דחרותה דעביד לך רבו רבה בחייך ובמותך בחייך הויך מגלג בשלם דסגדו לך בניה דנשיה ובתר מותך את מגלג סגי מכן דאת מקלס…
סדירין	0	6	ערוכימ	0.715	מימר מרקה I:67 (ספר פליהתה)	…יה עתידין מיתי לביספרון ואזלו ועבדו בני ישראל כוכביה דאברהם סדירין ברקיע ואזלו ועבדו בני ישראל עללתה דיצחק גדישה בגרנה ואזלו ו…
יוטיה	5	0		0	פיוט #9 — מן מימר הבהנים והזקנים רצון יהוה עליהם אמן	אה מרן בבסיאתת וגליאתה ישתבח * אלחנן ואלה אבהח ן'בבל יוטיה ישתבח •
סריחתן	5	0		0	פיוט #12 — ושבת עד יהוה אלהיך ושמעת בקולו : *יתרומם שמך	בהלן חיבין קרמיך * ואתה חמם סריחתן * ואלית דבק לן ומנוי דידבק
סנודיך	5	0		0	פיוט #13 — צלות מרקה	סנודיך :
פליאתך	5	0		0	פיוט #13 — צלות מרקה	סני הו טובך י יסניאן רחמיך : סגיאן אנין * פליאתך תשתבח :
זזעת	5	0		0	פיוט #13 — צלות מרקה	זוענה שמעין־' לך • ולא בלום תאר לך : זזעת שלטנך • ממלל רחמיך :
אזדזע	4	1		0	פיוט #13 — צלות מרקה	זבנה דקרא שמה * אזדזע עלמה : זבנה דקרא ואמר • לא יהי לך אלהין :
נל	5	0		0	פיוט #15 — צלות עמרם , דרה רצון יהוה וסליחתו עליו אמן	בוראין חדתין י עברת מן עדן : בדיל תודיע דאתה • קמאי נל אמ ן עדן :
אר	3	2	רבה	0.485	פיוט #15 — צלות עמרם , דרה רצון יהוה וסליחתו עליו אמן	אלית דבק לן • ורתי לשפ יפו חן : אר . מלכה רחמנה י מנו דידבק יתן :
בש	5	0		0	פיוט #18 — ז צלות כהנה רבה פינחס רצון יהוה עליו	ברא בוראיה * בש תת ' יומיה : בוראין תקיפין • בעסרתי מליה :
נרול	5	0		0	פיוט #18 — ז צלות כהנה רבה פינחס רצון יהוה עליו	זרועו נטועיה • וכוחו נרול ועצ ום : זמרת ' ועזי שקית * בכל יום ומקום :
טה	3	2		0	פיוט #18 — ז צלות כהנה רבה פינחס רצון יהוה עליו	עובדך טוב מאד ־ ואת תהי הך טה די ויך : עשה חסר לאלפים * לדורות
וו	2	3	גדולת	0.364	פיוט #19 — ישתבח אלהים : לית אלה אלא אחד	האן דאחון קעמין בחלקה רצפרה * ועמין לאורה ' סלק ומניר על כל וו
ראלהים	5	0		0	פיוט #22 — תורנים תתמר בשבתות	עבריו* ראלהים לא אתשקח בבל אמיה לאוי לרן טובה אלא הוא *על בן לאוי
מגיח	1	4	ואני	0.644	פיוט #22 — תורנים תתמר בשבתות	בית אל • ותלי מזה מן ישראל * ואלה יהב לה נצחן רב מגיח בה לכל
סך	5	0		0	פיוט #26 — על מועדיה וראשי יר חיה	סך לה והוא מקבל מנון ומפתח לון אוצר שומיה • ומשפע מתמן ברכן * ומפיס
חטאותינו	5	0		0	פיוט #28 — עורן כן על יום הכפור הקדוש על פינחס	ואל רשענו ואל חטאותינו • ואנחנו הרשעים והחטאים פני גדלך ואתה נ יחוה
קטיר	3	2		0	פיוט #28 — עורן כן על יום הכפור הקדוש על פינחס	יזלעון כל זלעוין מן חכמתה ולא יסכמון דו קטיר לתהו ובהו :
עשיר	5	0		0	פיוט #58 — מרי אטרנון בלילה ואיממה	ומחיא כל הנפשות מחסדו עשיר מכלכל עושר מלפניו ולו לא יעשיר וכל טוב
וישתחוי	5	0		0	פיוט #62 — ונקרא • ומכל מלאכה נשבת	על שלישים ועל רביעים וימהר משה ויקד ארצה וישתחוי : ויאמר אם נא
הושיעני	5	0		0	פיוט #65 — ופסחתי עליכם : ולא יהיה בכם נגף	הושיעני י ולאנש כותי לא תצרנני * ומכל צוקה וקצף שמרני * ומכל מחץ
הג	5	0		0	פיוט #72 — וילבש מן הפרקן בליל	*מ חגח לע לם יה וה הג דול האחר * . סג ־ י נקי א, ־
סג	5	0		0	פיוט #72 — וילבש מן הפרקן בליל	*מ חגח לע לם יה וה הג דול האחר * . סג ־ י נקי א, ־
החקר	5	0		0	פיוט #73 — צלות שבת צמות הפסח	ז וזאת החקר . ממנה * שני פעמים בשנה* : תתעבר בזבנה י כמה צוה אל אמונה :
מתקשר	5	0		0	פיוט #96 — צלות שבת צמות הפסח	קרוב לפניך מתקשר על שובתך : אן שבת ושמעת ועשית מה עליך
הרחוק	4	1		0	פיוט #104 — צלות לילת חדש הראישון רמשה	ח ייכון : ובל שנה ואתם בטוב * וסדר קהליכון ; הרחוק והקרוב י בכל אתריכון
וגבירי	5	0		0	פיוט #109 — גלות לילה חדש הראישון רמשה	ב . עליו עור שבחו מן מימר אדוני וגבירי ומצנפת ראשי בעל המדע והחכמה
והסנודות	5	0		0	פיוט #113 — צלוה לילת חדש הראישון רמשה	עליכן ויתמר אתהו דבריך עלמה כלה והסנודות שלשה :
השביר	5	0		0	פיוט #129 — צלות יום חדש הראישון אן אתא בשבת	אלהי מן בגדיו באהב מרו אפשיט • ולכל הארצות השביר ועביט • ויוסף הוא
הסגורים	5	0		0	פיוט #132 — צלות יום הדש הראישון אן אתא בשבת	ם:יו וקרא יהרה י הוה אל רחום והנון הלח לעמך ישראל הסגורים להרנריויס אמר סריה יהוזץ *
זידני	5	0		0	פיוט #139 — צלות יום הדש הראישון אן אתא בשבת	זידני : מאז מה דברו י מרה במדבר סיני : ויקרא אליו אלהים * מתוך
יוקרך	5	0		0	פיוט #159 — תשתבח ותתחסל הצלות בטוב	אלהי אברהם ישמרך * ובבריתו יסמבך : אלתי יצחק יוקרך • ובדרכיו
עה	5	0		0	פיוט #159 — תשתבח ותתחסל הצלות בטוב	■ציא עה ־ £ ג יב ' אי: ה ד אצגי אכאן * *
רחוק	5	0		0	פיוט #164 — ופסחתי עליכם : ולא יהיה בכם ננף	ודבבון רחוק מזה : והשבתות והמועדים דבר ׳ קעמרי * טלבשיף זה לזה :
חשיב	5	0		0	פיוט #206 — צלות מועד הפסח במדינה	ביום ציאחך פניך כתיב * מחידע ביד צדיק חשיב * בחשבן על זבנים סביב *
אוסיף	5	0		0	פיוט #211 — צלות מועך הפסח במדינה	אוסיף • בי אם דק המצור : אשר יבא עליך • רך כל במר : באדם
משתמרים	5	0		0	פיוט #214 — צלות מועך הפסח במדינה	יהיו משתמרים : י •
שנבים	5	0		0	פיוט #215 — צלות מועך הפסח במדינה	* ״ והו משנב בארבע שנבים * שמרים ונוים עבים * ויהודהים וערלים נציבים *
בזברון	5	0		0	פיוט #217 — ויקבלבם וירחטכם ומועד מברך עליכם	שלום יהוה עליו בכל הימים : כי בזברון יהוה ומכרון משה התמים : יבוא
נמיל	5	0		0	פיוט #225 — צלות מועך הפסח במדינה	אשירו בלב נמיל לשם אלה ים הנדיל אשר הציל ישראל על יד
הש	5	0		0	פיוט #227 — מועדה יקירה	נוי נ הש ם רדף :
מסתדרים	5	0		0	פיוט #234 — השביעי תשבת	תנים יומה אה שמרים י דבדן אתרה מסתדרים י אגיב בנציר יצרים * '* •
סס	5	0		0	פיוט #237 — צלות שבעת יומי חג המצות רמשה	׳ סס . ז ישים לך תקומה * ויתגבר על מן עליך מתגברים : ותעשה מועדיך בשמח *
וסליחן	5	0		0	פיוט #252 — צלות שבעת יומי הג המצות צפרה	פרקי ברב רחמיך * ושובה וסליחן ודר * :
בע	4	1		0	פיוט #259 — צלות שבעת עמי חג המצות צפרה	מזצרה * בלוחות ביד אלה 'מדכים : ההר הרי וא בע בר היר דן
יופעו	5	0		0	פיוט #260 — צלות שבעת יומי חג המצות צפרה	המשכן יופעו • ומן הנסתר לו יפיק : ובהרנריזים הזה כמשפט הראישון
זידן	4	1		0	פיוט #260 — צלות שבעת יומי חג המצות צפרה	אתחשבתי בכוחך אדני • על בל זידן פרעי : ועל הפיכות עדני • ועל
גבירי	5	0		0	פיוט #270 — צלות שבת מועד חג המצות	וכד אחוריך מימרי • קמיכון אה סדרי : בחייכון אה גבירי * אפשטו עדרי :
ויוקרך	5	0		0	פיוט #291 — צלות שבת מועך חג המצות	ולא ישוב שיאלך ריקם * ורמתך תתני : ובבטח תשכב ותשבם י ויוקרך
משכניבון	5	0		0	פיוט #293 — ופסחתי עליכם	תמן השקפת • וכלי קדש משכניבון : וישיב יהוה מן ברכת • זה מכתב אבישע
תמטיר	5	0		0	פיוט #304 — צלות שבת מועך חג המצות	מן לו אתר : ילך לידה בטוב * ועינינו תמטיר מטר : דמעות על הלכותוף :
ינידו	5	0		0	פיוט #348 — סדר דבבותו	ככן והן מה עבר • יסתירו ולא ינידו :
בחידות	4	1		0	פיוט #377 — צלות השבת השני דמן שבע השבתות	במראה ולא בחידות :
יוסיף	5	0		0	פיוט #382 — צלות השבת השלישי	אלהי יעקב זכאר - * בגדלו יעמרך : אלהי יוסף מלכה * יוסיף את איקרך :
רביע	5	0		0	פיוט #397 — צלות השבת הרביעי	רבי : מנון זה השבת דבו המטיר עליון המן מזון לבבי : דו רביע מן שביע :
גע	5	0		0	פיוט #401 — ובו שבת וינפש	מן ימטי ל • מי ני גע ו השני ־* ט • י • כ *
מתוקר	5	0		0	פיוט #479 — הכהן שלמה ב ; טביה בשכם	באחרת מנשמה • ובעלטה מתוקר : יוכילך על משמר • כי הרצון לך יעזר :
חזיק	5	0		0	פיוט #508 — צלות שבת הדברים	צפרה בר אורה ־ ואשתמע קלה דשופרה : רהוה חזיק עד מותר • קהלה
מצ	3	2		0	פיוט #536 — ולית יכולה על המעזרלכותו *אלא מן מימרך נהי מקליטים	חקות מרן מצ תו ותורותו * ותקים לן שוטרים ושופטים ;
עס	5	0		0	פיוט #545 — צלות מועד חג הקציר צפרה	עלמה ז ** ■■ , עס ־ •*■ ׳ ■ * אל נבע
שבירים	5	0		0	פיוט #582 — צלות שבת צמות הסכות	שבירים : ומשם משה בן עמרם * דמע הספרים : ישמע קלין רצבעתכון י
נתגלג	5	0		0	פיוט #593 — (ללא כותרת)	נתגלג עורי בדברן
ינציר	5	0		0	פיוט #610 — עורן כן	אחד קרם פרד * בדר נכבד כבד: ‏ אפים ורב חסר * למי ינציר
הצריק	5	0		0	פיוט #615 — לאחי חתנה מן מימר אב ‏ הדנפי	הצריק * ובן עמרם הכני;
בגליגות	5	0		0	פיוט #623 — ישתבח מרן קמאה	ושרא : בגליגות מתמחים * רביאני בזה אתקרא: היום נהרי מופעים *
גליגות	5	0		0	פיוט #625 — עורן כן פריסה לילידה לסעד אלה יסלח לו יהוה	ואנלג לשני * בדכרן זאת גליגותה: גליגות בן עמרם * מאורה דנביותה:
וק	3	2	צורכ	0.249	פיוט #639 — מימר: מי יהוה אפרשו	מפֿוק: מרן יקבל צלואתכון * מי אנה אתכנשו: ויעני בעואתכון * ומן
גצ	5	0		0	פיוט #646 — צלות מועד השמיני	גצ יתמר מן אתהו דבריך עלמה , ₪ ‏
תתודע	4	1		0	פיוט #882 — צלות ‏ הכפור	במעשיו התמימים * רבותו תתודע: אחד במה עשה * ואחד לוה לא ידע :
אודע	2	3	אליה	0.594	פיוט #896 — צלות יום הכפור	‏ חשך אפילא * שלשת ימים אודע : לא ראו איש את אחיו * ואיש
אשתזי	5	0		0	פיוט #910 — צלות ‏ הכפור	ובין החל * ובין הטמא לטהרת : ומה אשתזי בכתבו * ממה 'כתיב וצמת :
כפירותו	5	0		0	פיוט #969 — צלות יום הכפור	‏ מצא בעיני יהוה חן : תתפרש בקבול כפירותו * וענגי הפליחות
חסילה	0	5	אינ	0.269	מימר מרקה I:69 (ספר פליהתה)	…דחם עביד בפרי יביש ואדגן דשם עביד בפרי רטיב מלכותה דחם תמן חסילה ומלכותה דשם תמן משריאה הלא לית בית דלית תמן מית בכירין קטיל…
עקובתך	4	0		0	פיוט #4 — אדיק עלינן מרן	שמך רחמן ורתאי • לא תשלח עקובתך מנן • דחייה ערטלאין ואלית דכסי לון בטובך • כיון אבדין הך עטף • דאנון הך עסב רכיך • וקדומן דחוביה תקיף :
קו	3	1		0	פיוט #8 — אתי בשלם	טרו דכרנה דמסרכון. לא תתנשון יתה לילה. דנפﬞקו כל חילי יהוה. מן ארע מצרים ביד רמה׃
ושופט	4	0		0	פיוט #9 — מן מימר הבהנים והזקנים רצון יהוה עליהם אמן	ושופט יום נקם אשר ירד גרלו על הר סיני וקרא שמו רחום וחנו ; אין
ונשתחוי	4	0		0	פיוט #10 — ב מימריו ן	אליך נצעק י אלהיט לך נרומם * אלהיט לך טדי ונשתחוי * אהיה אשר
יסתנד	4	0		0	פיוט #13 — צלות מרקה	עבודה דעלמה * אלהים יסתנד : אלהון דזכאי * ומרון דתאביה :
זרוז	3	1		0	פיוט #13 — צלות מרקה	זזעיו * תשבח תך • אסו לחיינן : זרוז רחואתך • מסקופי לגויאתן :
תא	3	1		0	פיוט #13 — צלות מרקה	דיאנה דראן * דלא נסב אפים : *מהי מרברץ שמך * ולא בלום תא רלך :
ניעל	3	1		0	פיוט #17 — ים רחמיה רנלליו משפעין : יומיה ולילואתה חייה לחייה	תרח דברכן ורתואן עברה : עד ניעל בה בקדוש ונסגר מן יהובה :
חדור	4	0		0	פיוט #18 — ז צלות כהנה רבה פינחס רצון יהוה עליו	טלל בענני רחמיה * ׳עם חדור שעיה : טבאתך יתרו י בכל עדניה :
טבאתך	4	0		0	פיוט #18 — ז צלות כהנה רבה פינחס רצון יהוה עליו	טלל בענני רחמיה * ׳עם חדור שעיה : טבאתך יתרו י בכל עדניה :
זא	4	0		0	פיוט #18 — ז צלות כהנה רבה פינחס רצון יהוה עליו	זעקין אנן לך י דאתה רחמן ויתאי : זא; נפשאתן * מן טבאתך רבתה :
תש	2	2	ועשה	0.696	פיוט #18 — ז צלות כהנה רבה פינחס רצון יהוה עליו	לון * וטובך מספק לון • פוברו בני רחמיך • מתקנין טמא תה על תש
נאירה	4	0		0	פיוט #19 — ישתבח אלהים : לית אלה אלא אחד	עלמה ־ לפם דו כחו בהלכון ואמרו י ישתבח נאירה דאלק לעלמה בוצין
ריהב	4	0		0	פיוט #22 — תורנים תתמר בשבתות	עלמה * יתרבי חילה ריהב לן אהן יוטה • וברכה וקדשה ואפרשה וחילה
קביע	4	0		0	פיוט #23 — עורן כ ; על ואלה שמות	תהום קביע ביר אלה • משה אתימן מנלנה * *ועבד אלג כל מינה דארם י
רנפק	4	0		0	פיוט #25 — עורן בן על אלה הדברים	מנדנד • ווילה רנפק מנת לבר פרדיסה מטר פרנסיו יכ ל חילן ד לנוה
רקבלה	4	0		0	פיוט #28 — עורן כן על יום הכפור הקדוש על פינחס	ראם וסלק * טור סיני דחל וארתת • מן אימתה דעבודה • אמת רקבלה •
ראתקרי	4	0		0	פיוט #30 — ויתמר על השבת הראש מן החדש בכל זבן	אה כנשה ייה שומיה ראתקרי כתבה לנוח כלול כנשתה נהר וכל ייתוביה
אזחע	4	0		0	פיוט #31 — עורן כן על מועדיה וראשי ירחיה	כבודה אזחע זנחת טור סיני ׳ ארתת מנה שופרה אשמע קמיו • קלין
געז	1	3	יעשו	0.599	פיוט #38 — עורן כן לונ עוד על יומי השבעות	גלנים אתעבר נמה אמת אשחוי מקבלאתה געז בעיני קעיטיה ואתכסה
עוברי	4	0		0	פיוט #39 — רראה עורן	טובך רבה רבק למן עברך אפך אפיו עוברי בישין קרמיך סוברי הך די
נורש	4	0		0	פיוט #40 — בלילי ואימם	נבכי כי לא קדש י ולא מחתות בהן אש * ובכל זה נורש י במעשה ידינו :
נפילים	3	1		0	פיוט #41 — עורנה על יום הכפור	חטאינו .ונכלמנו .נפילים * , .מיעונו והצ עי,ום
רבד	4	0		0	פיוט #55 — באיסטרי עלמה ברעו יומה דשבתה נלא אימנותה	סן . £ דאת רחמן דאת רחמן תשבח תה לשמך רבד . ונצחוה לית אלה
מח	4	0		0	פיוט #55 — באיסטרי עלמה ברעו יומה דשבתה נלא אימנותה	מח דו , € , זנ י ולא מאום מתך * ולא בעי לבר מנך לעלם : , , €
ןמ	4	0		0	פיוט #56 — ז עודנה על שבתה חמישה דיזמן	פדיתן מן םנ י ןמ ד לאבהתן פריך :
עושר	4	0		0	פיוט #58 — מרי אטרנון בלילה ואיממה	ומחיא כל הנפשות מחסדו עשיר מכלכל עושר מלפניו ולו לא יעשיר וכל טוב
וצ	3	1		0	פיוט #58 — מרי אטרנון בלילה ואיממה	וצ פנ' אשר לא יאבד חכורי אשר לא ישכח ונתן לי אשר לא בעצב כפי
יורש	4	0		0	פיוט #58 — מרי אטרנון בלילה ואיממה	הכין לחסדיו צפין ליראי שמו כבור לא יחדל עושר לא יורש מבטח יצור
קע	3	1		0	פיוט #59 — אמנות העיבתות והמועדים	־ • קע לי ד אדונן משה הנבי * בכתבו הרבי • אשר ברכהו וקרעהו * שמור
תושיעון	4	0		0	פיוט #64 — תפלה * , אלתפלה ג *-גו אבישע	• בנביאך ושליחך : ומן במערה אתקבץ ; תושיעון במטר : ער תתן יבולה
דתי	4	0		0	פיוט #65 — ופסחתי עליכם : ולא יהיה בכם נגף	אלה הביאני * ולמדרשי המטני י ומן שנאי דתי נאלני * ומכל רבב וארור
תושיעני	4	0		0	פיוט #65 — ופסחתי עליכם : ולא יהיה בכם נגף	בקדוש שמך הרמה * רקיאח עליו יהוד . • תושיעני מכל ארצמה ותטהרני
רקבל	4	0		0	פיוט #73 — צלות שבת צמות הפסח	רקבל התורה :
שטח	4	0		0	פיוט #77 — צלות שבת צמות הפסח	תבוא בדן שבת הצמות • רבו שטח בכל הארצות : ואתעשה כו פצות • לעדת
יהוח	4	0		0	פיוט #78 — צלות שבת צמות הפסח	האלהים * רליהוה עבד : ראה פניך לא פיללתי . והנה יהוח צמר : זה היום ביני
ישיטו	4	0		0	פיוט #81 — הצבעות • בכל יומם ולילה	שבת מברך עליכון * אה קהלי יהוה : ישיטו יהוה שריו הרוח * וחסול מכל
תפיר	4	0		0	פיוט #85 — צלות שבת צמות הפסח	ומן אכה : ואלולי רחמיך ורתותך • וברית אברהם זכאה : בחסדך לא תפיר
דבביבון	4	0		0	פיוט #86 — צלות שבת צמות הפסח	אתכם * כמה פדה אבותיכון : מכל לחץ וקצף * ומידי דבביבון : וטב בעוחך
רסקו	4	0		0	פיוט #93 — צלות שבת צמות הפסח	יהמר יהוה אלה רחמן ורחאה . * רסקו מן הטבעת וילבו כאמנות
רכור	4	0		0	פיוט #93 — צלות שבת צמות הפסח	והסגרות ששה : עליו עוד רכור מן מיטר אדוני וגברי ומצנפת ראשי בעל
שטעו	4	0		0	פיוט #95 — צלות שבת צמות הפסח	ומלי שטעו י ורעו ואתמחו * והזעור מכם צאו : ובעלי החכמה י שמורי תורת
טוביבון	4	0		0	פיוט #97 — צלות שבת צמות הפסח	ישראל בו תשבתו • ותצלו ותקרו במקרת קדש כל אלפנה : טוביבון תטהרו מן
ראפרש	4	0		0	פיוט #103 — צלות לילה חדש הראישון רמשה	חיה • ראפרש לבני שם : באהלין עדניה ־ על יד דמע האנושים : רעל ידו
ונקטיר	4	0		0	פיוט #106 — צלות לילת חדש הראישון רמשה	לילה ויומם : ונקטיר על המזבח * קטרת סמים ונם : נקטיר את חלבה * ועל
זביח	4	0		0	פיוט #110 — צלות לילה חדש הראישוץ רמשה	אחרית בשמעך • ועמך בהרנריזים יזדרמו : ותזבחו זביח צדק ויפסח * עליבון
חה	4	0		0	פיוט #116 — ישתבח	זה חה סימתו : ושריתתו וזכותו : אתפרסת על דגליו :
הסנודים	4	0		0	פיוט #120 — רב אלה וכי בשם וישרו אלקטף	יתהלל אלריינו יהוה אל רחום וחנון סלח לעמך ישראל הסנודים להרנריזים
רלערפלה	4	0		0	פיוט #124 — אלהים רחמנה ואחר הוא יהודי הנכבר וישתבח	חדש הראישון * דנלניו אתפרש : על יד הנבי הנאמן • רלערפלה ננש :
ואסנלך	4	0		0	פיוט #131 — צלות יום חדש הראישון אן אתא בשבת	ושסך עם קדש : ואסנלך בארבע אקרים • בל אקר לו שרש : מכתב וגבי
חייבם	4	0		0	פיוט #132 — צלות יום הדש הראישון אן אתא בשבת	יהכים יום וב ״ אל ״ * .אה כץ .יק ישמר חייבם כלרס .מזס
ואהק	4	0		0	פיוט #133 — צלות יום חדש הראישון אן אתא בשבת	ואהק כהנה : אשר הוציאו על ירם • מידי כל שנא : במופתים אננדם * למות
בצרקתו	4	0		0	פיוט #134 — לחדש הזה	בצרקתו אלה רחמן ורתאה :
אהק	4	0		0	פיוט #134 — לחדש הזה	אלהי אהק הכהן * שרת משכן קדישותך : ואלעזר ואיתמר כבן • הכהנים
רטע	4	0		0	פיוט #144 — צלית ידם חדש הר אישון אן אתא בשבת	ונשים : בעמל משה בן עמרם ־ רטע האנשים : אמרו אהיה אשר אהיה • אה
ראטר	4	0		0	פיוט #149 — צלות יום חדש הראישון אן אתא בשבת	ובעמל ארונן משה נבינם * ראטר לעמו המתקדשים : החדש הזה לכם *
אתשרשרו	4	0		0	פיוט #150 — צלות השבת הראש דמן חדש הראישוץ	הו משה אשר פה אל פה דברו : רעל ירו המופתים אתשרשרו : מנון זה
ויקטיר	4	0		0	פיוט #157 — וישתבח לא נדע בעלה	טובי מי יקריב בו קרבן תשבחן * ויקטיר את חלבה : ויקום קמי מרה
בט	3	1		0	פיוט #157 — וישתבח לא נדע בעלה	בעלמה ומן מימי * ■בט ־ ,ניחהו קר ״ - ,ניהרת קרב: ך .מ . - £
תשתמר	4	0		0	פיוט #162 — צלות השבת הראש דם ; חדש הראישוץ	תשתמר בעמל כל נביא :
ציאתך	4	0		0	פיוט #164 — ופסחתי עליכם : ולא יהיה בכם ננף	כוחך : על יר הנבי והכהן למען • תזבר את יום ציאתך ופדוך :
צרקה	4	0		0	פיוט #165 — את חרש האביב : ועשית פסח ליהוה אלהיך	הך די אמנוחך : צדק עלינן מן צדקתך * צרקה מן רתותך ;
הרנפי	4	0		0	פיוט #168 — צלות השבת השני דמן חדש הראישון	אברהם בן יעקב הרנפי ונו
צליל	4	0		0	פיוט #178 — אש ליל * וענן יומם	זא ז ישיר משה וישראל : אשר ראו אויב צליל : טי כמוך אלהי בל אל : אשר
זע	3	1		0	פיוט #186 — צלות מועד הפסח במדינה	זע לי ד בני עמרם : משה וארק ומרים : בפליאן וסימנים ושם : להם זאו
דב	4	0		0	פיוט #192 — שמו לי פסחי	חיול הו חילה דב ; ארכן •
וזמירות	4	0		0	פיוט #194 — צלות מועד הפסח במדינה	תדיללות • ותשבחות י דיירות * וזמירות י וכבדות * ותפחרות • אולי אנשם
וס	2	2		0	פיוט #214 — צלות מועך הפסח במדינה	משעיר י .זי וס ם * טס , ,אשור יננר בץ דזנורים * -לוסינוך י
נם	4	0		0	פיוט #230 — ופסחו	וליכו וברכתם נם אתי י זאת המלחמה ער מתי י כוסי המרור שתיתי :
תגיבו	4	0		0	פיוט #232 — צלות מועד הפסח במדינה	תנים יומה אה סדרים י הנהנים והשמרים * טוביבון תגיבו למימרים יה ו
ואצליח	4	0		0	פיוט #249 — צלית שבעה יומי חג המצות צפרה	הזכאים * אברהם ויצחק ויעקב עליהם השלום * ואצליח עמלי בזכות יוסף
ררשתך	4	0		0	פיוט #251 — צלות שבעת יומי חג המצות צפרה	מדרשי • ררשתך אלהי השמים והארץ תסלך הטרף מי ידרשך אה אדני •
זב	4	0		0	פיוט #257 — צלות שבעת יומי חג המצות צפרה	זב א * אבינו התם ישראל ; והקים בו המציבה * והמזבח ממנו פסל : וקרא
שו	4	0		0	פיוט #269 — צלות שבת מועד חג המצות	אלהי ׳נצירה בת • אשר דר׳שו אלה : זבח במקום כט׳ימרו • והעלהו שם ׳
עבדבון	4	0		0	פיוט #270 — צלות שבת מועד חג המצות	עבד עבדבון אני : ובזה לבי אשמחתה :
ואתיקץ	4	0		0	פיוט #272 — צלות שבת מועך חג המצות	נעתים ועלוים : ואתיקץ ירא מן אלהים • ואטד אין זה כי אם בית אלהים : וזה
טנק	4	0		0	פיוט #275 — צלות שנת מועך חנ המצות	אניבם ־ לא תוסיפון בעיניכם : תעמון טנק צלטה :
ינ	4	0	אינ	0.539	פיוט #285 — צלות שבת מועך חג המצית	ל ״ מן אריק ע ינ ןט קא • ב * ז • ל • מי נ ■ ס • ר • ש • ת •
לז	4	0		0	פיוט #290 — תאכל מצות וביום השביעי חג ליהוה	למרו קדם : ומי אקים תרי מציבות * ושכב במקום וחזה סלם : ומי לו לז
ואזדזעת	4	0		0	פיוט #295 — צלות שבת מועך חג המצות	; . ז ומשלותה : שמעו עמים וירגזו מן מניר הממלל י ואזדזעת מנון אבתתה ;
הזוכירים	4	0		0	פיוט #296 — צלות שבת מועך חג המצות	נזכר האותות הנכבדים • הזוכירים המספרים : ויוליך יהוה את הים ברוח
נרלך	4	0		0	פיוט #296 — צלות שבת מועך חג המצות	*נזע מן אימתך ־ אה אדני יהוה : ונפחד מן נרלך • ונודך ונימר בקל רמה : . ז
וסליחתו	4	0		0	פיוט #302 — ויתמר מברכו וכי בשם וקטף הטבעית שבת ומצות	הגדול הרב א־בישע בן פינחס רצון יהוה וסליחתו עליו אמן אמן :
ויסתיר	3	1		0	פיוט #330 — לית לעורן בה נמי	עם אבהתו • במוצא מכור אסיר : על יד עבדו ובן ביתו : דאמר עליו ויסתיר :
רקדש	4	0		0	פיוט #331 — צלות שבת מועד חג המצות	דעל פיו בוראיה מתעשים : י ה ה רקדש יום שבתה הטם קדשיו
חב	4	0		0	פיוט #334 — צלות לילה מועד חג המצות רמשה	צלות לילת מועד חב המצות רמשה : שריו הצלות כאחין ואמרים ועל פתח
צלואתבון	4	0		0	פיוט #341 — *״ המצות	ויתמר יהוד . אל רחום וחנון ומרן יקבל צלואתבון ן ע ן
יוסיפו	4	0		0	פיוט #348 — סדר דבבותו	אן עבר למדעו * יוסיפו מן 'חסדו :
הששונים	4	0		0	פיוט #377 — צלות השבת השני דמן שבע השבתות	ובזה השבוע אתחדשת הששונים • ואתמף כל שמח בזבנו ת : דן החתנים
יושיעך	4	0		0	פיוט #382 — צלות השבת השלישי	£ אלוזי משר . נביאה * יושיעך ויפשרך : אלה ' אהרן ובניו • מכל טמא יטהרך :
הזידן	4	0		0	פיוט #395 — עורן כן לו עור	אתיטן : למפוק עמו ישראל • מן תשמישות פרעה הזידן : במופתים נדלים •
ואצטמתו	3	1		0	פיוט #420 — צלות השבת הששי	ואצטמתו טוריה ;
בב	3	1		0	פיוט #430 — צלות לילת מקרתה	אשרך ישראל מי כמוך • מן סדר אמיה : ׳דמירך ׳עמך הלוך * בב ל'עובדיה :
ידיק	4	0		0	פיוט #443 — שלום יהוד . עליו בכל לילה ויוטה	יהוה ועליו ידיק * אמן :
עמידותו	4	0		0	פיוט #445 — צלות לילת מקרתה	עמידותו : ביני נבוראתה * ואנדילו מיחוביתו : יום בו השמים והארץ * אסירו
עמידות	4	0		0	פיוט #448 — היא שבה אשבתה י וששת ימים תעבר	ששה מן השבעות הזבת י ואשתיר השביעי : שבוע עמידות הר סיני *
סדירים	4	0		0	פיוט #451 — צלות לילת מקרתה	דאכה סדירים : ועקובתה לכל נכסיף * ימטי לכל מסברים : בעמל השלשה :
הרברים	4	0		0	פיוט #479 — הכהן שלמה ב ; טביה בשכם	וקרא עשרת הרברים :
בעמידות	4	0		0	פיוט #500 — צלרת שבת הדברים	בעמידות דן נביה וברבאתו :
יוריד	4	0		0	פיוט #592 — צלות שבת צמות הסכות	מפוק : ועל חתמת מטר רחמיו עליך יוריד : ויקבל צלותך ובעותך מראשה
גליגותה	4	0		0	פיוט #593 — (ללא כותרת)	קריבי חתנה בעל גליגותה ‏
בפ	2	2	לבית	0.529	פיוט #593 — (ללא כותרת)	והז ה רת אתנו * מן רע וטמא * וטהרתנו בפ יך * לעבדך לעולם:
עקובאת	1	3	שנאמר	0.206	פיוט #598 — עורן כן צלות טביה בר דרתה לה רצון יהוה וברכתה	גלגי עקובאת נפלאותה דלית בון חדה משתאמה עינינה נגד באד ‏
וידועה	3	1		0	פיוט #606 — עורן בן	ע' ע' נ' נאירה וידועה * צלאהי חתן עפרה * דהות צורתה' טב צורה:
שג	4	0		0	פיוט #611 — ישתבח קעימה דלא מאת	שג ₪ ‏ ולית ממן לעלם ‏ מרי
טש	4	0		0	פיוט #613 — תת עורן לתת	‏ טש הלוי :
דאסתדר	4	0		0	פיוט #614 — אה סדר סיעתה * מן אלה כל שביכון טבן	עביבי חתנה * אב עלי אזכר * ואפרט גליגאתו * בין סדרה דאסתדר * האיש
כזבוג	4	0		0	פיוט #615 — לאחי חתנה מן מימר אב ‏ הדנפי	בו יתרה * הא טובי לדיזדבג * ויעבד כל איקרה * ' כזבוג אברהם בן תרח *
וברכאתו	4	0		0	פיוט #617 — *עורן כן בהם יהוה ירבי מספרם	עקה רבח : וברכאתו על הקהל * בכל ‏ אלהים יישיבה : בשלשה והמלך
סוביבה	4	0		0	פיוט #623 — ישתבח מרן קמאה	הקדש בו סוביבה: חדו רבה ‏ במרום * קעמה בי באהן טבה: בזכרו
חפידים	4	0		0	פיוט #648 — צלות מועד השמיני	מועדי אלהים * כלם חפידים : מועד השמיני * חתום המועדים :
משכיל	4	0		0	פיוט #676 — צלות מועד השמיני	בלל * ואמר כל דמחלל: 'לדת משה קטיל * ותעי ליתו משכיל: ועורנה
וכפירותו	4	0		0	פיוט #680 — צלות מועד השמיני	היום וכפירותו :
עקובאתך	4	0		0	פיוט #688 — צלות מועד השמיני	בענכו : ויטיב עקובאתך * ומן הברכה יותירך:
ממ	4	0		0	פיוט #733 — צלות ‏ מועד ‏ הסכות	ממ בזע
אתודע	4	0		0	פיוט #790 — באזני בל קהל ישראל * ואפרט מלי השירה	סוד זה השם דרבתה יתרה * מה אתודע אלא למן זרח:
חטאותיכם	4	0		0	פיוט #800 — וששה משמותם על המועד השני * ותולדותם מעשה הרש	למלחמה על חטאותיכם * מי האיש אשר צעם * וצלא בלא לב * ילך עד
ישתמע	1	3	לשמוע	0.244	פיוט #833 — צלות יום הכפור	יום בו ישתמע כל בלש :
בקושה	4	0		0	פיוט #914 — צלות יום הכפור	ימצא בקושה' ‏ * מכן לעשות ולשמר : וש * היא עורי * רז רם
רזח	4	0		0	פיוט #921 — צלות יום הכפור	רזח מכל מציק: בתר מה הוה * צר וברב תשניק: צא אחדי
יילף	1	3	הדרכ	0.515	פיוט #923 — צלות ‏ הכפור	תורה לכל חכמה מאלפה: ‏ החיים לישראל * יילף “ ‏ וילפה:
אסתקף	1	3	האל	0.547	פיוט #1011 — צלות ‏ הכפור	ואטלל בטללי: השמות דקראו עליו * ובו אסתקף ואתעלי: אהיה אשר
יתוקר	3	1		0	פיוט #1025 — צלות ‏ הכפור	היכול * וחילה' יתוקר: דמקמי הבריה * ויום נקם ומבתר:
מעיסה	0	4	לשער	0.576	מימר מרקה I:70 (ספר פליהתה)	…שעתה דעלו לגו תרחה אמלי ביתה נהר מן חזבון אמר לון פרעה בנפש מעיסה פוקו מגו עמי אתון וקהליכון זרוז רב עבד משה ואהרן כד אמר לון…
מגיב	0	4	והמ	0.339	מימר מרקה I:47 (ספר פליהתה)	…דן אמר יה שלח ית עמי וישמשני אתמל אמרת לנן אקדמו בצפרה ואנה מגיב לכון בשביו דמדע אתינן אכה לידך בזרוז אמר לן מה בחשבתך תעבד…
כריזתה	0	4	האנשימ	0.602	מימר מרקה I:23 (ספר פליהתה)	…ם בך ושמי רבה עמך כי כל דבב קמיך נפל הך עטף עם אפי רמשה הות כריזתה בליליה עתד קנומה למיזל 24] [ ואנסב משה ית אתתה וית בנ ביתה…
גזואה	0	4	גמולו	0.457	מימר מרקה II:39 (על תהומי מעין עדן)	…ד לקבל מה יחזי וילה פניה ומה לה עתיד וטובי מהימנה במה לו מן גזואה וילון בישיה במה ילקון וטובי טביה במה יתגזון תהבה מגלי ומרבי…
תתילף	0	4	האלוהימ	0.229	מימר מרקה III:6 (וידבר משה והכהנים הלוים)	…תה מה אהן סמיונה רבה דאנה עמי מנך קשטה הוקם לך ספר ולא צביך תתילף מנה ואנה אקימת קנומי כאב אחס עליך ורביתך ואת מגדד על מד אתה…
וגעזו	0	4	עברו	0.766	מימר מרקה III:37 (וידבר משה והכהנים הלוים)	…קטלו דבביון בחיל אלה וגעזו ירדנה דמות יעקב כד געז והוא ריקן ממדל עלמה וארום הוה עתיר מ…
ואתילף	0	4	ולמד	0.883	מימר מרקה III:30 (וידבר משה והכהנים הלוים)	…ן מכן אתמר דאנון משרין בברכה קמי קללתה חכם אהן ומנה לא תסור ואתילף מד בה תתוחי בעלמה באיקר…
אלאף	0	4	האלפ	0.393	מימר מרקה III:46 (וידבר משה והכהנים הלוים)	…אלאף חכם די הודעת יתך רביאן דאלה מלכה דעלמה ולית בר מנה בלשה מן…
פריחתן	3	0		0	פיוט #4 — אדיק עלינן מרן	ידעין אנן דאתחיבנן • ותהינן על פריחתן • צדקה עבד לן מרן • ולא תגזי לן גמלינן :
סריחתה	3	0		0	פיוט #4 — אדיק עלינן מרן	מותה מדמי לכהן • משקי מי בור לאנשה • ווילה מן דמתשקח חיב • ווילון כל חיביה • דאנון באשדה חיולה • תשלמאתה דאנון לקין • אגר לכל סריחתה :
רושה	3	0		0	פיוט #5 — אזל שלם יום שבתה	פרקן עברה לשש שנים • ולישראל כל אשתה יומין • ואלולי שבתה דאתיה ומנשמה רושה לישראל • כיי מסב ביד עקיה • דיתרין עליו עד מותר • אלא דו שבת ומתנח • ומודי ומשבח לאלהה :
ברטו	2	1		0	פיוט #5 — אזל שלם יום שבתה	קפיל קדשה דשבתה מן עלמה ארעה • ומסק לרומה עלאה • לאהן דקדשה מרה מן ריש • דו מתעיני בכסיאתה • ומתיקר בגליאתה • ברומה ובמכה ברטו בזבנה • אתת רבותה עורי • וטוביהון סגודיה דשוו בך אה יומה קדישה • מתנתה דאלה כלה :
מטלטלין	3	0		0	פיוט #5 — אזל שלם יום שבתה	רחמנה טבח רברון דחייה • אמליכנן נגוז משחתה דאיטמה בשלם • על דדי טובך רבה • וברטיכנן לחשכה ותהומה דאנשמותה • ואנן עטין הך עבדך חליפן • ותהומין דלא מטלטלין • לך נתן תשבחן דכן פלג מדעך :
רלעלם	3	0		0	פיוט #9 — מן מימר הבהנים והזקנים רצון יהוה עליהם אמן	'רלעלם ברישה ובעקבה ברץ ־ אלהנו ומשבח אלהנו ומרומם אלהנו וקרש
קעיטה	3	0		0	פיוט #9 — מן מימר הבהנים והזקנים רצון יהוה עליהם אמן	ומשמועה חיים יד ו קעים לעלם ישתבח * עד לעלם , רו קעיטה דקעם 'עם
רבר	3	0		0	פיוט #9 — מן מימר הבהנים והזקנים רצון יהוה עליהם אמן	אל דעת כל מאומה • אל רבר מתוך האש ־ אל דרכיו משפט * אל
ברבר	3	0		0	פיוט #11 — והאזנת אל מצותיו ושמרת בל חקיו : רפא שמך	ך ויהי ברבר אל כל עדת בני ישראל ויפנו אל המדבר : כבוד שמך :
זס	3	0		0	פיוט #13 — צלות מרקה	* ורברוהה זס ודבורה .פוב העולם ערל □ אדרכן כיטה
רלעל	3	0		0	פיוט #13 — צלות מרקה	ימינך סבילה * בל רלעל ולרע : ימיך לאבהתן • לית שבק לבניין :
ררחמיך	3	0		0	פיוט #13 — צלות מרקה	כלה מפיס עליך • ררחמיך דלא סוף : בלה רתת מנך * ולא עמי לך חזו :
ושקיח	3	0		0	פיוט #13 — צלות מרקה	פני אתה ושקיח • למן רבעי לך מקשט : פשר לכל סגור י רבעי לך
דאנציר	3	0		0	פיוט #13 — צלות מרקה	ל*ית חילך טרף * בעו מלב דבי : ולא פסל סגרה • לאנש דאנציר׳עמך :
חשבחן	3	0		0	פיוט #13 — צלות מרקה	יפתחו פממיבון • ואמרו לה חשבחן : פתח אוצרה * וסרוח לכל עלמה :
ארהוחה	3	0		0	פיוט #13 — צלות מרקה	לבמה דחייה • מטרין צריך מטרנון* : ובכתבי ארהוחה * *מילף ומלפוז :
ידועה	2	1		0	פיוט #14 — בלבה אלילו	סלוחה סוברה • ידועה דכלה : סלח לן בטובך • ודבקן ברחמיך :
רעבד	3	0		0	פיוט #15 — צלות עמרם , דרה רצון יהוה וסליחתו עליו אמן	עבורה רעלטה י תסתנר ותשתבח : עבודה רעבד • לא כתשבית עבוד :
בחירות	3	0		0	פיוט #18 — ז צלות כהנה רבה פינחס רצון יהוה עליו	בחירות :
עטור	3	0		0	פיוט #18 — ז צלות כהנה רבה פינחס רצון יהוה עליו	קרא ה רקרא • אנכי יהוה אלהיך : קרא עטור את יום הע בת * וחייה
תנ	3	0		0	פיוט #18 — ז צלות כהנה רבה פינחס רצון יהוה עליו	פרי עשה פרי • בעת תתריח את תנ רי : פרי ורבי פדי • אתה הו
חוריב	3	0		0	פיוט #18 — ז צלות כהנה רבה פינחס רצון יהוה עליו	מרבי ; לה רארכן קלומה * ■ וכן עבר משה בטור חוריב * אמת דקעם קמי
ותזדעק	1	2	התמידו	0.441	פיוט #18 — ז צלות כהנה רבה פינחס רצון יהוה עליו	משה בעקובתי • ותזדעק מרים נביאה דלא קעם מן חוה כותר , י יחרמן
חליץ	3	0		0	פיוט #20 — לעבודה • ישתבח אלהים : לית אלה אלא אחד	יתרן • מהון בקרבה • וידע מן נסי כלילה • דעלמה ד ילה ביחדאו חליץ
ויסתנד	3	0		0	פיוט #22 — תורנים תתמר בשבתות	קדישת ל א תנתו רבה היא שבתה * ישתבח באריה ויסתנד עבודה תהומה
עביר	3	0		0	פיוט #26 — על מועדיה וראשי יר חיה	עביר דרסה לאמיה • ירחים ו מועדים געזים הך ראתו לא סלק ׳לנבון
געזים	3	0		0	פיוט #26 — על מועדיה וראשי יר חיה	עביר דרסה לאמיה • ירחים ו מועדים געזים הך ראתו לא סלק ׳לנבון
והושיע	3	0		0	פיוט #28 — עורן כן על יום הכפור הקדוש על פינחס	דבר שקר ־ והושיע אתנו מבל תועבה וטהר נפשותינו מכל שקוצינו * וקדש
ניול	3	0		0	פיוט #28 — עורן כן על יום הכפור הקדוש על פינחס	ניול בתר כתבה קדיש ה ממללה דאלהי קדם : במעון קדשה כתב * וקראתה על
גלגו	3	0		0	פיוט #28 — עורן כן על יום הכפור הקדוש על פינחס	יתמר גלגו בה דו רום כל כתביה אהן דקרתה אמר שמשו כל דלגבה : האן
נאיר	3	0		0	פיוט #28 — עורן כן על יום הכפור הקדוש על פינחס	נאיר כתבה פתיח ביד אלה על טור סיני יקיר * בה כל בית ישראל :
מצטנקה	3	0		0	פיוט #31 — עורן כן על מועדיה וראשי ירחיה	דו כסי ומרחק מלביני אנשה וארהותה גנה פתיחה דלא מצטנקה מן
רעלל	3	0		0	פיוט #31 — עורן כן על מועדיה וראשי ירחיה	רעלל לנוה חילן חיים הו לקט :
גלגין	1	2	שבחימ	0.509	פיוט #34 — עורן כן תלביה על כתבה רב ה	גלי הו מן דעבד עלטה גזיראתה • מקים גלי לרחמיו * לאלה גלגין מרחין *
שוטי	3	0		0	פיוט #37 — *דו כתבה רבה דבינינן מניר בליליה ואיממה	דו כתבה רביה וקרישה דנתת מן שוטי שומיה:
רנבייה	3	0		0	פיוט #38 — עורן כן לונ עוד על יומי השבעות	רבון רנבייה :
פריטין	2	1		0	פיוט #38 — עורן כן לונ עוד על יומי השבעות	זרע קדיש דאנדה משה • זריע על תרי אבנים • עפר פריטין הוי אנין * ומנין
אבהחן	3	0		0	פיוט #48 — טבון דטביה אה מרן שמע קל ן	קיאמיך 'עם אבהחן לא תתנשי והיא אסוחן :
טבק	3	0		0	פיוט #54 — טעמה דשבחה ברכן טעמה דארהותה מקרתה טעמה דמשה צלותה	טבק ושלמין מרן בעי טוב כל אנש דפתח פמה ומרבי למרה באגצירו :
משתעבד	3	0		0	פיוט #56 — ז עודנה על שבתה חמישה דיזמן	שמה משתעבד : ונבעינה ונו
פשוט	3	0		0	פיוט #57 — אמנות השבתות והמועדי□	אהיה אשר אהיה צדק מתנהתה רלצרקה לא כלי ־ פשוט רתואתה רטובה
ישתלח	3	0		0	פיוט #58 — מרי אטרנון בלילה ואיממה	אברהם לא תשלח ידך צעד • אברנה אדלא ישתלח ;
מודיע	2	1		0	פיוט #58 — מרי אטרנון בלילה ואיממה	נוראות ונפלאו ת כאי תלאה • עזר אין לו ולא מועץ מודיע הבעירים ומרנן . ז
סביבותינו	3	0		0	פיוט #62 — ונקרא • ומכל מלאכה נשבת	אתנו טרעותינו ומרעות העמים אשר סביבותינו ואמלא אתנו לשטר ולעשות
יכלכל	3	0		0	פיוט #64 — תפלה * , אלתפלה ג *-גו אבישע	הרוח : אל עבדיך נאל : מזאת הצרעה : במטר יכלכל : אל סד רעלמה :
סד	3	0		0	פיוט #64 — תפלה * , אלתפלה ג *-גו אבישע	הרוח : אל עבדיך נאל : מזאת הצרעה : במטר יכלכל : אל סד רעלמה :
חט	3	0		0	פיוט #65 — ופסחתי עליכם : ולא יהיה בכם נגף	ואל עמך לא תאבד : בזה המנפה : ומבתיהם חט רד : ותשים לון השלם :
מחריר	3	0		0	פיוט #65 — ופסחתי עליכם : ולא יהיה בכם נגף	ומה בכתבך אתיסד : ונתתי לבם שלום בארץ : ושכבתם ואין מחריר :
מגיבו	3	0		0	פיוט #66 — עבודה דעלמה תסתגד ותשתבח : וישתבח	מגיבו : יתנלג קראה דקרא עסרתי מליה וידבר אלהים את כל הדברים
לם	3	0	דומה	0.235	פיוט #72 — וילבש מן הפרקן בליל	*מ חגח לע לם יה וה הג דול האחר * . סג ־ י נקי א, ־
מט	3	0		0	פיוט #72 — וילבש מן הפרקן בליל	■ ; * כאר ונה רח ום וח נון *מט בז
מציבות	3	0		0	פיוט #74 — לית בבל יוטיה : וטרקה אתהו עבורן * ישתבח	אלהי יעקב תדר נדרים * ואקים מציבות תרים : ברום כל סברים • יקבל
אס	3	0		0	פיוט #77 — צלות שבת צמות הפסח	בקדישות מן אס גיל עמו * בתורה הקדושה : אמן אהיה אשר אהיה ;
כתועפות	3	0		0	פיוט #86 — צלות שבת צמות הפסח	יחנ ך.אמן ויפרך • ויזעם מי לך יזעם : ועלך אמן ישוב • ושמכם כתועפות
בעוחך	3	0		0	פיוט #86 — צלות שבת צמות הפסח	אתכם * כמה פדה אבותיכון : מכל לחץ וקצף * ומידי דבביבון : וטב בעוחך
תונף	3	0		0	פיוט #90 — צלות שבת צמות הפסח	עת יבוא הכהן • אל הבית תונף : עליו הברכות • ויצא הקצף : ותשרי
נליגאתו	3	0		0	פיוט #90 — צלות שבת צמות הפסח	נפתח פתח לדש * נליגאתו ריבן : תרח ירח ניסן * תרח רחמים ורתאואן :
דצטותה	3	0		0	פיוט #91 — צלות שבת צמות הפסח	היום מברך • על סדר עדתה : ותנים יוטה מאה שנה * לזה שבתה דצטותה ;
וששונים	3	0		0	פיוט #93 — צלות שבת צמות הפסח	יומה * בשדך וששונים : חתמו צלותיכון י ואמרו ברכיות לשונים : בהלבון פם
ישכיל	3	0		0	פיוט #95 — צלות שבת צמות הפסח	זה הפתח * ודרך דרך ייעלו : ומן לו זה הפתח יל א ישכיל להשפילו : תרח
וניעל	1	2		0	פיוט #95 — צלות שבת צמות הפסח	ומן כלולו ; בזה בא צפרדעים י ושרץ היאר ועלו : וניעל מזה למדבר * מה
ויחמלך	3	0		0	פיוט #96 — צלות שבת צמות הפסח	ליהוה לכהן ואלה יחן עליכון בחסדו ויחמלך בכבודו בעמל משה עבדו
הירושים	3	0		0	פיוט #103 — צלות לילה חדש הראישון רמשה	יהוה הו האלהים יחש הירושים : י ״ ה ״ ה ״ דאסניל לבני שם : י ה ד
נקטיר	3	0		0	פיוט #106 — צלות לילת חדש הראישון רמשה	לילה ויומם : ונקטיר על המזבח * קטרת סמים ונם : נקטיר את חלבה * ועל
ואקטיר	3	0		0	פיוט #108 — צלות לילת חדש הראישון רטשה	אלהי אקר הנהנה * אריק תלים משה : רשמש במשכנה * ואקטיר ריח
ראמיר	3	0		0	פיוט #109 — גלות לילה חדש הראישון רמשה	אגר טוב גמלו : משתמר מכל רע • ושבק לו כשלו : ויהי מן דואבים • ראמיר
רלית	3	0		0	פיוט #111 — צלות לילת חדש הראישון רמשה	רלית כמונו * ובן שמנים שנה אתנבא : בהם יפני פניו לנו ־ וישמע מנן כל
זח	3	0		0	פיוט #120 — רב אלה וכי בשם וישרו אלקטף	עזים לחטאת * זח ברח ותה • ובזאת הימים צלותינו ומקרודנו ותפלותינו תחת
תעביר	3	0		0	פיוט #125 — החרש בחדשו לחרשי השנה	ברתוחך עמי לחצן ולא תעביר על עקחה אבהן ובנים מתחנן למלכותך מרי
וחנק	3	0		0	פיוט #125 — החרש בחדשו לחרשי השנה	ויתטר יתהלל אלהינו יהוה אל רחום וחנק ויתמר אריק עלינן מק ומרי
ושביבון	3	0		0	פיוט #131 — צלות יום חדש הראישון אן אתא בשבת	תמיד • בכל עת בנציח : אולי יקבלך י וישם לך פשרו : ושביבון טבין מן
לצמיתית	3	0		0	פיוט #135 — צלית יו □ חדש הראישון אן אהא בשבת	כנות כשית : שלשה זבנים לו צמר ־ ולון חבוטה לצמיתית : וכמה במעלה
רברי	3	0		0	פיוט #139 — צלות יום הדש הראישון אן אתא בשבת	'אל האל בו החל י בזאת מימרי : ואשימה עלי סור ימ ן טורי רברי : ער
תוסיפו	3	0		0	פיוט #141 — התקה * הזאת למועדה	תוסיפו ; לראותם עור * ולא בון תתכנשון : עד עולם מאבירים • יום
העמידות	3	0		0	פיוט #141 — התקה * הזאת למועדה	בדיל העמידות : פה אל פה אדבר בו * במראה ולא בחירות :
וגבירנן	3	0		0	פיוט #143 — צלות יום חדש הראישון אץ אתא בשבת	מול הרגריזים * בחור המקדשים : * ביומי אדונן וגבירנן • לבוש בגדי הקרשים * :
הצרקים	3	0		0	פיוט #144 — צלית ידם חדש הר אישון אן אתא בשבת	ובכהנת שמשי משכן קדשך אהרן ואלעזר ואיתמר ופינחס ובזכרון הצרקים
ינאלך	3	0		0	פיוט #147 — צלות יום חדש הראישון אז אתא בשבת	בון אלה יקבלך י ויאזין לפללך • ומכל רע ינאלך * וכל טוב ינמילך • ויברך
קיעמה	3	0		0	פיוט #149 — צלות יום חדש הראישון אן אתא בשבת	קיעמה : כלה צריך לרחוחך י וכלה מביט ממך תרחמה : צדק עליכן מן
הס	3	0		0	פיוט #150 — צלות השבת הראש דמן חדש הראישוץ	ונצעיו על הסרוחים : על יד הנבי הנאמן הס גיל • איש האלהים :
יניש	3	0		0	פיוט #152 — צלות השבת הראש דמן חדש הראישון	תתכנש • על הודאות * ברואך : יהוה * יקבלך בו ולך *יניש • על רצונו
נאץ	3	0		0	פיוט #153 — האביב : ועשית פסח ליהוד • אלהיך	יטהתו * מכל טלום ומכל נאץ : ויסלח לתטאינו * וישם טובו עלינן פרץ :
וצפרדע	3	0		0	פיוט #154 — למועד חרש האביב	תנין ורם וצפרדע * וכנים וערב : ומקנה ושחין וברד ־ והארבה וחשך הך ערב :
יטלטל	3	0		0	פיוט #162 — צלות השבת הראש דם ; חדש הראישוץ	והקשט רלא יבטל י והבטול אמן יטלטל : והמשפט כענן וכטל • רצון
משנב	3	0		0	פיוט #166 — צלות השבת השני דמן חדש הראישון	תמיד משנב טב תלבשון ן יהוה ילחם לבם • ואתם תחרישון :
ותנציר	3	0		0	פיוט #179 — צלות מועך הפסח צפרה בדקטס	תקום ותנציר בשמח ותפרש שתי כפך : תימר אדני יהוד . שוב מחרון אפך :
כעוס	3	0		0	פיוט #186 — צלות מועד הפסח במדינה	על מלת יחידאו : בארזין ואמרים במלאו : וקרבניו תזבחו : על כעוס דבבו :
הדביקים	3	0		0	פיוט #187 — צלות מועד הפסח במדינה	אתון במשה הדביקים : תתקרו השמרים הצדקים : לא כמו הרחוקים : אשר
ובעלטה	3	0		0	פיוט #187 — צלות מועד הפסח במדינה	ומועד עליך מברך : ועל בתך ועל ברך : ובעלטה ירבך ויפרך : ולאלפי
פנוחה	3	0		0	פיוט #189 — כיועד הפסח פרווז	י נ. ז הרחמים יפני לנו : במיתי תהבה ומשכנו * ויניר לימי רצונו : ותסור פנוחה
בבקושו	3	0		0	פיוט #193 — צלות מועך הפסח במדינה	בקדשו • ואבקשו ־ בבקושו * דו ממן בישו * עשה כל תמח :
במשטרה	3	0		0	פיוט #194 — צלות מועד הפסח במדינה	אל אחר הדורות : במשטרה * אה עם הנורא י וטובך במשמע הדבירה *
ילכד	3	0		0	פיוט #197 — צלות מועד הפסח במדינה	בו נאמן תמיד ־ עד חרתו לנן ילכד : ושמח טב לנן ילכד ־ בדן מועדה
וינרש	3	0		0	פיוט #198 — מנוחה * ישימך עליה מועד	וינרש מפניך אויב ויאמר השמיד :
נג	3	0		0	פיוט #203 — צלות מרעד הפסח במדינה	עורן כך נג £ שבוע מן מימר בן מנ יר יסלח וגו ״ ״ £
כשלג	3	0		0	פיוט #209 — צלות מועך הפסח במדינה	ידך בחיקך * והיא כשלג תצא : והשיבה חשוב •החכום בזה ימצא : מופתים
תוסיפון	3	0		0	פיוט #210 — צלות מועך הפסח במדינה	ואשלח אתכם ולא תוסיפון לעמד : כי בל מצרים מן הברד אבד :
תוסיף	3	0		0	פיוט #211 — צלות מועך הפסח במדינה	פניכם ביום יבא זכור : לא תוסיף לראות ־ יעננו הטהור : כן דברת לא
זוכיר	3	0		0	פיוט #222 — צלות מרעד הפסח במדינה	־ . ז ומות בכורים כמה זוכיר • בחצי הליל לית הו שוטיר • והננף והמשחית
סט	3	0		0	פיוט #231 — צלות מועך הפסח במדינה	כות טל עדן ולו סט :
משתלח	2	1		0	פיוט #231 — צלות מועך הפסח במדינה	קם הכבש על רגליו מעלה מעלה על עליו את משתלח לזטה ונביליו
נויותינו	3	0		0	פיוט #248 — צלות שבעת יומי חג המצות צפרה	גמלתנו כל סוב • בתקון חכמתך : בבריאת נויותינו ימ ן נוני בריאתך :
הריצני	3	0		0	פיוט #249 — צלית שבעה יומי חג המצות צפרה	בלעדיך * מרי ׳בים העונות צללתי * הן עמיך ברחמיך הריצני * מרי קצרתי
סליחתך	3	0		0	פיוט #249 — צלית שבעה יומי חג המצות צפרה	ושים ענן רתותך ביני ובין מזך י ולא תשים עונותי שגבה ביני ובין סליחתך *
ואושיעני	3	0		0	פיוט #249 — צלית שבעה יומי חג המצות צפרה	הצדיק * ואושיעני בתפלות אדונן משר . עבדך ונאמן ביתך * אה מושיע
אריצני	3	0		0	פיוט #250 — צלות שבעת יומי חג המצות צפרה	ועניני • וברחטסג ־ אסתירני * וברצונך אריצני * ואשמחני * וטררשי אמטני •
ןב	3	0	הנביא	0.774	פיוט #260 — צלות שבעת יומי חג המצות צפרה	■ יטעו • ויקב־ ןב ו עמו המתפריק : ויקים מימרו אשר בעדו נשאו • על פי
בששוני	3	0		0	פיוט #268 — צלות שבת מועך חג המצות	ישראל מבית עבדים : ואכלו הפסח בששוני * והם מהים וחדים :
ישבירך	3	0		0	פיוט #269 — צלות שבת מועד חג המצות	רחמיו ישבירך : וירבי לך איקרו רסני מספרך : בקדוש שם יהוה הנבור
ראדם	3	0		0	פיוט #272 — צלות שבת מועך חג המצות	אלהי האיש הים * ונביר כל העולם : וקדקד ' מינה ראדם * ראשתלח
ראשתלח	3	0		0	פיוט #272 — צלות שבת מועך חג המצות	אלהי האיש הים * ונביר כל העולם : וקדקד ' מינה ראדם * ראשתלח
נשיג	3	0		0	פיוט #274 — המושיע * אשי שמו משה : קטף כל נאשמה	עד נשיג ישראל מהרו * ולתשמישה נעזרו : כמה הוא בקדמה :
אזדזעו	3	0		0	פיוט #274 — המושיע * אשי שמו משה : קטף כל נאשמה	ואבריון אזדזעו י וית קולם נשאו : אל מעונה רמה :
שנב	3	0		0	פיוט #277 — צלות שבת מועד חג המצות	ז ולנו אשתה דרס • והות הך טל רסם : וקרע כל שנב ושנב * מן חשך
הקדקרים	3	0		0	פיוט #281 — צלות שבת מועד חג המצות	הקדקרים : ויתגבר על מן יתגבר עליכון • ודבביכון קמיכון מאבידים : ויאמן
גלניון	3	0		0	פיוט #289 — חג המצות	כל נשמה : לאלה דבורש על ירו שבתות ומועדים גלניון עצומה : *לאלה
מתשרשרה	3	0		0	פיוט #298 — חג המצות	והמנפה עצרה : וסב אנרה כהנתה רבתה * לו ולזרעו בתרו מתשרשרה ; מן
מסתדרה	3	0		0	פיוט #299 — צלות שבת מועד חג המצות	ויומי פנותה יסירה : ותנים יומה מאה שנה * מן דאבה מסתדרה : בקדוש
מציבה	3	0		0	פיוט #301 — צלות שבת מועד חג המצות	ומי פנעו אל קעים * ויצב שם מציבה : ומי פתר התלם ־ ואמר טבח טבח :
בחייבון	3	0		0	פיוט #301 — צלות שבת מועד חג המצות	קהליבון : ומאה שנה כות זה המועד בחייבון : בדקטיס ' נצטמת * בכם
שטועים	3	0		0	פיוט #303 — צלות שבת מועך חג המצות	זה אתו כלם * שטועים ישמעו : ויסירו ביבלות הענוד * הן לית אלה אלא
ותנצירו	3	0		0	פיוט #303 — צלות שבת מועך חג המצות	תחנו ־ ותקריבו עמנו : ותנצירו במימר • אה מרן הננו : כד אתינן לירך *
רנביותה	3	0		0	פיוט #307 — מימר אדונן אבישע רצון יהוד . עליו אמן	רנביותה :
הסגורות	3	0		0	פיוט #319 — צלות שבת מועך חג המצית	הסגורות שבעה :
וישביר	3	0		0	פיוט #330 — לית לעורן בה נמי	טמיר : וצפינתי פענה • יוציא זה וישביר : לכם צריך מזונה • בשבתנו על
גכ	3	0		0	פיוט #330 — לית לעורן בה נמי	סיר : לחם נדיב תקריב • מתוך לבב אנציר גכ י נפושה קריב * במי יקטיר :
ויעביר	3	0		0	פיוט #330 — לית לעורן בה נמי	דבל מהם אמסיר : לדרגתה רבתה * ויקבאע ויעביר : לפניו מה אתעשה ׳
אננד	3	0		0	פיוט #330 — לית לעורן בה נמי	מבראשית ועד אחיר : אהן כות משה • *דעד לעלמה ' תדיר : אננד מיד הקשה י
שכיר	2	1		0	פיוט #330 — לית לעורן בה נמי	צא י והוא הך לפניך ספיר : טורים מורים תצא * שפיר שמח שכיר : שכיר
כריזאן	3	0		0	פיוט #332 — ומועדה תחון מתכנשים	כריזאן יתוקרו • משם מי אתוקר : בון העמים יתפארו י במעשה והמימר :
נגוש	3	0		0	פיוט #333 — צלות שבת מועד חג המצות	כמרררור * שב יהודי עליו לשש : וכן זרעו הטהור • דבפניו נגוש : הך קטרח
והסגורות	3	0		0	פיוט #343 — מועדי יהוה	והסגורות שלשה :
רצבעתכון	3	0		0	פיוט #344 — ך צלות מועך חג המצות בהרגריזיס	מק יקבל צלואתכון • ויעני בעואתבון • וישמע קליין 'רצבעתכון * ותנים
אצתמתו	3	0		0	פיוט #345 — צלות מועד חג המצות בהרגריזים	בחוריבה אצתמתו :
פיריו	3	0		0	פיוט #349 — צלית מועך הג המצות בהרגריזים	ואכל מן טב פיריו • אשר באילניו אצתמדו : תמחות על תרחו * יפה למי
העוברים	3	0		0	פיוט #350 — צלות מועד חג המצות בהרגריזים	והשיב מרי רצונך * ואנלי לנו משכנך : בקדוש אלפנך * אה עבוד העוברים :
ואננדם	3	0		0	פיוט #354 — רכן ארכן וטרקה עבורה רעלמה תסתגד וחשתבח וישתבח	בגדלו הציל אבהת ; י במופתים ממצרים : ואננדם אל ים סוף * ועברו בו
ימשילך	3	0		0	פיוט #374 — צלות השבת השני דמץ שבע השבתות	אויב ימשילך :
והזמירות	3	0		0	פיוט #377 — צלות השבת השני דמן שבע השבתות	והזמירות : לאל אשר זכר בריתו עם הזכאים הנאמנים * והציל בניהון מן
מברכאתו	3	0		0	פיוט #385 — לאדונן אלעזר יצק יהוח עליו	בימי משי : ישב יהוה מברכאתו עליכון •אה בחורי כל אנשי : וינלי רצון
לשביעי	3	0		0	פיוט #395 — עורן כן לו עור	לשביעי ייאכן : וקראו שמו מ ; והוא בזרע נד לבן : וטעמו בספחית בדבש •
המריזים	3	0		0	פיוט #395 — עורן כן לו עור	גלי • על ראש המריזים אמן : ושביכון מבין מ ; אלה * אה מן אנה אזדמן ;
רמספרו	3	0		0	פיוט #401 — ובו שבת וינפש	רמספרו שמנה ועשרים יום י מרן לן מצוה : הן נספר חמישים יום * פקד
ייניקהו	3	0		0	פיוט #404 — צלות השבת החמישי	כי חלק יהוה עמו יעקב ייניקהו דבש מסלע ושמן מחל מיש צור כי
ואסניל	3	0		0	פיוט #410 — ומקדש וטרקה אתהו חדרי וישתבח	חילה דנשא מיתובית זה היום הגדיל * על חימים הששה : ואסניל בו עמו
דאצטמת	3	0		0	פיוט #414 — צלית השבת הששי	מה טבו מן שבת • ידיו מתפרשי : דאצטמת בו בטוב * חדש השלישי :
זביר	3	0		0	פיוט #414 — צלית השבת הששי	הקרקד האנשיא : כי מחה אמחה את זביר עמלק י מתחת שמי קדשי : ויבן
יושע	3	0		0	פיוט #414 — צלית השבת הששי	בן יושע אתך מכל לחץ וקשה : ואלהים עמך בכל אשר אתה עשה : ואחחם
רפירים	3	0		0	פיוט #415 — צלות השבת הששי	משריתה הוה נגוש * עד באו רפירים ויקם :
ויק	2	1		0	פיוט #418 — צלות השבת הששי	ויק משה מזבח • ויקרא שמו יהוה נסי : בן יושיע אתכם • אה מן אנה
טמלליו	3	0		0	פיוט #422 — ישתבח עשה תמחיר .	אניבו על טמלליו * טי את ער תשיג אליו : שלום יהור . עליו * בכל זבניה :
אותיר	3	0		0	פיוט #422 — ישתבח עשה תמחיר .	דלחם ולא אותיר • למען יהיה ספיר : כי מחה אמחה אח זביר • עמלק
יוקרה	3	0		0	פיוט #438 — הא מלך רחמן * וישתבח	כי בעלמה יסלח לה : ובאחרית יוקרה :
מזזע	1	2		0	פיוט #439 — צלות לילת מקרתה	קל ׳מזזע כל עלמה ןק ל בריו כל נשמה : קל מלוך מכה ורומה : קרי
אתשרשר	3	0		0	פיוט #446 — צלרת לילת מקרתה	דבר : והטיטר אכה לו ער * וקיאמון אתשרשר : אל מן לו הנהנה מורשה י
מזזעים	2	1		0	פיוט #451 — צלות לילת מקרתה	תזחע הנפש והפגר : והמכתבים תתפתח י והמגפה תעצר ; וכל העם מזזעים •
טע	3	0		0	פיוט #451 — צלות לילת מקרתה	שעות * לא תכרת אל אחר הדר : מן לא עמה טע מד הר סיני בלא תבנית *
שנביה	3	0		0	פיוט #454 — צלות לילת מקרתה	טבריה : קול יהוה מוצאות • מן ארבע שנביה ; קול מדבר דברת * אקרי תוריה :
חתחנו	3	0		0	פיוט #456 — צלות לילת מקרתה	חתחנו תתחנו * בכל מועריכון : תנים יומה תנים * תעשו מועדיבון :
מועדיבון	3	0		0	פיוט #456 — צלות לילת מקרתה	חתחנו תתחנו * בכל מועריכון : תנים יומה תנים * תעשו מועדיבון :
ויררש	3	0		0	פיוט #476 — צלו־ ת לילת מקרתה	הנרול ־ ברכה נדלה תמימותה : ויררש בה וישול י כפירות פשחותה : ויתחני
סנרת	3	0		0	פיוט #476 — צלו־ ת לילת מקרתה	מסכינותה : מן ה ה מכם * ביומי תסור פנותה : אשמתו ואתחנו * כי סנרת
מציב	3	0		0	פיוט #498 — עורן בן	אלהי מן חזה בחלמו * סלם מציב בבית אל : ומחנח אלהים בו אזדרמו •
וירחיב	3	0		0	פיוט #499 — עביד : ואמשחו בשמניו * בפתח אהל מועד	וירחיב לחצך * וישמע למקראך : וירפא לטחצך * ואם תהיה נדחך : בקצה
משתעבדים	3	0		0	פיוט #501 — צלות שבת הדברים	הלפידים יע ל אפיון סגרים : בזזעיו רב משתעבדים • ומלאביה עלים וירדים :
וגלולך	3	0		0	פיוט #503 — בצלותו ומקראתו	מי יובל דמי לך * ישתבח חיל ה'דשם : רביאנך וגלולך • יונף ויורם : על כל
בגליגאתו	3	0		0	פיוט #504 — צלות שבת הדברים	אנון מגלגין זאת הגליגות ומוסיפים בגליגאתו :
קדקר	3	0		0	פיוט #509 — צלות שבת הדברים	ועליך השלם נימר ׳ אה דמע כל קדקר :
והושיען	3	0		0	פיוט #510 — צלות שבת הדברים	והושיען בישועתו : ושים עמך בכל אתר • שכון בטח בדד ;
דצ	2	1		0	פיוט #513 — צלות שבת הדברים	דצ ונו במש פטים על יד נבי כל הדורות : י' ׳ ה די דפ קרנו על ידו
חר	3	0		0	פיוט #536 — ולית יכולה על המעזרלכותו *אלא מן מימרך נהי מקליטים	קרש * יתו בשלשה חר ש:ים מזכירים בחוחתו ;
בצרק	3	0		0	פיוט #557 — צלות מועד חג הקציר במדינה	־ ואיקרו : טוביכון אה ישראל תורו * לאלה באנצירו : כי הו בצרק ישפס *
והפוקיר	3	0		0	פיוט #558 — צלות מועך חג הקציר במדינה	ותשן * ובגדי הקדשי : ובניו האנשיא והפוקיר * אשר הקריבו ריח ניחח
דאזרעק	3	0		0	פיוט #580 — צלות שבת צמות הסטת	היום * דברכו אל רתום • ושם קדשו ירום • וילבישך קדשו : דאזרעק יתה
עקובתו	3	0		0	פיוט #587 — מאיביבם : וביום שמחותכם ובמועדיכם * ובראשי חדשיכם	מה רם חרש השביעי • עקובתו כבדים ; וכבודו בזבנים י דבו נועדים :
יררשו	3	0		0	פיוט #587 — מאיביבם : וביום שמחותכם ובמועדיכם * ובראשי חדשיכם	קהלך ישראל היום * יררשו ישועתך : הן תשקף ממעונך * ותזכר בריתך :
ופנעי	3	0		0	פיוט #592 — צלות שבת צמות הסכות	אלה מני בדילך * מדרשי ופנעי : יתעבר עליך מועדיך • ואתה בהדי וזהי :
צי	3	0		0	פיוט #593 — (ללא כותרת)	צי
מזרעק	3	0		0	פיוט #593 — (ללא כותרת)	מעוק‎ . .א‎ . מזרעק‎
לס	3	0		0	פיוט #593 — (ללא כותרת)	הדה שירתה רישה לס
חצצרי	3	0		0	פיוט #593 — (ללא כותרת)	חילה דשם חצצרי הכפרות
חירת	3	0		0	פיוט #593 — (ללא כותרת)	חירת צוקתה צוקתון
יופע	3	0		0	פיוט #593 — (ללא כותרת)	מזרח הסליחן יופע
תיבד	1	2		0	פיוט #595 — דו כתבה דמלכה חיה * מוחי בלה במימרה	דלא תיבד * ועבד שומיה שבתין דידעון דיי שבתה קדש: ורבותה וגו
אתיקץ	3	0		0	פיוט #610 — עורן כן	אה מסכין אה מסכין * אתיקץ מן שנתך: עד מתי אתה דמוך * בצפרך
גלוגו	3	0		0	פיוט #611 — ישתבח קעימה דלא מאת	ובטובו זבגו * ואוזף בה גלוגו * ושמח מלבר ומלגו * ונפשו קשורה בנפשה :
ואופיע	3	0		0	פיוט #611 — ישתבח קעימה דלא מאת	ומן עמרם אתא הגביר * משה דזרח משעיר * ואופיע מהר פראן והדיר *
יוקר	2	1		0	פיוט #611 — ישתבח קעימה דלא מאת	ילידה דאתגזר * אלהים לו ישמר * משמרה תמימה * ובעלמה לו יוקר:‎
צריקים	3	0		0	פיוט #611 — ישתבח קעימה דלא מאת	*צריקים שברו * הא טובי שמורו * צל קורתו דגל * היום וממחרת :
ישתמר	3	0		0	פיוט #613 — תת עורן לתת	ילידה דאתילד * מן זקן ישראל * ישתמר בעלמה * ויתרבי ויגדל * ויתלמד
לדיזדבג	3	0		0	פיוט #615 — לאחי חתנה מן מימר אב ‏ הדנפי	בו יתרה * הא טובי לדיזדבג * ויעבד כל איקרה * ' כזבוג אברהם בן תרח *
מעתיד	2	1		0	פיוט #622 — ישתבח אלהים	הנור 'דלבש אפיו * מעתיד מן יומה 'שתיתה * יומה 'דלבש אדם הצלם *
רביאר	3	0		0	פיוט #639 — מימר: מי יהוה אפרשו	מועד 'מברך עליכון * ומאה שנה אליו תעשו: בעמל משה נביכון * 'רביאר
אסניל	3	0		0	פיוט #647 — צלות מועד השמיני	ישראל בשבעה מועדים יקירים גלגיון עצומים:‎ בגדלו אסניל‎
והמודע	3	0		0	פיוט #662 — תעשו את מועדי יהוה	והמודע הו השם *
הפגודים	3	0		0	פיוט #663 — צלות מועד השמיני	‏ יהוה יהוה אל רחום וחנון סלח לעמך ישראל הפגודים להרגריזים
ותמטיר	3	0		0	פיוט #669 — צלות מועד השמיני	יפתח אלה תריח רחמיה : ותתפרש עננתה כדי הטנא * ותנדיל ותמטיר
וישתחזי	3	0		0	פיוט #674 — צלות מועד השמיני	ויבוא אל הכהן 'דשרי * ועליו השלם יקרי: וישתחזי ארצה לנורא:
תסתיר	3	0		0	פיוט #674 — צלות מועד השמיני	אדכיר * ומומי 'בצדקתך תסתיר : וחתמת מה דבר * שמשך הדנפי בכשיר :
העקובות	3	0		0	פיוט #675 — צלות מועד השמיני	זאת * העקובות הכבדות: 'לדרי כל דרה:
וגלגיו	3	0		0	פיוט #675 — צלות מועד השמיני	עקובאתו כבדים: ומאוריו חפידים * וגלגיו כבדים: ועל כלה לו פחדה:
רגלגיו	3	0		0	פיוט #677 — במצות : וחג הקציר בכורי מעשיך אשר תזרע	זה חדש הדמע * רגלגיו רמה: דו כות תקומה * עקובתו עצומה :
ינצירו	3	0		0	פיוט #679 — צלות מועד השמיני	ינצירו: מרי רחם זרעם' * ובריתון זכרו: סובר ופשר דאתה * אל צדיק
ויציל	3	0		0	פיוט #696 — צלות מועד חנ הסכות במדינה	אימנותך * ויסני לסנאי דתך * ויעמיר ביתך * ויציל אתך: מן יד המרודי' ;
דורותיכם	3	0		0	פיוט #703 — צלות מועד חג הסכות במדינה	יד פרעה הסוכיל: לאלה דאמר למען ידעו דורותיכם כי בסכות הושבתי
הפגיל	3	0		0	פיוט #705 — האלהים דאמר בסכות תשבו שבעת ימים	לאלה המלך הנדיל: לאלה דשלח משה הפגיל : לאלה דהציל עמו מתחת‎
סליחותה	2	1		0	פיוט #706 — צלות מועד חנ הסכות במדינה	ובעשור תלבש בגדי שעבוד * ותסב סליחותה: ומנה תצא דרוש * אן תטע
בקלמוס	3	0		0	פיוט #728 — צלות שבת מועד חג הסכות	בקלמוס עבראי: כמה היה על הראישונים * ומאלה מסעי: אל זכרון
תשתלח	2	1		0	פיוט #730 — צלות שבת מועד חג הסכות	בהחדש * תמימות ותכלה: ותמימות דן ילידה * לעלם עלמים תשתלח:
טטפות	3	0		0	פיוט #732 — צלות שבת מועד ‏ הסכות	למיניהם * ושם שם ‏ לקדשי: טטפות זרע זכותה * אל האב
עבידאתו	3	0		0	פיוט #732 — צלות שבת מועד ‏ הסכות	עבידאתו: ובו פרד עמרם * ושמו מן טבתו: דמע מן דמעים * הא
תזדזע	3	0		0	פיוט #783 — צלות ‏ הכפור	תדמע * ולא אוכח יכרת בנו: ולא טיה תזדזע ולא ‏ * ולא
יסובבנהו	1	2	דברימ	0.788	פיוט #786 — צלות ‏ הכפור	יסובבנהו ויבננהו * וישמעו קולו מששה הפאות: יאכל ‏ וישבע
חפד	3	0		0	פיוט #793 — צלות יום הכפור	תמיד רב חפד ואמת ;
ניעשת	3	0		0	פיוט #802 — על הלשן * והממלל יתחדש	וידא מרן את כל המלאכה * והנה כד ניעשת * ואתכלל ‏ המלאכה *
יגיע	2	1		0	פיוט #812 — צלות ‏ הכפור	עוני סגי * ואני יגיע * לא תרגיע * על עציאנו :
מצתמית	3	0		0	פיוט #813 — צלות יום הכפֿור	וילי מאת * מה לו עמית * בי מצתמית * מן רע שריר:‎
אנצירה	3	0		0	פיוט #843 — צלות יום הכפור	‏ היום מהרה : ואפרש ‏ פניו * ולבבך אנצירה: ואמר אדני יהוה *
בכפירות	3	0		0	פיוט #850 — צלות יום הכפור	זבנו : סגיל בכפירות זה היום * ועובד קרבנו: מי כמוך ישראל * מה לך
מנפנף	1	2		0	פיוט #887 — צלות יום הכפור	בכור פרעה הקצף : להוציא אבהתן משם' * וענן הרצון עליון 'מנפנף :
צפרדע	1	2		0	פיוט #897 — צלות יום הכפור	קל משה לאהרן * על כל הסימנים: מן כלילון צפרדע * באו חנים :
מוקידה	3	0		0	פיוט #901 — צלות יום הכפור	'בסי * כי באש תכסהו: לגו מוקידה ותתריחץ * על התמים באלהו :
אנצירותה	3	0		0	פיוט #906 — צלות יום הכפור	אניר : וקה אנצירותה 'בלבה * ואתקרי המנציר : ואתקשט נצירו*
סביר	3	0		0	פיוט #906 — צלות יום הכפור	פניו אליך ויחנך * ותמטי מה את סביר :
חסור	3	0		0	פיוט #917 — צלות יום הכפור	לעדרי יפריש * ויסבלני על נואלתי: כי בונני *חסור * בסדר עדתי:
בשמירות	3	0		0	פיוט #918 — צלות יום הכפור	נוי הארץ * ועליך בחסדו ישע : בשמירות מועדיו * דהודיעך 'בשרשה:
גלגים	3	0		0	פיוט #934 — צלות ‏ הכפור	תקראו אתם מקראי קדש * ותשביתו בון כל מלכותיכם ; ולו גלגים רבים *
כם	2	1	בדרכ	0.729	פיוט #940 — צלות יום הכפור	להתאפק * ויקרא הן יצא החוצה: ויאמר אני יוסף אח'כם' * אדרש כל
מתודעים	3	0		0	פיוט #958 — צלות ‏ הכפור	רברבים * ובנורים מן חשכו: מתודעים מן חשבן ‏ * דלו ערים . ‏
והיוביל	3	0		0	פיוט #959 — צלות יום הכפור	והיוביל : וצריקות מועדיך * בעדניון לך אשכיל: מי כמוך העם הנושע *
וכפירות	3	0		0	פיוט #969 — צלות יום הכפור	וכפירות * מקפין דן אל דן: והנה רז טוב מאר * במימרו חקת עלום
הפנע	3	0		0	פיוט #977 — צלות יום הכפור	הדרך הדרך נלך * ממנו לא נסור : עד נמטי הפנע * ויתקע שופר הדרור :
זבוג	1	2	טוב	0.71	פיוט #1006 — צלות ‏ הכפור	זימון טב לא בו בישתה : ואן אזדמן גזרה * או זבוג נבר ואתה: מוסף
מסתדרי	3	0		0	פיוט #1021 — צלות יום הכפור	'בסבלותם * ’‏ היו מקברי: והנביאים והכהנים * יחיו מסתדרי:
זקיפין	0	3	עומדימ	0.567	מימר מרקה I:35 (ספר פליהתה)	…ומללו עמך בדחלה רבה יומה קעומים על תרחה דמלכה וריש › י ‹ ון זקיפין כאריה ולביה ואנון בעין מנך רשו עד ייעלו לקדמיך הן בעיך כן א…
מטעיאל	0	3	עמי	0.54	מימר מרקה I:70 (ספר פליהתה)	…ה דמיה הות בי אשתבעת לתיבו וגוזליה דשרה בקנוניה ודכרה דיצחק מטעיאל לגוה נכש בקרניו כל דין דמכה לה עללתה דבי אשתבעת מדגנה ומצמת…
מקלס	0	3	מהולל	0.616	מימר מרקה I:75 (ספר פליהתה)	…מגלג בשלם דסגדו לך בניה דנשיה ובתר מותך את מגלג סגי מכן דאת מקלס בעננה ובאשתה כד אסכם נביה מן בכותה אמר לבית אפרים סבלותה את…
זעיפין	0	3		0	מימר מרקה I:53 (ספר פליהתה)	…ויאן רברבן מן אלין ארגז עליהון ונפקו ושבקותה עכיר ועוד אפיו זעיפין…
ישתפל	0	3	עליכ	0.616	מימר מרקה I:26 (ספר פליהתה)	…שמי בדיל לא ידחל ואפשטת לה אטר מן אשתה עמיתה סימני בדיל לא ישתפל לבה ובתר כן אמר יקיר לשן אנה אמרת לה בדילך הו יהי נביך אמר…
טטע	0	3		0	מימר מרקה I:16a (ספר פליהתה)	…עמו נביות משה הך הו משרי למקרי מקרא אנוש דרבה בה בקשטה טטע שרי למקרי בשם יהוה בריש שירתה טטע מדי ט עבידה פרדיס גדיל קש…
וזאן	0	3	אמת	0.429	מימר מרקה I:16a (ספר פליהתה)	…שית אקר כהלה רוח שבתה אתר כהלה קדיש אכה מדע משה התחזי לעלמה וזאן לקעימיה ולמאתיה דעה…
הרגריז	0	3	גריזימ	0.721	מימר מרקה I:72 (ספר פליהתה)	…ה נחת לסעד לבוכון ירדנה הוה כרז לון עברו חדין עתיד אנה מנשף הרגריז הוה כרז לון אסקו בשלם קראי ברכתה גלגליה הוו כרזין לון אתקומ…
אתחידו	0	3		0	מימר מרקה II:39 (על תהומי מעין עדן)	…חלו ואמרו בקנומון כד מצרים מחרבה מה יהי לן וקשטה הך אמר לון אתחידו כי לוכון מתעבד רב מכן הן הוה אהן בדילון עביד כי בדיל בניון…
יסתיב	0	3	ואינו	0.204	מימר מרקה III:9 (וידבר משה והכהנים הלוים)	…על שילתך עד תתוזף בנהר האגבו כי כהנה קדיש וכל קדש בעלמה כד יסתיב איך יהי קדש אנש ינדי ליד משכנה בהמה נדר והיא באדה שלמה עד ה…
ידועיה	0	3	אנשימ	0.193	מימר מרקה III:26 (וידבר משה והכהנים הלוים)	…ממללה אמרו בדיל יוסף דו חברה דאתרה אמיר לון על מד מללו ממלל ידועיה יתה ישמעו יוסף בריך וארעה בריכה דילה ממלכה לית לידה כהנה וה…
ומוזף	0	3	וכמה	0.322	מימר מרקה III:74 (וידבר משה והכהנים הלוים)	…ה מבזע ומבזק תהי בארעה הלא על מלואה יגבי קין וברה דברה יזיף ומוזף ובדן אלפן לכל דריה דלא ידמי אנש בקין ולא יעבד כעובדה כי חסל…
גלג	0	3	לפי	0.554	מימר מרקה IV:56 (מימר על שירתה רבתה)	…עבדו אבטל מן אנשה דכרנון } דכרנון { בקשט ב » ק « יאם אבהתון גלג › ל ‹ ת עמון…
חציצריה	0	3		0	מימר מרקה V:7 (מימר על וימת שם משה)	…נפלו על רגליו ונשקו צלמה מן אכה ומן אכה ופינחס בן אלעזר סבל חציצריה באדה והוא קעום קדמיו בכי אמר לה נביה רבה משה אה בר ברה דאחי…
ידוע	0	3	דעת	0.414	מימר מרקה VI:5 (מימר מדבק בשנים והעשרים אות)	…אה בוראים רמין וחיולין לית בחיל ידוע ידע רבות ברואה אה בוראים חיולין רב הוא ברואון לית בחיל ידוע…
דסליחתה	2	0		0	פיוט #2 — צלות יהושע בן נון	מרין דסליחתה יסלח לחובינן
לקנוטן	2	0		0	פיוט #4 — אדיק עלינן מרן	הך דעבתן חוביה • אנן לגין בתשניקיה • לית לן רנין קמי טובך • כל רניניה עלינן • דאבדנן לקנוטן • אנש מעי גרמה באדה • מן יבל אתי ומפשר לה :
מצטלבת	2	0		0	פיוט #4 — אדיק עלינן מרן	לית דיניה מבלדין חיב • ולא ערויה מצדין לה • לית רמעין לנפשה כלום • מרוד לטי גרמה מנעל • וידע דילה מצטלבת • הפך דיו על אפדיו • וידע דלית מנה אנחה :
בטרטוש	2	0		0	פיוט #4 — אדיק עלינן מרן	נפשה קעמה בבלוד • וחייה בטרטוש חיול • דהפך טובה אפיו מנן • ואלית רחמנה דבק • ומנהר לרחמיו • יבכון חיביה גרמון • דאנון באשדה חיולה :
ינוקה	2	0		0	פיוט #4 — אדיק עלינן מרן	כנותה [?] היא דעבדת • כל אהן לבטה רבה • תהי ארורה לגו כל אתר • פרי מעיה חסירין • ופרי ארעה משנתין • פמה דדינה פתיח עלינן • מבלע ינוקה עם סהבה :
מגעז	2	0		0	פיוט #5 — אזל שלם יום שבתה	הא מגעז יומה קדישה • ברבואן ובתשבחן ובאיקר נסגד כהלן דן עם דן לקדשה דיהבה לן • ומלוזה מכל עותרה • וכללה מכל טובה • וסגודיו מתענין • ותשבחתה מתמרן • טוביון סגודיה דשוו בך אה יומה קדישה • מתנתה דאלה כלה :
רברון	2	0		0	פיוט #5 — אזל שלם יום שבתה	רחמנה טבח רברון דחייה • אמליכנן נגוז משחתה דאיטמה בשלם • על דדי טובך רבה • וברטיכנן לחשכה ותהומה דאנשמותה • ואנן עטין הך עבדך חליפן • ותהומין דלא מטלטלין • לך נתן תשבחן דכן פלג מדעך :
חליצה	2	0		0	פיוט #5 — אזל שלם יום שבתה	קדיש קדישיה הו אלה דבראתה • והיא חליצה בידה מן כריה דטוב מאד • ארשיה חילין ודמיסין בריאן • ואמנה דעבדה קבע לה שבשבא :
גבוראתך	2	0		0	פיוט #6 — צלות מרקה — עבודה דעלמה אלהים יסתגד	גבוראתך אנין • עללתה דמרעך : גליאתה כריה • וכסיאתה דמעה :
זעיקתך	2	0		0	פיוט #6 — צלות מרקה — עבודה דעלמה אלהים יסתגד	זעיקתך בריאן • וכריזתך עלמין : זעיו רחמיך • זהו לעבדיך :
דאנדיכנון	2	0		0	פיוט #7 — עבודה דעלמה מן ישום רביאנך (דורן)	דעבדת דלא לחיו • עובדיך דרמין : דאנדיכנון לאמן • לגו ששה ימים :
כיודויון	2	0		0	פיוט #7 — עבודה דעלמה מן ישום רביאנך (דורן)	כיודויון דחייה • דמנה כל מלאין : מלל מן אשתה • לא יהי לך אלהין :
אקפח	2	0		0	פיוט #7 — עבודה דעלמה מן ישום רביאנך (דורן)	שמה לשמה • אקפח ברבו : יהוה אלהון דדריה • ומשה נביא כל דריה :
שקוף	2	0		0	פיוט #8 — אתי בשלם	חתם לא משתרי לעלם. אהן דהוﬞה בארע מצרים. הדם מתחזי על שקוף. ואלה פסח על בתיון׃
קליצים	2	0		0	פיוט #8 — אתי בשלם	תנים יומה נימר כדו. קליצים באהן דכרנה. סגדים ומודים לאלה. יפרק יתכון מן סניכון׃
רחילה	2	0		0	פיוט #9 — מן מימר הבהנים והזקנים רצון יהוה עליהם אמן	אלהנו רחילה בשוט יה ובארע יתברך לית חיל דיקום אלא חילה ולא יעבר
ונרוטם	2	0		0	פיוט #9 — מן מימר הבהנים והזקנים רצון יהוה עליהם אמן	אלה לבר מנה שמה ישתבח וחילה יתרומם ׳לשמה נשבח ונרבי ונרוטם
פריחתה	2	0		0	פיוט #9 — מן מימר הבהנים והזקנים רצון יהוה עליהם אמן	פצאה ' רטפצי לן מן חוב יה ומן דיניה ומן פריחתה ישתבח • עבוד צדקה .י
שסו	2	0		0	פיוט #9 — מן מימר הבהנים והזקנים רצון יהוה עליהם אמן	אל ברוך שסו לעולם • אל בטח כל אדם * אל בראשית דום נקם :
אהיר	2	0		0	פיוט #9 — מן מימר הבהנים והזקנים רצון יהוה עליהם אמן	אהיר . אשר אהיה :
טדי	2	0		0	פיוט #10 — ב מימריו ן	אליך נצעק י אלהיט לך נרומם * אלהיט לך טדי ונשתחוי * אהיה אשר
בפליאתך	2	0		0	פיוט #12 — ושבת עד יהוה אלהיך ושמעת בקולו : *יתרומם שמך	לא יבטלון פממינן מן מתנין בפליאתך * ולבבינן לא יתנשון דחלתך *
רחמגה	2	0		0	פיוט #12 — ושבת עד יהוה אלהיך ושמעת בקולו : *יתרומם שמך	ואמרים אה רחמנה דבקן ברחמיך * אה רחמגה *צדק עלינן בצדקה
כץ	2	0		0	פיוט #12 — ושבת עד יהוה אלהיך ושמעת בקולו : *יתרומם שמך	־ ״ .רינה קריעה ׳ -אהה ברחמיך ״ .כץ ׳ ,ומן
רחסנה	2	0		0	פיוט #12 — ושבת עד יהוה אלהיך ושמעת בקולו : *יתרומם שמך	אי יחכם סימניך ופליאתך אה רחסנה דבקן ברחמיך אה רחמנה אשקף
ומדילך	2	0		0	פיוט #12 — ושבת עד יהוה אלהיך ושמעת בקולו : *יתרומם שמך	אלא ממה דחבמת רבותך : כלה דילך • וכפית לך ומדילך ובנהרך *הו
אוזן	2	0		0	פיוט #12 — ושבת עד יהוה אלהיך ושמעת בקולו : *יתרומם שמך	עורן אוזן החמר בלחץ ואלה עפס ¥ ,עליו הרצון
נגה	2	0		0	פיוט #12 — ושבת עד יהוה אלהיך ושמעת בקולו : *יתרומם שמך	ה. .., ס נגה בן מרקה רצח ' הוה עליי א:י
אלהוחה	2	0		0	פיוט #13 — צלות מרקה	את רהס ¥ .אלהוחה ¥ .קנה רמעונה ־ ,קעניה דמוענדז
צריבין	2	0		0	פיוט #13 — צלות מרקה	צריבין אנן לך ־ קעימין ומיתין : *צלואן בקשט * לשמך יתמרן :
יגיח	1	1		0	פיוט #13 — צלות מרקה	תנינן בתשבחתך * אמנן באיקר רב : חאבנן לאקרךיולית כלום *יגיח בן :
רנצח	2	0		0	פיוט #13 — צלות מרקה	יהוה רבה ויחיראה • רו רנצח בל קרב : שבחותה רחמיו • לנו כל
רמרה	2	0		0	פיוט #13 — צלות מרקה	טב *מבשרה * לתשבחתה * דאלה רב : טוב דשהר וקרץ * בריחותה רמרה :
דטתחיב	2	0		0	פיוט #13 — צלות מרקה	סגי דטתחיב לך * ובזעורן את מתפעם • סגור ראנציר עמך * לית
נמ	2	0		0	פיוט #13 — צלות מרקה	גליתה וכסיאתה * גדילן נמ ן טובך : מיתה ראתה * מדברה שלטנך :
ואימטה	2	0		0	פיוט #13 — צלות מרקה	לך אנן משבחין * ואמרין מן כותך : לך יהי משבחה י נליליה ואימטה :
ופשק	2	0		0	פיוט #13 — צלות מרקה	ריש כלה אתה • וכן אסדיך על נדלך : רחמנה טבה • אדיק לן ופשק :
מנלגל	2	0		0	פיוט #13 — צלות מרקה	עדן מנלגל חיים * למן דשתי מנה : עדן דעקרה ב מן חיי עולם :
ריכל	2	0		0	פיוט #13 — צלות מרקה	עותרה ראלהותך * אשחר בטור סיני : עותרה דמלבוחך * מנו ריכל שאם :
גלגיך	2	0		0	פיוט #13 — צלות מרקה	גיבור אלהיה * דלא מקף לה תנין : גלגיך יימרון * נעוזי עלמה :
נריל	2	0		0	פיוט #14 — בלבה אלילו	גדולה גיבורה • גדלה לאלהותה : נריל בחיל • ונפלא בגבורן :
רפרש	2	0		0	פיוט #14 — בלבה אלילו	והבו רבו לאלהנו * חלקה רפרש לה : מנה לה לקלומה * ועורן לא
רעלטה	2	0		0	פיוט #15 — צלות עמרם , דרה רצון יהוה וסליחתו עליו אמן	עבורה רעלטה י תסתנר ותשתבח : עבודה רעבד • לא כתשבית עבוד :
ראלהותה	2	0		0	פיוט #15 — צלות עמרם , דרה רצון יהוה וסליחתו עליו אמן	נ , אתהו חדה ראלהותה דילך : אתה ו לנרמך עבוד וכלה בירך עביד :
עבידאתך	2	0		0	פיוט #15 — צלות עמרם , דרה רצון יהוה וסליחתו עליו אמן	מן מדעה נחכם * יתך מן עובדיך נמ ן כתביך נחכם • עבידאתך מנך :
פשוטי	2	0		0	פיוט #15 — צלות עמרם , דרה רצון יהוה וסליחתו עליו אמן	פשוטי *אד אגן ' • צריכין לצדקה : ׳פשט באדי חסדך • רוח לאתלתותן :
לאתלתוחן	2	0		0	פיוט #15 — צלות עמרם , דרה רצון יהוה וסליחתו עליו אמן	בעיני רחמיך • וחסדיך צפיתן : בארי חסדך פשט • רוח לאתלתוחן :
זמ	2	0		0	פיוט #15 — צלות עמרם , דרה רצון יהוה וסליחתו עליו אמן	זמ ה אנן ביד רמך * אלולי רחמיך : מה עפר נשיש י לקבל נבילה :
אסוחן	2	0		0	פיוט #15 — צלות עמרם , דרה רצון יהוה וסליחתו עליו אמן	שעתה דבה נתחרד • בתר בליותן : אליתה צפי לן • בחסדך מה אסוחן :
רנשם	2	0		0	פיוט #16 — לכהנה רבה עמרם דרה רצון יהוה עליו	אהן רנשם :
אניף	2	0		0	פיוט #16 — לכהנה רבה עמרם דרה רצון יהוה עליו	עוברין חיולין • ותקיפין עובדיך : *ועם בןג זעורין • אניף אקר יכלותך :
רקשטה	2	0		0	פיוט #16 — לכהנה רבה עמרם דרה רצון יהוה עליו	נרחל מן קרין * בכתביו רקשטה : נצפי בה מלל אלה • למשה *פה
דסנלתנן	2	0		0	פיוט #16 — לכהנה רבה עמרם דרה רצון יהוה עליו	עבודן נהימן בך * ובנביאך ובכתבך : אתה דסנלתנן • בבחוריך ובקדשיך :
רשקיח	2	0		0	פיוט #18 — ז צלות כהנה רבה פינחס רצון יהוה עליו	ראתהו שקיחה * רשקיח בכל אתרים : דמקדם כל כלום * *ומעבר
הע	2	0		0	פיוט #18 — ז צלות כהנה רבה פינחס רצון יהוה עליו	קרא ה רקרא • אנכי יהוה אלהיך : קרא עטור את יום הע בת * וחייה
צלוח	2	0		0	פיוט #18 — ז צלות כהנה רבה פינחס רצון יהוה עליו	ב צלוח כהנה רבה אלעזר בן פינחס רצו ; יהוה עליו :
חבטה	2	0		0	פיוט #18 — ז צלות כהנה רבה פינחס רצון יהוה עליו	חכמתו יתבת יכ ל כלום בטב יתוב : חבטה במלאת רעת * בכוח
בעוברו	2	0		0	פיוט #18 — ז צלות כהנה רבה פינחס רצון יהוה עליו	ד יעבד בעוברו :
נררש	2	0		0	פיוט #18 — ז צלות כהנה רבה פינחס רצון יהוה עליו	נררש מן חסדיך * זכרו את עבדיך : נפל על פנינו פניך * קריב אתה
נויותי	2	0		0	פיוט #18 — ז צלות כהנה רבה פינחס רצון יהוה עליו	קרחי לישועתך • יהוה אלה' : קראתי בשמך אלהיב מצמתי נויותי ורוחי :
יסתנר	2	0		0	פיוט #18 — ז צלות כהנה רבה פינחס רצון יהוה עליו	א: ־ מד לית אלה אלא אחר י *לא עלם * אלא דילה * ולא יסתנר אלא
רארכן	2	0		0	פיוט #18 — ז צלות כהנה רבה פינחס רצון יהוה עליו	מרבי ; לה רארכן קלומה * ■ וכן עבר משה בטור חוריב * אמת דקעם קמי
ניבד	2	0		0	פיוט #18 — ז צלות כהנה רבה פינחס רצון יהוה עליו	עלינן ברחמיך *ער לא ניבד * אנהר לדכרן רחמיך :
משתמשין	2	0		0	פיוט #18 — ז צלות כהנה רבה פינחס רצון יהוה עליו	ותוקד אלהיון וסנוריון * עד אמת אנון משתמשין * ורחותך וקשטך סבל
דיבשחה	2	0		0	פיוט #18 — ז צלות כהנה רבה פינחס רצון יהוה עליו	אלא *לך מול ״ הינריזים בית אל בחורה קדישה דמע 'דיבשחה * ישתבח
ראברהם	2	0		0	פיוט #18 — ז צלות כהנה רבה פינחס רצון יהוה עליו	בכסי דבק רמה רידבקנן * אלהה ראברהם ויצחק ויעקב • שמע בקלן מרן
רצפרה	2	0		0	פיוט #19 — ישתבח אלהים : לית אלה אלא אחד	האן דאחון קעמין בחלקה רצפרה * ועמין לאורה ' סלק ומניר על כל וו
רבוחה	2	0		0	פיוט #20 — לעבודה • ישתבח אלהים : לית אלה אלא אחד	מתפעם ' • לך יסקן תשבחן , , . . רבוחה לך • ישתבח אלהים : לית
פריסין	2	0		0	פיוט #20 — לעבודה • ישתבח אלהים : לית אלה אלא אחד	פריסין • ואתשקע חמן פשר ־ אמר מלה מתעניה חייה ומותה בשלטנך יא ה
פריס	2	0		0	פיוט #20 — לעבודה • ישתבח אלהים : לית אלה אלא אחד	פריס ין • ועכרה מסלק • ורשותה קפילה • ובוראיה ממחנק * וטל על דיארי
רחוחה	2	0		0	פיוט #20 — לעבודה • ישתבח אלהים : לית אלה אלא אחד	רחוחה ״ ועבודה רעלמה ישתבח דלא באלילו * ישתבח אלהים ן לית אלה
רלבר	2	0		0	פיוט #20 — לעבודה • ישתבח אלהים : לית אלה אלא אחד	דריקה רלבר מנה * דעתיד לק מ כל מנויאן * וכ ן'כתיב בשירתה רבתה *
רלח	2	0		0	פיוט #20 — לעבודה • ישתבח אלהים : לית אלה אלא אחד	¥ רלח אלהון יכרבון , * ,עלא א י ¥ יל א •
רילה	2	0		0	פיוט #20 — לעבודה • ישתבח אלהים : לית אלה אלא אחד	וייחון טבין ריסון אגרון • דעלט ה למן דו רילה * עבור מה דו בעי * ולא
ראורה	2	0		0	פיוט #21 — השבת צפרה	ראורה תטה לכל דעמי לה * לאו יע לכ ל אנש מכל בניו דאדם * כל
בטבאתך	2	0		0	פיוט #22 — תורנים תתמר בשבתות	נתני בטבאתך * רחמנה מלכה חא ן לן ומוחי לן ומגן * וחיב עלינן משבחים
גס	2	0		0	פיוט #23 — עורן כ ; על ואלה שמות	חיול הוא חילה רכן ארכן מנשמה *איך דאתי גס ן דוש בנלל רינשמו; יח
אוץ	2	0		0	פיוט #26 — על מועדיה וראשי יר חיה	אביך ,אוץ ־
כג	2	0		0	פיוט #26 — על מועדיה וראשי יר חיה	מברך הוא ביתה דיעקב נרי דנפק מלגבה * שת מ־אן דאלפים הוו * כג* ־
זזועה	2	0		0	פיוט #28 — עורן כן על יום הכפור הקדוש על פינחס	אליהן רחמן ורתאי דבק לית לן דבוק לבר מנך זזועה דילך אה קשטה
בס	2	0		0	פיוט #28 — עורן כן על יום הכפור הקדוש על פינחס	נאותך • ואשדכת ׳בס נא י רחמיך , * סהר מודע לעלטה דלית אלהו אלא
שנגנו	2	0		0	פיוט #28 — עורן כן על יום הכפור הקדוש על פינחס	חסינו שנגנו ופשענו פניך אה אדני • אהיה אשר אהיה זכור לעבדיך לאברהם
לשטר	2	0		0	פיוט #28 — עורן כן על יום הכפור הקדוש על פינחס	לחסדך וטובך ורחמיך וחסדיך * תמלי אתנו לשטר משמרתיך חקותיך
ונביע	2	0		0	פיוט #28 — עורן כן על יום הכפור הקדוש על פינחס	הך יהובה ולא נביא הך כתובה אלה כלה אחד ונביע אימנותה:
ראל	2	0		0	פיוט #28 — עורן כן על יום הכפור הקדוש על פינחס	באצבע אש אכלה כתב * במרעה ראל ה ותה * בצומין ובצלואן אקבל • ביד
רסע	2	0		0	פיוט #28 — עורן כן על יום הכפור הקדוש על פינחס	רמימר ¥ .מקבל רסע דמן , ■ * .נעת ו'עמה ימ ן מעונה על ריצו מורה י
ררחמיה	2	0		0	פיוט #30 — ויתמר על השבת הראש מן החדש בכל זבן	ברקיה אנירו לה נפק מן כס ית ה לנליתה ומלין ררחמיה רסס וקדום לא
גלבים	2	0		0	פיוט #31 — עורן כן על מועדיה וראשי ירחיה	גלבים הו אהן כתבה ביני כל אמי עלמה נלנים לנביה דאשוה מקבלה ואמטה
ראושט	2	0		0	פיוט #31 — עורן כן על מועדיה וראשי ירחיה	אהנו בחבה רבה • ראושט מלכה רבה • 'לנביה מהימנה * אהנו דנחתו
אצטטתו	2	0		0	פיוט #31 — עורן כן על מועדיה וראשי ירחיה	טובה אזרזע ונחת טור סיני • ארתת מנה טליה * אצטטתו משמע קלה
רעבר	2	0		0	פיוט #34 — עורן כן תלביה על כתבה רב ה	דתלה אתעבד נביה י אטת דקבל לותיה * רעבר אלהה קטיו י דמי עלטה
זיטוני	2	0		0	פיוט #34 — עורן כן תלביה על כתבה רב ה	זיטוני קדש לנבדי * זעיקים ביר אלה קעים * זכאהי הלכו שביליו * זרעון אנו
עסרחי	2	0		0	פיוט #38 — עורן כן לונ עוד על יומי השבעות	טור סיני יקרי קמי נמה עסרחי טליה : טובינן ומה שמענן הלא הוא חיינן :
זידנים	2	0		0	פיוט #40 — בלילי ואימם	אנחנו לא כנים * ועוד לא נאמנים * וקברי זידנים י ברום טברינו :
אמטיר	2	0		0	פיוט #40 — בלילי ואימם	חיינו בשלטנך • ורוחינו קניאנך * אמטיר מן עננך * רחמיך עלינו :
צעקותינו	2	0		0	פיוט #40 — בלילי ואימם	שמע צעקותינו י והסיר צרותינו * וקבל שובתיני * וסלח לאשמינו ן
דך	2	0		0	פיוט #44 — הסנדות בשבת הראש מן החדש	נ * £ אדני יהוה אן ראית ברב נדל חם דך •מרי בעמל הנבי שוב מחרון אפך :
דיק	2	0		0	פיוט #45 — בשבת השני והשלישי	אדני . , , חסדך * מרי בעמל הנבי הצ דיק הנ אמן משה ע בדך ובכהנח
ובכהנח	2	0		0	פיוט #45 — בשבת השני והשלישי	אדני . , , חסדך * מרי בעמל הנבי הצ דיק הנ אמן משה ע בדך ובכהנח
לרמע	2	0		0	פיוט #52 — למלכה רבה דיהי לן שבתה וגזרתה	כל אשתה יומין דשבק תריהון ואזל לה מרמי לרמע מחלל : ורכותה ונו
זעיקה	2	0		0	פיוט #55 — באיסטרי עלמה ברעו יומה דשבתה נלא אימנותה	בריאן קטירין דן לדן בריתה דמרתה ובריתה דיום שבתה הדה זעיקה בריה
במגביאתך	2	0		0	פיוט #55 — באיסטרי עלמה ברעו יומה דשבתה נלא אימנותה	לך דאת רחאי • רחמן אתה בדיניך • ורתאי במגביאתך לעל ם:
פוקיח	2	0		0	פיוט #55 — באיסטרי עלמה ברעו יומה דשבתה נלא אימנותה	טיבההך מתני , , ,חי את בא מרי ־ פוקיח בבל אתריה
ספבאתה	2	0		0	פיוט #56 — ז עודנה על שבתה חמישה דיזמן	יודון לך בל פממינן * ישתעבדו לך גויאתה • ישבחונה ספבאתה • ירחמונה
גלוגה	2	0		0	פיוט #56 — ז עודנה על שבתה חמישה דיזמן	עורן כן : צלות הזקן היתר אב גלוגה בן קלה יסלח לו יהוה :
יהודז	2	0		0	פיוט #56 — ז עודנה על שבתה חמישה דיזמן	קרסו .יהודז אל רהום נ . רכדדז * .בר בוביה . מ . £ , *
דעלטה	2	0		0	פיוט #57 — אמנות השבתות והמועדי□	ז . ז אהיה אשר אהיה עוק כל בוראיה ואתו במימרה * פרנסה דעלטה ועבורה
גמול	2	0		0	פיוט #57 — אמנות השבתות והמועדי□	וברתותך גמול • קבל ערוק לירך דלא אשקח מעול י אלא * בתרח רחמיך דת
תח	1	1		0	פיוט #57 — אמנות השבתות והמועדי□	תח־זצני על עמלי וקבלי * בסליחת ך וארתיתי הך די י אמנותך וביומה תראה
חשבאתי	2	0		0	פיוט #58 — מרי אטרנון בלילה ואיממה	מרי אושט לי ברבאתך ותק ; * עבידאתי והער חשבאתי י ואלבש יתי חנה
שרביט	2	0		0	פיוט #58 — מרי אטרנון בלילה ואיממה	אה פלטה ראהרן מן עבורי עגלה • פלטי מרי מבל ארצם ומכל שרביט :
רעבדת	2	0		0	פיוט #58 — מרי אטרנון בלילה ואיממה	רביאנך רלא מ ש תאר ונתפעס רעבדת עלמה אמת דאמתך ועל מה ראכסי
יעשיר	2	0		0	פיוט #58 — מרי אטרנון בלילה ואיממה	ומחיא כל הנפשות מחסדו עשיר מכלכל עושר מלפניו ולו לא יעשיר וכל טוב
ויוריעני	2	0		0	פיוט #58 — מרי אטרנון בלילה ואיממה	הייתי ויברא אתי וחי לא הייתי ויחיה אתי ולא אוכל וימשלני בעיר ויוריעני עור
הת	2	0		0	פיוט #58 — מרי אטרנון בלילה ואיממה	אברכהו על ארח הת י ים אשר השיב לפנינו ועל דרך הטוב והישר אשר
יוכיח	2	0		0	פיוט #59 — אמנות העיבתות והמועדים	העדות האלה הקים ובמשפט הזה תמירה יוכיח די לעדתיו לא נתנם ותהום
הגמיל	2	0		0	פיוט #59 — אמנות העיבתות והמועדים	ליסוריו לא שמם כי הגמיל אתם בתורות החיים אשר שם לפנינו בשלחהו
ותשיב	2	0		0	פיוט #59 — אמנות העיבתות והמועדים	הצר לרוחה ותשיב המלחץ למרחיב כי כל סגור פתוח בידך לב ים שמת להם
אסנל	2	0		0	פיוט #61 — השבת • צלי ואקרי וברך בשם יהוה	זה השבת הקדש * מה רבו ועצמו • יהוה אסנל במשמרו י לישראל עמו :
ימטיר	2	0		0	פיוט #64 — תפלה * , אלתפלה ג *-גו אבישע	את השמים : ולא ימטיר עליכן * : ואתקף הצמא מאד : ותקומה לית לנן נ
תושיעו	2	0		0	פיוט #64 — תפלה * , אלתפלה ג *-גו אבישע	פלה לך יצעק : ומן חסדי ךבלש : תושיעו ן'בישועה : אל דן לחצה תנפש :
חנזף	2	0		0	פיוט #64 — תפלה * , אלתפלה ג *-גו אבישע	שיאלן שמע אה מן : שמך הצור תמים : ולא חנזף חפלה : עבדיך לך קעמים :
תפירה	2	0		0	פיוט #64 — תפלה * , אלתפלה ג *-גו אבישע	רבה : בחסדך קצפך הם ירה : ואטפי האש הלהבה : ובריתך לא תפירה :
תושיע	2	0		0	פיוט #64 — תפלה * , אלתפלה ג *-גו אבישע	מבקשי : אליך רבי תמיד : אן לעבדיך תושיע : מן הננף ותקים לק : מה
תעביטה	2	0		0	פיוט #64 — תפלה * , אלתפלה ג *-גו אבישע	אן ראית בחסדך : עבדיך תעביטה : בזה הלחץ הכבד : והמגפה ומשפטה ; ■י
ובעותיון	2	0		0	פיוט #65 — ופסחתי עליכם : ולא יהיה בכם נגף	תסף : אהב להם טובך : ובעותיון לא יטרף ; כי מנך מסתכלים : האנשים
מתפתיח	2	0		0	פיוט #65 — ופסחתי עליכם : ולא יהיה בכם נגף	כלה אתה עמי : וכל כלום לא יפלאך : ותרח טובך מתפתיח : ולית שותף
ותושיעון	2	0		0	פיוט #65 — ופסחתי עליכם : ולא יהיה בכם נגף	וארך היום נקראך : תרחם על עבדיך : ותושיעון בישועך : ומלגו לחצה
תצילנו	2	0		0	פיוט #65 — ופסחתי עליכם : ולא יהיה בכם נגף	נפרש היד : ונדרש מן חסדיך : אה ים הטוב והחסר : תצילנו מן הרע :
ברתוחך	2	0		0	פיוט #65 — ופסחתי עליכם : ולא יהיה בכם נגף	ראה אלה ברתוחך : ומן הרע הצילנו : ועבד עמן בטובו : לא ברע עמלנו :
והסוכיל	2	0		0	פיוט #65 — ופסחתי עליכם : ולא יהיה בכם נגף	למסכין שאל : ולית איקרך מתחסך : 'עם זכאה והסוכיל : בחסדך
תפלותינו	2	0		0	פיוט #65 — ופסחתי עליכם : ולא יהיה בכם נגף	תפלותינו ושיאלינו : בטובך לא תטרפה : ולא תשיב אתנו דקים : רק חסדיו : . ק
נצטמת	2	0		0	פיוט #69 — צלות שבת צמות הפסח	צמות נצטמת באשמחות : בזה שבת הצמות : פתח מועדי יהוה : בריך
סנול	2	0		0	פיוט #73 — צלות שבת צמות הפסח	אל כל כהן נחל * טהור קרוש סנול : חשוב אמת לא פגול • מתנון * יהוד . הנחל :
יסובבה	2	0		0	פיוט #73 — צלות שבת צמות הפסח	ישרון יסובבה :
שטחותך	2	0		0	פיוט #74 — לית בבל יוטיה : וטרקה אתהו עבורן * ישתבח	ויחרש שטחותך :
צריבותו	2	0		0	פיוט #75 — צלות שבת צמות הפסח	צריבותו :
קרושה	2	0		0	פיוט #77 — צלות שבת צמות הפסח	קרושה :
רליהוה	2	0		0	פיוט #78 — צלות שבת צמות הפסח	האלהים * רליהוה עבד : ראה פניך לא פיללתי . והנה יהוח צמר : זה היום ביני
ייתמר	2	0		0	פיוט #79 — צלות שבת צמות הפסח	בקטף ־ ייתמר אריק עלינן איביזילימיניסיעישית * וטרי בעמל
וקידש	2	0		0	פיוט #79 — צלות שבת צמות הפסח	ובכל זבן בנצירו * ובכל חלה וקידש : אמרים מימר • מי במוך נאדרי בק׳דש :
יגמיל	2	0		0	פיוט #83 — עורן מחלף יום ולילה	טובו לנו יגמיל •
רברנה	2	0		0	פיוט #85 — צלות שבת צמות הפסח	ניחת בה בטוב דעת • ויל א יהיה חלל : והוא מורשה קהלת יעקב • רברנה רלא
סנור	2	0		0	פיוט #88 — צלות שבת צמות הפסח	מח הו מנון סנור :
נלינאתו	2	0		0	פיוט #89 — ובלילה	הקטן * נלינאתו לאדי ; כי על הלבותח • בין מה לנן שוי : וארש פקדתון י
רברנותה	2	0		0	פיוט #91 — צלות שבת צמות הפסח	דבר כהנה רבה פינחס • בטב רברנותה : אדני אשכן בנונ • במיסון ננתה :
יחנלג	2	0		0	פיוט #92 — הנכבד ויתמר ישתבח *לאדונן אבישע	יחנלג קראה דקרא עסרתי טליה וידבר אלהים את כל הדברים ונו
ויילף	1	1		0	פיוט #93 — צלות שבת צמות הפסח	טעמו כצפ : חיה בדבש * ויילף וילף : באלפן קשטה קמיך * אשר בחר בו
זכחן	2	0		0	פיוט #93 — צלות שבת צמות הפסח	לנן בון אסקף : זכחן ופקד ותרומה * ולקחח את כסף : צמות בתר בדור •
שביבון	2	0		0	פיוט #93 — צלות שבת צמות הפסח	מפוק : שביבון מבין מן אלה י אימר לוכון תנים : יומה מאה שנה * ואתם
רכרן	2	0		0	פיוט #93 — צלות שבת צמות הפסח	ויגש * ופניו עבד הסמנים : על כן הוה רכרן מפרש • בין עדת הזמונים : ובו
ייטיב	2	0		0	פיוט #94 — צלות שבת צמות הפסח	וענות הנפש כי טובה • ואלה יאהב הענים : וישנא מן נפשו רבה • ולא ייטיב
השלישת	2	0		0	פיוט #94 — צלות שבת צמות הפסח	השלישת : אלה הדוקים והמשפטים והתורות אשר נתן יהוה בינו ובי ; בני
ישכילו	2	0		0	פיוט #95 — צלות שבת צמות הפסח	דגל בתר דגל * וטנדילו ינידלו : ומן אכה ואזל * נפרש מה ישכילו : מן מובא
תננש	2	0		0	פיוט #95 — צלות שבת צמות הפסח	וכספו במשקלו ; מאת ידבנו לבו * ביצרו וממללו : תננש לקדש * דיהוה
ואסנלו	2	0		0	פיוט #95 — צלות שבת צמות הפסח	ואסנלו ; אלה לחיים יעזר • ובטובו ובחסדו מגאלו : וכל שנה בחרי מחי *
ראזדמן	2	0		0	פיוט #95 — צלות שבת צמות הפסח	צלותה * דאכה הקהלו ; וישמר חיי צמיתה * ראזדמן בזאת הצלו ; ומרן יקבל
עררו	2	0		0	פיוט #96 — צלות שבת צמות הפסח	וידון י יצחק הכהן אמור אהן ממלה ומכנשו: • ואפשט עררו , על קצרות
הצלוח	2	0		0	פיוט #97 — צלות שבת צמות הפסח	ולעלם תסתנד ולעלם חשתבח ותתחסל הצלוח בטוב וחסר :
בריזתה	2	0		0	פיוט #103 — צלות לילה חדש הראישון רמשה	בריזתה נכח * ונדכר תלתה זכאים : כל מנון טהור הרז * וידיו בזכותה
הרמעים	2	0		0	פיוט #103 — צלות לילה חדש הראישון רמשה	ואלהי נביה רבה משה • דמע הרמעים : ישמע קלין רצבעתבון • עם חדור
רצבעתבון	2	0		0	פיוט #103 — צלות לילה חדש הראישון רמשה	ואלהי נביה רבה משה • דמע הרמעים : ישמע קלין רצבעתבון • עם חדור
תיכון	2	0		0	פיוט #108 — צלות לילת חדש הראישון רטשה	סקפנה • ואו״ ן אבו תיכון *תונו ירושי : ויחדש לך כל שרכנה * וכל שמח
ימתיקה	2	0		0	פיוט #108 — צלות לילת חדש הראישון רטשה	ישטי * וטיייד ימתיקה : ובטל רחמיו לך יכמר • ואוצרו בפניך יבקע : בעמל
טמללו	2	0		0	פיוט #109 — גלות לילה חדש הראישון רמשה	נזין למשמע טמללו :
יראתיבון	2	0		0	פיוט #112 — צלות לילת חדש הראישון רמשה	ויאמן יראתיבון : פחדכם ומראכם י יתן יהוה אלהיכון : לפני איביכם • אשר
צלואתיכון	2	0		0	פיוט #113 — צלוה לילת חדש הראישון רמשה	ויתמר יהוה אל רחום וחנון ומרן יקבל צלואתיכון ויתמר
גחל	2	0		0	פיוט #120 — רב אלה וכי בשם וישרו אלקטף	גחל אתה יהוה * ירך לא תקצר • נדול הגדולים ־ יכל על כל מה דו בעי :
הפוקיר	2	0		0	פיוט #130 — אלעזר בן אהרן הכהן ־ דלבו באורים והתמים מנצנץ	אלהי הפוקיר על משכן יהוה הממן • דמצא בעיני יהוד . חן * ומשמרתו ביד
ויוטיה	2	0		0	פיוט #131 — צלות יום חדש הראישון אן אתא בשבת	קעמה : ויוטיה 'בתשמישותו * הך צבאות ריאמה : יצמטו מה יצרך אליו י
ירחיב	2	0		0	פיוט #132 — צלות יום הדש הראישון אן אתא בשבת	־טבת מביך עליכם • סדרה דאתכנשו : ירחיב יהיה לחציכם ־ ותמטון מה
גא	2	0		0	פיוט #133 — צלות יום חדש הראישון אן אתא בשבת	המתפרש : גא תו ורבותו ריאמים * בון כל כלום בנש ; ביהוד . היה שמים *
דזבר	2	0		0	פיוט #134 — לחדש הזה	את איביך * ויאהב אתך ואת משפחתך : ויסגי לך בל טוב י דזבר ברית
אתבנשו	2	0		0	פיוט #135 — צלית יו □ חדש הראישון אן אהא בשבת	שבת חרש הראישון * מוראו עליך יפת : רבו הירח והשמש אתבנשו ; * לנו
עברבון	2	0		0	פיוט #135 — צלית יו □ חדש הראישון אן אהא בשבת	עדרי ־ כי אני השמש עברבון : ובחיך שים דברי • בטב מרבר ביניכון * , וחתמת
מרבר	2	0		0	פיוט #135 — צלית יו □ חדש הראישון אן אהא בשבת	עדרי ־ כי אני השמש עברבון : ובחיך שים דברי • בטב מרבר ביניכון * , וחתמת
ויתוקר	2	0		0	פיוט #138 — וקדש : בחדש הראישון * בארבעה עשר יום לחרש	זכרון שם יהוה • הצדיק והישר : ישתבח שמו הקרוש * ויתחיל ויתוקר : אולי
הגריל	2	0		0	פיוט #138 — וקדש : בחדש הראישון * בארבעה עשר יום לחרש	הגריל : ונימר שלום יהוה על משה * הנבי הסגיל :
אתפיש	2	0		0	פיוט #140 — צלות יום חדש הראישון אן אתא בשבת	לרבק זה החדש • ולפחרו נחדש : ולמופתיו נפתי * ואל מה בו אתפיש :
צלותיבון	2	0		0	פיוט #144 — צלית ידם חדש הר אישון אן אתא בשבת	אה קדוש הקדושים : השיב לנו רצונך ־ על אתר הקדשים : חתמו צלותיבון •
יננד	2	0		0	פיוט #145 — צלות יו □ חדש הראישון אן אתא בשבת	ולך יסער • בכל מועד • ומועד * ולך יננד י ועיר • ממגד * תבואת שמש :
לירושי	2	0		0	פיוט #147 — צלות יום חדש הראישון אז אתא בשבת	עבר * לירושי היער • לזרע בעל הנדר • מואקם חעבנה *
הקת	2	0		0	פיוט #147 — צלות יום חדש הראישון אז אתא בשבת	הקת עולם כל שנה • החרש הזה ראישונה * במובאו ששונה י ובסור במועד
וזניח	2	0		0	פיוט #147 — צלות יום חדש הראישון אז אתא בשבת	רצונה • ומעבר קרבנה י וזניח פרקנה ימ משפם כל סנא :
ינמילך	2	0		0	פיוט #147 — צלות יום חדש הראישון אז אתא בשבת	בון אלה יקבלך י ויאזין לפללך • ומכל רע ינאלך * וכל טוב ינמילך • ויברך
רבשים	2	0		0	פיוט #149 — צלות יום חדש הראישון אן אתא בשבת	רבשים : בצדיקות ירח אביבה * דן בנר הגאלה לבישים : בין הערבים תזבח •
ואמטיר	2	0		0	פיוט #149 — צלות יום חדש הראישון אן אתא בשבת	ואל תפן אל קשהנו ואל רשענו • וזכור ברית זכאי עלמה : ואמטיר עלינן
ויוביל	2	0		0	פיוט #150 — צלות השבת הראש דמן חדש הראישוץ	חילה דנתן לישראל י בדן ירחה קדמה מנוחים : זהו ופרקן ורוח ויוביל *
הסנילי	2	0		0	פיוט #150 — צלות השבת הראש דמן חדש הראישוץ	הסנילי ' * דמע בני שם :
הסנורים	2	0		0	פיוט #158 — צלות השבת הראש דמן חדש הראישון	עכיבו ועל כל סדרי י הסנורים להרנריזים בית אל דמק לשכינה בארי ;
ראלפים	2	0		0	פיוט #158 — צלות השבת הראש דמן חדש הראישון	שת מואן ראלפים * ויתרבי רב אלה וכי בשם
הבקוש	2	0		0	פיוט #160 — צלות השבת הראש דמן חדש הראישון	טב זאת השעה י דבה רב הבקוש : במימר כאחין ואמרים • שנאיך יהי
שובחו	2	0		0	פיוט #162 — צלות השבת הראש דם ; חדש הראישוץ	שובחו כמה בכתבו •
צפינתי	2	0		0	פיוט #162 — צלות השבת הראש דם ; חדש הראישוץ	דאודעיק צפינתי פענה : ובברית השלשה • ובקרוש שמו וברביאנה :
תזבר	2	0		0	פיוט #164 — ופסחתי עליכם : ולא יהיה בכם ננף	כוחך : על יר הנבי והכהן למען • תזבר את יום ציאתך ופדוך :
חבטת	2	0		0	פיוט #167 — צלות השבת השני דמן חדש הראישוץ	ית ; יהודי את איביך הקעמים עליך נגיפים : הך דחנת חבטת א ני הקרוש *
רבזה	2	0		0	פיוט #167 — צלות השבת השני דמן חדש הראישוץ	קהלו רבזה הכנוש • וירבי זרע עמו מן מתי מעט לאלפים ן ועקובתה לבל
ריעקב	2	0		0	פיוט #167 — צלות השבת השני דמן חדש הראישוץ	ריעקב * ברי רנפק מלנוה : שת מ״אן ראלפים :
הישראילי	2	0		0	פיוט #168 — צלות השבת השני דמן חדש הראישון	הישראילי י וביום טבח יבסירו ; טובי עמה דשוין בה • ולעובד טוב ימסרו ן
טריד	2	0		0	פיוט #168 — צלות השבת השני דמן חדש הראישון	ובלעיל טריד מלטה * ולנו *צררו : לאוי עלוי עמה * לפני יהוד , יטהרו : ועלת
יקטירו	2	0		0	פיוט #168 — צלות השבת השני דמן חדש הראישון	התחנון יגישו * ומנחת התפלה יקטירו : ועל שלחן התשבחן * לתם הפנים יצברו* :
תשביח	2	0		0	פיוט #168 — צלות השבת השני דמן חדש הראישון	ואכלת ושבעת וברכת • וכל בית ישראל תשביח : חקת עולם לדורותיכם •
העוברי	2	0		0	פיוט #168 — צלות השבת השני דמן חדש הראישון	רעל ידזידז אל ה ־ י * י ;ועל אחר התורה . , ;נרה העוברי הראש י
יוביל	2	0		0	פיוט #178 — אש ליל * וענן יומם	עשה לעמו יוביל :
רתמר	2	0		0	פיוט #191 — צלות כועד הפסח במדינה	זיתמר אחהו דבריך עלמה * כלה • רתמר דכור מן מימר זקן ישראל
עמיד	2	0		0	פיוט #198 — מנוחה * ישימך עליה מועד	ועל בור דבנע עמיד :
קירוב	2	0		0	פיוט #198 — מנוחה * ישימך עליה מועד	הזבאה דמן מרה קירוב • ובריתו לובון קירוב ; יצאי ירך יעקב * שמר
ניתח	2	0		0	פיוט #200 — צלות מועך הפסח במדינה	היא ריח ניתח ליהוה * מהקבלה עמה : היא לברית מקימה * ומובא תהנה
יצתמתו	2	0		0	פיוט #204 — לאשמחוחה : עם סדר קהל עבראוחה	מה רב שעתה רבה יצתמתו * ישראל וכל איש וביתו : ויסתכלו להבהן
רפקד	2	0		0	פיוט #205 — צלות מועד הפסח במדינה	מוראה לאלהינו מוראה * רפקד עטו ישראל בארה : חדע הראישון בחסד *
חרטמי	2	0		0	פיוט #209 — צלות מועך הפסח במדינה	ס . ז חרטמי מצרים • מן משה נבהלו : והכבידו את שטו * ורמו והנרילו : ותמלא
החרטמים	2	0		0	פיוט #210 — צלות מועך הפסח במדינה	החרטמים * לפרעה מודעים : הן זאת המופתים * אשר עלינו באים : על
שחוטים	2	0		0	פיוט #211 — צלות מועך הפסח במדינה	שחוטים : ואכלו קרבנים * והנותר לחטים : ככה תעשו בטח ־ ואתם
ולסליחות	2	0		0	פיוט #211 — צלות מועך הפסח במדינה	ולסליחות מטים :
ייסג	2	0		0	פיוט #213 — צלות מועד הפסח במדינה	ייסג . חדש הראישון • עליו במים : החרשים דבנל • שנה אתוים : ראש
ולאהק	2	0		0	פיוט #213 — צלות מועד הפסח במדינה	למשה ולאהק * אמר יהוה אלהים : דברו נא לישראל * קדש בל רמים :
נביוחה	2	0		0	פיוט #213 — צלות מועד הפסח במדינה	נביוחה • הושאמת בשחים : והמצות אשר • לפסח עשוים : וימי הנורה •
קטרח	2	0		0	פיוט #215 — צלות מועך הפסח במדינה	עם קטרח הסמים * וטעמו דמע בל מטעמים ;
ויניפהו	2	0		0	פיוט #218 — צלות מועד הפסח במדינה	רב ער מותר ויניפהו תנופה : יהוה יחניכם :
הט	2	0		0	פיוט #220 — צלות מועד הפסח במדינה	ביום ו * ה * חדש א • חי חדש האביב ניסן הקטף י שנת הט בג • אחרי
ישמרבם	2	0		0	פיוט #228 — צלות מועד הפסח במדינה	אה ישראל בלבם * תעשו מועדיכם * וברב טובו ישמרבם * בפדיון
יבחש	2	0		0	פיוט #229 — תנים יוטה מועדיכם	וישם זה המועד מברך • עליך ועל סדרך • ובל רבב דלך יבחש * ואתה
תט	2	0		0	פיוט #231 — צלות מועך הפסח במדינה	מש הס כיח ומלך לא תט :
אנצירו	2	0		0	פיוט #231 — צלות מועך הפסח במדינה	אה קהל ישראל תרעו אנצירו הנפש ושבחו בלב טלי יראו למן עשה
תסתגר	2	0		0	פיוט #235 — צלות שבעת יומי חג המצות רמשז־ז	ששת ימים * ־ ג י* ולעלם תסתגר ותתחסל י *
אסנלכם	2	0		0	פיוט #235 — צלות שבעת יומי חג המצות רמשז־ז	הו משה הנביא אשר בספרו אסנלכם : ומן כליל מצותיו דבון פקדכם :
אליק	2	0		0	פיוט #245 — צלות שבעה יומי חג המצות צפרה	בגדלו אליק מאורים י ביום הרביעי : בשטים על הארץ מנידים • ויבדיל
ובשמירות	2	0		0	פיוט #246 — צלות שבעת יומי חג המצות צפרה	ובעמל עברו משה דעל ידו ממצרים הצילו : ובשמירות מועדיו מכל העטים
אסנילך	2	0		0	פיוט #246 — צלות שבעת יומי חג המצות צפרה	אסנילך : טובך תדבק בפקודיו דבהם הבדילך : דאמר ולא יראה לך שאר בבל
ביוטה	2	0		0	פיוט #246 — צלות שבעת יומי חג המצות צפרה	בגדלו בלל בריאתו 'ביוטה שתיתה * בבריאת אביט אדם מן האדמה :
סא	2	0		0	פיוט #247 — צלות שבעת יומי חג המצות צפרה	ן״ אה קהל ג״ סא • . ת * * ששת ימים
נרלו	2	0		0	פיוט #248 — צלות שבעת יומי חג המצות צפרה	יסגר ומעין החסד לא יסתם * אה מן קרא כבודו על נרלו • יהוד , אל רחום
יצילני	2	0		0	פיוט #249 — צלית שבעה יומי חג המצות צפרה	יום נקם קדמי • מה יהי עמלי * מ ; יצילני * מן נקם רבי • מן יחם עלי ימ ן
תרתקני	2	0		0	פיוט #249 — צלית שבעה יומי חג המצות צפרה	ולא תשכחני מן טובך * ולא תרתקני מן תריח רחמיך י ולא תשיב שאלי ריק
השבירני	2	0		0	פיוט #250 — צלות שבעת יומי חג המצות צפרה	עברני י ודערני * ואשכני * ומן מזון הרצון השבירני י והלפני • והשביעני י ומן
תשיבני	2	0		0	פיוט #251 — צלות שבעת יומי חג המצות צפרה	לא תשיבני • ומן טובך אמלאני • וקבל קרבני י זאת התפלה • וסלח לי
טבהחך	2	0		0	פיוט #251 — צלות שבעת יומי חג המצות צפרה	אה טבה דלית ס ור • מן טבהחך מוא ע :
סכולי	2	0		0	פיוט #253 — צדקה מדלך על עבדך * שובה טובה לי חדש	חילה לך תעזרני • על סכולי ועל נואלי :
פינחם	2	0		0	פיוט #255 — צלית שבעת יומי הג המצות צפרה	עביבי הכהן פינחם יהוד , יאריך ביומיו מאה שנה אמן :
הזירנים	2	0		0	פיוט #258 — ותטעמו • בהר נחלתך מבון לשבתך	כעסות הזירנים : ונעבד הך מד צוה * נדל ך'בקדש כל אלפנים : ובנית
השיג	2	0		0	פיוט #259 — צלות שבעת עמי חג המצות צפרה	׳בזברון שמך אפתח פמי • ער השיג מלי עצמיך : ובמקום אשר הזכ רת
ההרנריזים	2	0		0	פיוט #259 — צלות שבעת עמי חג המצות צפרה	ובשמחו למקומך הגישו : ההרנריזים שער שומה • דבו מלאכיך יתכנשו :
הטדבקים	2	0		0	פיוט #259 — צלות שבעת עמי חג המצות צפרה	עלמה * הטדבקים בטור קדשיך : והניח אתנו מכל זידמה * וסעדנן ננדי
הנוטיק	2	0		0	פיוט #260 — צלות שבעת יומי חג המצות צפרה	משה הנוטיק : עמים הרי יקראו ושם יזבחו * זביח צדיק :
אזברתי	2	0		0	פיוט #262 — ומן חרונך פסחי	דאמרת ' עליו ובמקום אשר אזברתי * את שמי שם ' יהי מובאי : אליך
ןה	2	0	לעדה	0.399	פיוט #262 — ומן חרונך פסחי	אמרתי אהיה אשר אהיה * דאתה מגני ומרי ואלהי : ןה ן עמיך ממני פגעי • ׳ סס
אנישה	2	0		0	פיוט #269 — צלות שבת מועד חג המצות	המשחה ובו אמשח : ולבש מעיל ואפוד והשן ועלה והשלמים אנישה : לפני
אטשח	2	0		0	פיוט #272 — צלות שבת מועך חג המצות	אלהי אהרן הכהן * אשר אטשח בשמן * הקדש ולבש חשן * עם אפור ומעיל :
אק	2	0		0	פיוט #272 — צלות שבת מועך חג המצות	סדרה ראכה אצסמתו * עם יהוד ועדתו : דעתבון הבו ואציתו * אק משמע
בעסוני	2	0		0	פיוט #274 — המושיע * אשי שמו משה : קטף כל נאשמה	זאת עשיתי * ישראל היו בתשמישותי : צאו מן מלכותי * בעסוני בזה הדבר :
בצריקו	2	0		0	פיוט #275 — צלות שנת מועך חנ המצות	ופרקה יחזקו • ובאלה ה דבקו : ואשוו בצריקו * על מלחמות דבכיהם ־ , ומשרי
פקידותה	2	0		0	פיוט #275 — צלות שנת מועך חנ המצות	וכד אתת ארשוחה • בזאת פקידותה : טן מר אלריותה י למשה ברה דעמרם :
עלטים	2	0		0	פיוט #277 — צלות שבת מועד חג המצות	העצומים : ננויך כל ימי חיינו * לעלם עלטים : ונודי לך כל עמינו • אה מלוך
רלזנים	2	0		0	פיוט #277 — צלות שבת מועד חג המצות	רלזנים דקר : והמגיפה מעל עטו עצר • וברית שלום לו קטר : ולזרעו בתרו
הזנדיק	2	0		0	פיוט #277 — צלות שבת מועד חג המצות	אילנה • כוח פרי בטנה ; בות החיה הזנדיק * וכות אילנה הצדיק : דלא ישבח
תתפיש	2	0		0	פיוט #277 — צלות שבת מועד חג המצות	לבך המעמר רב מנון : הכל בירך תתפיש * בסוד השם המתפרש : טי יוכל
דליק	2	0		0	פיוט #277 — צלות שבת מועד חג המצות	אל מי אור פניו דליק : דמן השם שמו :
ושנב	2	0		0	פיוט #277 — צלות שבת מועד חג המצות	ז ולנו אשתה דרס • והות הך טל רסם : וקרע כל שנב ושנב * מן חשך
בעופרת	2	0		0	פיוט #278 — צלות שבת מועך חנ המצות	ותהוטיו קפעו • ודבביו טבעו : צללו בעופרת * בתקון חבטת : תהומות יבסיטו :
עסיר	2	0		0	פיוט #278 — צלות שבת מועך חנ המצות	כד בא עסיר פרעה המוביל * אחרי עסכר ישראל ; הנביא על הים ידו יט •
רבמקראי	2	0		0	פיוט #280 — למועדה לימים ימימה	יום שביע חג המצות י בין המועדים מה טבו : הו שני המועדים ־ רבמקראי
הקרקדים	2	0		0	פיוט #280 — למועדה לימים ימימה	בתר מיכל הפסח * על יד דמע הקרקדים : משירים ומשבחים • ומרוממים
תג	2	0		0	פיוט #282 — השבת הזוביר • להרבן יוסף עליו הרצון	אתוקרו ; זה בו אנשמה מכל עבידה * וזה בו תג לקדש טברו * זה מלך כל
משביר	2	0		0	פיוט #282 — השבת הזוביר • להרבן יוסף עליו הרצון	הימים * וזה לביש נזר מן נזרו : זה אוצר הקדש * וזה משביר מן אוצרו ןז ה
הזוביר	2	0		0	פיוט #282 — השבת הזוביר • להרבן יוסף עליו הרצון	עורן כן שנים בתים *על השבת הזוביר * מן מימר אדונן הברק
שבינותו	2	0		0	פיוט #282 — השבת הזוביר • להרבן יוסף עליו הרצון	כברכה בהרני־יזים שבינותו : ויבא משה ואהרן * אל אהל סוער ושרתו : ויצאו
בברכאתו	2	0		0	פיוט #282 — השבת הזוביר • להרבן יוסף עליו הרצון	יהוה אתך את הברכה ב סימך * ובכל משלח ידיך בברכאתו : יפתח יהוה לך
מסנרינו	2	0		0	פיוט #283 — צלות שבת מועד חג המצות	מסנרינו : ובו הברכה מתקבלה • מפם רום בהנינו ג ייעמד שם ' וסביבותו יב ל
קא	2	0		0	פיוט #285 — צלות שבת מועך חג המצית	ל ״ מן אריק ע ינ ןט קא • ב * ז • ל • מי נ ■ ס • ר • ש • ת •
חהלת	2	0		0	פיוט #286 — מועד • וננד לכל קרש	׳כתביה : ובקע מי הים * נורא חהלת עשה פליה : וקדש נבעת עולם * מלבין
ושרביט	2	0		0	פיוט #286 — מועד • וננד לכל קרש	יצחק ׳ אשר דרשו יהוד . עלה : מכל עקה ושרביט • יתן לך נאלה : אלהי יעקב
םל	2	0		0	פיוט #286 — מועד • וננד לכל קרש	יאיר יהוה פניו אליך • וחייך •יאריך וימן : ויש םל ך שלום י הוכחנו טבה לך
דבביבם	2	0		0	פיוט #286 — מועד • וננד לכל קרש	ויפרק ניר ברזלה * מעל צואריכם : ותרכבו על צוארי * סיעת דבביבם : כמה
ושוטיה	2	0		0	פיוט #287 — צלות שבת מועד חג המצות	סבול ארעה ושוטיה ;
ששח	2	0		0	פיוט #289 — חג המצות	דשם מנון זה שבת מועד חג המצות דקדשו רמה : לאלה דאמר ששח ימים
יאכילך	2	0		0	פיוט #291 — צלות שבת מועך חג המצות	ויאכל מן הנותר : כן יאכילך מן המן דאורר * מטל השמים ויכפר :ך
זרוקי	2	0		0	פיוט #292 — צלות שבת מועך חג המצות	יקרא אני אני : בעמל זכאי עלם י ומי ברח מן הזני : ובעטל זרוקי הדם • ׳* י
ריתודי	2	0		0	פיוט #293 — ופסחתי עליכם	ריתודי ויטה על מעשהו *
ואננדון	2	0		0	פיוט #295 — צלות שבת מועך חג המצות	הדורות * רעל ח בראשית ויום נקם אקימו : ואננדון אל ים סוף בחרו
מתשרשרים	2	0		0	פיוט #296 — צלות שבת מועך חג המצות	מתשרשרים : ויהי ענן החשך * וישקף יהוה על מחנה מצרים ; בעמוד אש
כעופרת	2	0		0	פיוט #296 — צלות שבת מועך חג המצות	ברוחך כצמו ים * צללו כעופרת במים אדירים : *אנון החכמים והמכשפים
דציל	2	0		0	פיוט #297 — צלות שבת מועך חג המצות	דשלח משה נבי כל הדורות : י ה ד, דציל עמו בסימנים ואותות :
ררבת	2	0		0	פיוט #298 — חג המצות	נלגי עקובאתו • ררבת על מספרה : הך תהו ובהו נליגאתו * לית יוכל פתור
טימרי	2	0		0	פיוט #299 — צלות שבת מועד חג המצות	וחתמת טימרי * כן ירתי חייבון :
פנעו	2	0		0	פיוט #301 — צלות שבת מועד חג המצות	ומי פנעו אל קעים * ויצב שם מציבה : ומי פתר התלם ־ ואמר טבח טבח :
ררגיון	2	0		0	פיוט #303 — צלות שבת מועך חג המצות	האנשים הטבים • דידיון אמלאו : יעלה ' יהוה ררגיון * ותרהו יפתחו :
הגרול	2	0		0	פיוט #303 — צלות שבת מועך חג המצות	ערן : מקום משכן יהוד . ובין שפתיו שכן : השם הגרול דבה ' ייסר ברוך *
תגמיל	2	0		0	פיוט #303 — צלות שבת מועך חג המצות	מנצירים כלנו : אה מרן אה מרן * 'בטובך קבלנו : אהיה לא תגמיל •
עקובאתה	2	0		0	פיוט #305 — צלות שבת מועך חג המצות	צלותה * רתקבלו מלי ברכותה : *מפם הכהן הגדול • דלו סב עקובאתה:
אזדבד	2	0		0	פיוט #307 — מימר אדונן אבישע רצון יהוד . עליו אמן	סדרה דאבה אזדבד • בנצירו בצלוחה : בעמל משה בן יוכבד • מאורה
ךמ	2	0	בדרכ	0.729	פיוט #317 — צלות שבת מועד חג המצות	ועמר משה על ימה יה ךמ ה דארשו לו מרו : בלב מלא שמח • ויסב
תע	1	1		0	פיוט #320 — מועדי יהוה אשר תקראו אתם ... . ברחמיך	ששת ימים תאכל מצות וביום השביעי חג ליהוה אלהיך לא תע £
ואשמיעך	2	0		0	פיוט #320 — מועדי יהוה אשר תקראו אתם ... . ברחמיך	לך מני מה תדרש * וממך ארשו אקח : ואשמיעך ממלל חדש * כימה לא
הטלקח	2	0		0	פיוט #321 — צלות שבת מועד חג המצות	הטלקח : וחצית אתו בין שכוני המקום * ויהי הטלקח : טן שור ועז וכשב *
רהוציא	2	0		0	פיוט #321 — צלות שבת מועד חג המצות	הפצות * רהוציא אבהתך ביד החזקה ; בזה מועד חג המצות ותהי במצרים
אבלסים	2	0		0	פיוט #322 — צלות שבת מועך חג המצות	וישראל ביד חזקה : יצאים טכסים * טכסים • אבלסים י ברכבים והסוסים *
ואזרזעו	2	0		0	פיוט #323 — הך עופים מטעסים : ממחרת הפסח ביד רמה	ועמה צאו י כמה באו ־ ואזרזעו * ושבחו י וקולם נשאו : ואמרו בקול רמה ־
מסתתרים	2	0		0	פיוט #327 — צלות שבת מועך חג המצות	פרורים י מסתתרים : אש ורוח ומים וחפרים * כל אחד לחברו : קובלו :
והפוקיד	2	0		0	פיוט #327 — צלות שבת מועך חג המצות	והפוקיד יסד • על ארכון חסד י יקיר בו ויכבד : שמו בן יוכבד • דבחרו
יקטיר	2	0		0	פיוט #330 — לית לעורן בה נמי	סיר : לחם נדיב תקריב • מתוך לבב אנציר גכ י נפושה קריב * במי יקטיר :
אסגיר	1	1		0	פיוט #330 — לית לעורן בה נמי	בתר מימר העתיר : בעדי רב ויושיע • מזה הרנז אסגיר : ויסניר יהוה הכל •
ינרש	2	0		0	פיוט #333 — צלות שבת מועד חג המצות	מפניכון ינרש : וכן ישמר תייבון * ויחסי יתכון טבל באש : ויהונו מבין בל
מעליבון	2	0		0	פיוט #333 — צלות שבת מועד חג המצות	אתריכון : ויסיר פנותר . מעליבון • ומעל כל קהליבון : ותראו יומי רחותה
טבריבון	2	0		0	פיוט #333 — צלות שבת מועד חג המצות	£ ושלום • אמנים באתריבון : ותראו המשכן קוי ־ על קדש טבריבון : בעמל
הרנרידם	2	0		0	פיוט #338 — צלית מועד חג המצית בהרנריזים	צור הישועה • זה הרנרידם ביתך י צור ישוענו איחה * צדיק וישר אתה :
בעואתבון	2	0		0	פיוט #344 — ך צלות מועך חג המצות בהרגריזיס	מק יקבל צלואתכון • ויעני בעואתבון • וישמע קליין 'רצבעתכון * ותנים
וטסחן	2	0		0	פיוט #344 — ך צלות מועך חג המצות בהרגריזיס	׳ נב .י ׳מקבלאן * ובעואן מתעניאן ביד אלה אלהיה • רב כל רברביה וטסחן עלמיר . •
סוכילה	2	0		0	פיוט #345 — צלות מועד חג המצות בהרגריזים	ואמן אתה לשלח * מופתים ראשתלח : עליך אה סוכילה * לאל תוכל
יסתירו	2	0		0	פיוט #348 — סדר דבבותו	ככן והן מה עבר • יסתירו ולא ינידו :
ילכדו	2	0		0	פיוט #349 — צלית מועך הג המצות בהרגריזים	ילכדו : ויבוז בטב מבוא * וככן במלאת ירו : מכל אשר יצריך • רקום לנפשו
סיכלו	2	0		0	פיוט #349 — צלית מועך הג המצות בהרגריזים	כננרו ן במצות ומרורים סיכלו * באפזון ובפחדו : שבעת ימים בשמח • חמץ
גריזים	2	0		0	פיוט #349 — צלית מועך הג המצות בהרגריזים	עליו עוד שירה על מועדי תשתמע שירות שמות הר גריזים
תנצירו	2	0		0	פיוט #351 — צלות מועד חג המצות בהרגריזים	רבביבון • וימשם יהוה : ולאוי עליכון אה קהלה • אה מן אנה בלכם : תנצירו
והוליבון	2	0		0	פיוט #361 — צלות השבת הראש דמן שבע השבתות	והוליבון בשש ' י בימה ביבשי : שם שבח משה * וקולו בתשבחן ארימו :
צואריבון	2	0		0	פיוט #364 — צלות השבת הראש דמן שבע השבתות	ויפרק ניר בחלה אמן מעל צואריבון הך דפרק לאבהתכון מן ארע מצרים •
ויוקר	2	0		0	פיוט #364 — צלות השבת הראש דמן שבע השבתות	קצף * וכל ננף מעליבון : ומעל כל קהליכון • וירבי לטפליכון : ויוקר לסהביכון
נרורה	2	0		0	פיוט #374 — צלות השבת השני דמץ שבע השבתות	אלהי יעקב נרורה * אשר דמך באתרה : יותירך מן איקרה • ויוסיף
יוסיפך	2	0		0	פיוט #374 — צלות השבת השני דמץ שבע השבתות	אלהי בן עמרם ויוכבד • יוסיפך מכל טוב וחסר • ותרום אמן ותכבד *
הפירו	2	0		0	פיוט #376 — צלות השבת השני דמן שבע השבתות	ישמכם יהוה ממן שמעו ושמרו • ומדרכו לא סרו : ובריתו לא הפירו * ולא
יננדך	2	0		0	פיוט #376 — צלות השבת השני דמן שבע השבתות	יננדך יהוה אל ביר דעתו • ומנה ירוי לצמאך : ברוך אתה בציאתך • וברוך
דאצטמתו	1	1		0	פיוט #376 — צלות השבת השני דמן שבע השבתות	סדרה דאצטמתו • קרוב במכוני : שכם והר גריזים * ותשמע אזני : כון הברכה
רמלא	2	0		0	פיוט #377 — צלות השבת השני דמן שבע השבתות	ועל חתמת אלהנו מנך שיאלן ואליך : מן טובך וחסרך רמלא ארעה
ראתמר	2	0		0	פיוט #377 — צלות השבת השני דמן שבע השבתות	וסמיך : תקים טימרך בכתבי ך בטב ממלליך : ראתמר על יד נביאך שלחיך
שכ	2	0		0	פיוט #378 — ״ - ס ותתחסל דיצלות בטוב	ותעשה בירא : מצות אלריים * לא למדרש שכ רה : אשר ישמע יחיה * *
דאננד	2	0		0	פיוט #381 — זה השבת השלישי	הוא דמע הספרים : דאננד עמו אל אילים באיקרים : ומצאו בה עינות
המכילך	2	0		0	פיוט #389 — צלות לילה הפסח השני	ושבעת וברכת את יהוה אלהיך אל הארץ הטובה המכילך מן
פירים	2	0		0	פיוט #396 — צלות השבת הרביעי	תבאו : עץ החיים ועץ הדעת * קמיכון תמצאו : תלקטו פירים • ותאכלו
לפ	2	0		0	פיוט #396 — צלות השבת הרביעי	באהלו • וכל איש לפ ישבעו : ויקראו בית ישראל * את שמו מן והוא : כזרע
בחוריב	2	0		0	פיוט #403 — על ויטע ישתבח	הצור בחוריב : והכית בצור :
דהורר	2	0		0	פיוט #407 — צלות השבת החמישי	יטר רן 'לירה דולר : ורחמיו עליך יטללה : ויקים לך מה בהתורה דהורר ;
חלמישי	2	0		0	פיוט #407 — צלות השבת החמישי	אתעשה : יצא המים על ישראל • מצור חלמישי : עד שתו ושבחו • לאלהים
רמאוריו	2	0		0	פיוט #407 — צלות השבת החמישי	נפלאות ; על יד נבי העולמים • רמאוריו מופעות :
נטיל	2	0		0	פיוט #407 — צלות השבת החמישי	ויוביל : תנים יומה נימר לוכון • בלב טהור נטיל ; תראו אמן רחותה •
דשקיח	2	0		0	פיוט #412 — חילה רמה ויקירה וטרקה אלהים רחטנה * £ וישתבח	אל חנון • למי יבקשנו : דשקיח כד יבלש * למי ידרשנו : מי יררש רחמיו •
עושי	2	0		0	פיוט #414 — צלית השבת הששי	בחר לנו אנשים ימ ן רום כל אנשי : ולמלחמות עמלק • יהיו עושי: . אנכי
הקרקד	2	0		0	פיוט #414 — צלית השבת הששי	הקרקד האנשיא : כי מחה אמחה את זביר עמלק י מתחת שמי קדשי : ויבן
חזיקי	2	0		0	פיוט #418 — צלות השבת הששי	אמר משה ליהושע • בחר לנו אנשים : יהיו חזיקי הלב • למלחמה יהונו
שע	2	0		0	פיוט #420 — צלות השבת הששי	צפו יה ו שע ומימת * לעמלק ולבל עסברו : אוי לוטן מה תכירו ־ מן עברת
חריק	2	0		0	פיוט #420 — צלות השבת הששי	ובתר זה חרבו חריק • והזה הך לפיד סליק : להלחם בעמלק • ועמו
טתקדשי	2	0		0	פיוט #429 — צלות לילת מקרתה	קרשי : וכבסו השמלות והענינים * והיו טתקדשי : והיו נכונים * ליום השלישי *
אזחעת	2	0		0	פיוט #432 — והב לן משבחה ויתמר ישתבח	אזחעת עלמה : שעתה רקרא אלה בקל רמה : מלגו אשתה אנכי יהוה :
וסניל	2	0		0	פיוט #433 — ויתמר ישתבח	וסניל בזה היום אשר : הו יום המעמד והדבר ; רבו קרא אלה על הר :
ןק	2	0		0	פיוט #439 — צלות לילת מקרתה	קל לא לפם יכח : קל לישראל יכרז ןק למ י ירע לכל ת : קרי אנכי יהוה ן
פחח	2	0		0	פיוט #439 — צלות לילת מקרתה	על פחח רחמיך • יהוה עמדנו :
תנמיל	2	0		0	פיוט #440 — צלות לילת מקרתה	לא תנמיל אתנו • כפי רעות עמלנו :
נשביר	2	0		0	פיוט #443 — שלום יהוד . עליו בכל לילה ויוטה	למען נשביר לצריכים י ונתן למסכינים : הבאים והאלכים * מזאת המתנים :
רבעלמה	2	0		0	פיוט #444 — צלות לילה מקרתה	רו קעימה חיה * שרי בכל המקומים : 'רלא כתשבית חייה • רבעלמה מלקיסים :
ואתשרשרת	2	0		0	פיוט #444 — צלות לילה מקרתה	שמנת ימים הנמל ־ ואתשרשרת המרה ממנו : ומה השיג אן יגרל * עד בחרו
אפידנו	2	0		0	פיוט #444 — צלות לילה מקרתה	אפידנו : וילך אביהם ויקה את האיל : ויעלהו עלה תחת בנו :
בעמידותו	2	0		0	פיוט #445 — צלות לילת מקרתה	אלהים בענן * ויתיצב בעמידותו : יום בו עבר יהוד . על פניו * ויקרא בשמותו :
פקיד	2	0		0	פיוט #445 — צלות לילת מקרתה	כלי המשכן המסת • ופקדת המשמר ; משמרת אהל מועד * כל אחד פקיד על
יקת	2	0		0	פיוט #446 — צלרת לילת מקרתה	בכבוד יהוה מלא * זה המקום כבלע : וכל ישראל יקת • שש מאות אלף
טיטר	2	0		0	פיוט #449 — צלות לילת מקרתה	מכתבים וילבו יהוה גבור ויתמר שבחו מן טיטר אברהם הקבצי
פקוף	2	0		0	פיוט #450 — צלוה לילת מקרתה	סעוד פקוף סבול *
תזחע	2	0		0	פיוט #451 — צלות לילת מקרתה	תזחע הנפש והפגר : והמכתבים תתפתח י והמגפה תעצר ; וכל העם מזזעים •
יוטינו	2	0		0	פיוט #451 — צלות לילת מקרתה	נהללו בכל יוטינו :
ביומיבון	2	0		0	פיוט #458 — שוא ברביאני * ושמור שבתה בלב כני	ביומיבון יאריך :
המתוקר	2	0		0	פיוט #460 — צלות לילת מקרתה	קרים נימר יז ה המימר • המתוקר : נטהר * הלב והיצר • ונמהיר : בסגרתה :
עיבד	2	0		0	פיוט #460 — צלות לילת מקרתה	קמי בדד י דלו עיבד * תמיד נסגר : בתהללות * והתשבחות * והרוממות : ־*
טליפוט	2	0		0	פיוט #471 — צלות לילת מקרתה	ז ונהבה ונדרשה יתטר טליפוט
פות	2	0		0	פיוט #477 — צלות לילה מקרתה	לון שם ׳ נמיותה : ולא יסור מן יעשה הרע אלא ינלי עשותה : לא פות
הקדקר	2	0		0	פיוט #478 — צלות לילת מקרתה	נצטמד * ואתון בשמחיכון : בעמל ארונן משה הנזיר הקדקר * בן עמרם
ואננדך	2	0		0	פיוט #484 — תשתבח ואחר הו יהוה הנכבד וישתבח	ואננדך אל מדבר סיני יע לי ד נביך וחבלך :
מרתק	2	0		0	פיוט #485 — צלות לילה מקרתה	ויהוה אל ונברך ויעמד העם מרתק . ״ וברוך מן דאמר
שימע	2	0		0	פיוט #485 — צלות לילה מקרתה	ובל העם שימע את הקולות וגו
בהקרבבם	2	0		0	פיוט #490 — צלות שבת הדברים	צוך אלהים ביום הבכורים : בהקרבבם מנחה חדשה ליהוה בשרים ;
זו	2	0		0	פיוט #499 — עביד : ואמשחו בשמניו * בפתח אהל מועד	בעבורו • בתר הנאף והנאפה : וקטל למן זו־ ו * ותעצר המגפה :
תביע	2	0		0	פיוט #499 — עביד : ואמשחו בשמניו * בפתח אהל מועד	ידיך ויטטנך מה תביע • בקדוש אלה קעימה : תחת ביום הרביעי • על טור
נגושים	2	0		0	פיוט #500 — צלרת שבת הדברים	והנפשים : במלחמה יהיו קשים • ועמך יהיו נגושים : למלחמות אהלין הבישים ■
שטלותם	2	0		0	פיוט #501 — צלות שבת הדברים	אתם : ויקדש אתם • ויב ב םו שטלותם ; הא לדי לו ראיתם ;
עטדים	2	0		0	פיוט #501 — צלות שבת הדברים	מוקדים ןע ם לפידים מתנגדים * ועטה בשפולי טברה עטדים : וראים את
מרוז	2	0		0	פיוט #501 — צלות שבת הדברים	מרוז לקראתו :
אסתחרו	2	0		0	פיוט #501 — צלות שבת הדברים	ומלאביה אסתחרו * ובו אשתמחו : ׳
גליגאן	1	1		0	פיוט #502 — צלות שבת הדברים	וכל מנון מן תנה יל ו גליגאן רביאנה : על מד מטות לענה • עלם לך אה
הגליגות	2	0		0	פיוט #504 — צלות שבת הדברים	אנון מגלגין זאת הגליגות ומוסיפים בגליגאתו :
וטימרו	2	0		0	פיוט #508 — צלות שבת הדברים	וטימרו ארצי לאלה : ואחרי יהוד . מלא * ועמה על משה אחס :
ששונים	2	0		0	פיוט #510 — צלות שבת הדברים	המכונים י ונתיצב לנו נבעתה : ונהיה ששונים ■ במשמע מלי ברכותה ; ומחר
הזידם	2	0		0	פיוט #512 — צלות שבת הדברים	נדול דבביה • עמלק הכפור הזידם ו ונתגון בשטחיה * אל הר סיני בשלם ; על
בשטחיה	2	0		0	פיוט #512 — צלות שבת הדברים	נדול דבביה • עמלק הכפור הזידם ו ונתגון בשטחיה * אל הר סיני בשלם ; על
ויוסיפך	2	0		0	פיוט #514 — שבע השבתות	זה מכתב אבישע לך ועליך תתקומם : ויוסיפך מכל מאדים י ובברכות
ויניד	2	0		0	פיוט #527 — צלות שבת הדברים	ויוקרו וישימו מן טב הנערים * ויניד לבו מדרש כל מרעיה : עד יהי פרד
ולסכולי	2	0		0	פיוט #540 — דאנשה • על העם הנושע : דבזאת צלותה אצטמתו	ואתה אתיתב מולי ושמע לי ולממללי : ולא תקח עלי ולסכולי
ישתיאר	2	0		0	פיוט #542 — ומצותו * רבו אצטמתו : כל מועד וחדש	בתוך הים * הלכו בשלם * פרעה ועמו דאתרים : לא ישתיאר מנון נפש :
ותרשש	2	0		0	פיוט #543 — צלרת שבת הדברים	שמת * נפשך לא עשקת * בי מן נוף זכאים אתה : לא מן אליש ותרשש :
אלנבע	2	0		0	פיוט #546 — צלות מועך חג הקציר צפרה	ז . סה א סביאן נ אלנבע שבוע טן
אזדרם	2	0		0	פיוט #557 — צלות מועד חג הקציר במדינה	תבנה יע ל נבעת עולם : ישימך יהוה ממן שמעו י סדרה דאבה אזדרם :
המוער	2	0		0	פיוט #559 — * צלות מועד חג הקציר במדינה	מה טב זה המוער השני ימ ן שלשה חנות במספר : דאתבנה על ארב וני
תזרזע	2	0		0	פיוט #559 — * צלות מועד חג הקציר במדינה	אלה רב ויתחנן ויתעתר : וקד דסנד וישתבי * ויורי לאלה ביצר : תזרזע
ראתפרש	2	0		0	פיוט #576 — ארכן ומדקה עבורה דעלמה תסחנד ותשתבח וישתבח	על יד משה אישו : מנון זה שבת הצמות דבו השמחות י חרשו : ראתפרש
ומודע	2	0		0	פיוט #579 — צלות שבת צמות הסכות	יפרשו ויצאו כאגיבות דבר דביר • ומודע עובד עובד * ומותר משפט משפט *
אצטמת	1	1		0	פיוט #580 — צלות שבת צמות הסטת	אצטמת הכהן וחשנו * וישראל וכרנו • ויקחו ויתנו * איש כופר נפשו : עד
יצטמת	2	0		0	פיוט #585 — צלות שבת צמות הסכות	חמוערים והשמחות : בו יצטמת התשבן * בכל המקומות ; ריש ירח
ויחמל	2	0		0	פיוט #591 — צלות שבת מות הסכות	הקצף י ויסתבך * וימכך * בלא רכך ; הענן מטלתי : כן יטלל * ויחמל • ויזחל *
ארכיר	2	0		0	פיוט #593 — (ללא כותרת)	ארכיר לטב בן פרת
ואתגלג	2	0		0	פיוט #593 — (ללא כותרת)	אתפחר ואתגלג בדכרן
שוכיח	2	0		0	פיוט #594 — נבורתך * יומם ולילה	באחריתו * ולהזכבהו כי אתה אדונו במחפרו * בי שוכיח ‏ יעשיר *
ינובון	2	0		0	פיוט #595 — דו כתבה דמלכה חיה * מוחי בלה במימרה	‏ משאם עליהם בקול טרח מעליהם ינובון והאל חכם כל חכמים אשר
שוכחים	2	0		0	פיוט #595 — דו כתבה דמלכה חיה * מוחי בלה במימרה	ואתם שוכחים רעוכם ואתם כצאן תעים הורו וזכרו לנתון באין שאול
מסתתר	2	0		0	פיוט #597 — רמש תשבתון שביכון אלה ‏ לא תטלטלונה	אנין מתקדשן ליתו פגר מסתתר* ולא גויה יחיד בה אתר שלם לא מוזף
גלגיה	2	0		0	פיוט #599 — עורן בן	ע' ע' נ' אתתה טבהתה * דהזה גלגיה יתרו: ונ' י' לי * בעמל
תנאץ	2	0		0	פיוט #600 — עורן כן	לאלה לא תנאץ * דו ירפא וימחץ: פן תזנה הארץ * ומלאה הארץ זמה :
נטעיל	1	1		0	פיוט #602 — בליליה ואיממה	עבד עלינן נטעיל רגזה דמנן * ונימר יסלח יהוה אלהנו * לרן סהבה
ובזרוז	2	0		0	פיוט #605 — עורן כן פצל תשייע	* בקבר‎ המחץ עליו אתגבר * ולא אמטה ממו מסבר: ובזרוז‎
זבור	2	0		0	פיוט #607 — תטיב עמלך: ואתה בתרדימה * ביומך ולילך	זבור מה עשה לך * אדונך מבגללך: שלח בערך נביא * ועל ידו הצילך :
תסתבל	2	0		0	פיוט #610 — עורן כן	: אן סבלתה קליל * ברוחה תסתבל : ואן סבלתה גדיל * תרבץ תחת משאיה‎
צזה	2	0		0	פיוט #611 — ישתבח קעימה דלא מאת	תורה צזה לנו משה מורשה קהלת יעקב * נותינה אלהים יתברךי ברוך‎
וזבגם	2	0		0	פיוט #611 — ישתבח קעימה דלא מאת	וזבגם בחדו ‘ ‏
מצבוע	1	1		0	פיוט #611 — ישתבח קעימה דלא מאת	וטובי ילידה * דלבש בה קמאה * דו מצבוע מדכי * דלא במים:
נפנפת	2	0		0	פיוט #611 — ישתבח קעימה דלא מאת	נפנפת :
נאירותך	2	0		0	פיוט #611 — ישתבח קעימה דלא מאת	נאירותך יתרה * תניר על כל ארעי כי פניך כירח * מתחת המצנפת :
בשביע	2	0		0	פיוט #611 — ישתבח קעימה דלא מאת	דעכד באשתה יומים * מה ‏ ובשמים * דשבת דלא מן דוש * בשביע
ואתשרשר	2	0		0	פיוט #613 — תת עורן לתת	דכרת עמו קיאמו * דבאדה נמל קנומה* * ובזה הוה תמו * ואתשרשר זה‎
עובריו	2	0		0	פיוט #614 — אה סדר סיעתה * מן אלה כל שביכון טבן	סהבה טבה ויקירה * וכל עובריו כשיתה * וקראה וצלאה וחשובה וכתובה
המזרבג	2	0		0	פיוט #615 — לאחי חתנה מן מימר אב ‏ הדנפי	הזבוג חכמה רמה * דו כות כליל * וכזת בוצין מניר * יזרח על המזרבג
לדיזרבג	2	0		0	פיוט #615 — לאחי חתנה מן מימר אב ‏ הדנפי	בכל יומם וליל * הא טובי לדיזרבג * וילך בטב ‏ כזבוג יצחק נצירה *
ויסגיר	2	0		0	פיוט #615 — לאחי חתנה מן מימר אב ‏ הדנפי	טובות וחננים: ויסעדם על מה אנון בו * בין זאת הסנים: ויסגיר מפניון
בעמידותה	2	0		0	פיוט #616 — עורן כן בהם עוד	על זה תנופתה * בעמידותה לפני העם למשמר עם הדורות לון ממשלתה *
הפדורים	2	0		0	פיוט #617 — *עורן כן בהם יהוה ירבי מספרם	סמוכינן וארכונינן עדת השמרים * הפדורים אנה ' ובכל האתרים *
לף	2	0		0	פיוט #619 — סהבו פינחס דקנא לאלה והמגיפה גרשה ; מגיבים אמן	: דזכאי * דלו נראה' * אלהים אל ראה' * ואמר לו לף בשלם‎
גלוגיך	2	0		0	פיוט #620 — ועל סדרי	גלוגיך ותמיך ואוריך * היא תפלות משה דבה אוריך * ויאמר יהוה
דררשו	2	0		0	פיוט #623 — ישתבח מרן קמאה	אחד מהם * זירנה דררשו: אן יקימו נפשותם * במקומו ולא אתבששו:
אופיע	2	0		0	פיוט #627 — לילירה	*בבן מולדותו * העולם אמלי: נהר אופיע בארעה * וסלק במגדלי:
בעוס	2	0		0	פיוט #630 — צלות מועד השמיני	ושופריו יקשו: על בעוס כל דבב * ומפניך כל שנה יגרשו: ויגרש מפניך
סליח	2	0		0	פיוט #633 — צלות מועד השמיני	ובעשור ממו * סליח ן לכל אשמו * ומרן בריאמו * שלח רחמו * וכפר
יודיעך	2	0		0	פיוט #634 — מן זבני * כל ששוני * ותחתם מיני: המועדים דשתמרת	יודיעך בו ותקשט * זבני קדשו:
מפ	2	0		0	פיוט #639 — מימר: מי יהוה אפרשו	מפֿוק: מרן יקבל צלואתכון * מי אנה אתכנשו: ויעני בעואתכון * ומן
יסתקף	2	0		0	פיוט #655 — והשבעות והסכות	שמך ישראל יסתקף *
הצריקים	2	0		0	פיוט #660 — לישראל אפניל * 'בשבים ומועדים	זכות הצריקים אדיקת * לבניון תפדי :
וישתחזו	2	0		0	פיוט #664 — צלות מועד חשמיני	לשלום * ויקדו וישתחזו : ובמשה עליו השלום * דמן נביותו שבעים אתנבו:
תלבלב	2	0		0	פיוט #664 — צלות מועד חשמיני	‏ תלבלב: ותאמן בחייך אה עמי * בבקר ובערב: והיית אך שמיח '
שמיח	2	0		0	פיוט #664 — צלות מועד חשמיני	‏ תלבלב: ותאמן בחייך אה עמי * בבקר ובערב: והיית אך שמיח '
המוקידה	2	0		0	פיוט #666 — חתמת המועדים : לנצעיו כל קרביה וממן עד לעלם	ולזרעו תמידה: ולו במשכן שרות * קטרת המוקידה : והטיבו את הנירות *
טרידה	1	1		0	פיוט #666 — חתמת המועדים : לנצעיו כל קרביה וממן עד לעלם	ורחותה עזרת * והמגיפה טרידה: בן יפדה' יתכון * עמה המצטמדה: וישיב
תשמידה	2	0		0	פיוט #666 — חתמת המועדים : לנצעיו כל קרביה וממן עד לעלם	והדבב רצע תרצע * ומפניך תשמידה: וימיח את כל היקום * מן רשע
וימיח	2	0		0	פיוט #666 — חתמת המועדים : לנצעיו כל קרביה וממן עד לעלם	והדבב רצע תרצע * ומפניך תשמידה: וימיח את כל היקום * מן רשע
בסליחן	2	0		0	פיוט #668 — צלות מוער השמיני	בתהבים דלא יסורו * רחום ‏ בסליחן :
הפיר	2	0		0	פיוט #673 — צלות מועד השמיני	ערלתו : ביום השמיני * הפיר את בריתו: ומימרו בדיל הזביח * על יד
הזביח	2	0		0	פיוט #673 — צלות מועד השמיני	ערלתו : ביום השמיני * הפיר את בריתו: ומימרו בדיל הזביח * על יד
אבותיבון	2	0		0	פיוט #674 — צלות מועד השמיני	עליבון * ויאיר פניו אליכון : ותעשו כמו אבותיבון * ושנים יניסו רבבה מן
זמירות	2	0		0	פיוט #675 — צלות מועד השמיני	זמירות רבות יתרים: לא יספר איקרה:
מתוקרה	2	0		0	פיוט #675 — צלות מועד השמיני	מתוקרה :
ורזח	2	0		0	פיוט #676 — צלות מועד השמיני	סובר מבה: ורחמים ורצון ורזח * מלגו לחצה רבה: ורתותה 'מפשרה:
עקובות	2	0		0	פיוט #677 — במצות : וחג הקציר בכורי מעשיך אשר תזרע	בו ארבע עקובות מכינה * סוככים קדשיו ברביאנה : תמכו בידיו
ושביע	2	0		0	פיוט #680 — צלות מועד השמיני	ושביע המצות אשר * הוא השני במספר: והוא ארש חנותה * לקדש
הפודים	2	0		0	פיוט #685 — מועדי אלהים כלם חסידים	בון הפודים :
בצרקה	2	0		0	פיוט #691 — וישתבח	בימי השמים על הארץ * תתברך ותתודי : ראתה בראת' עלמה ' בצרקה
גק	2	0		0	פיוט #692 — צלות מועד השמיני	על המכתב וביום השמיני עצרת: ‏ גק ‏
המסתדר	2	0		0	פיוט #696 — צלות מועד חנ הסכות במדינה	*ובכן ישמר * חיי זה הסדר * המסתדר * בזה האתר: אה קהלה טבה '
כרבש	2	0		0	פיוט #699 — בחדש השביעי תחנו אתו . , . אל בני ישראל	נגש ונפרש * מימר ‏ רש יטב כרבש * את אשר יש : מן ישראל * דלו
הסוכיל	2	0		0	פיוט #703 — צלות מועד חג הסכות במדינה	יד פרעה הסוכיל: לאלה דאמר למען ידעו דורותיכם כי בסכות הושבתי
וירזח	2	0		0	פיוט #703 — צלות מועד חג הסכות במדינה	אולי במקראתון יכפר * וירזח לכל ארצמן: והרעות ‏ ויסגי
וארזח	2	0		0	פיוט #704 — צלות מועד חנ הסכות במדינה	קיאמיך: והולכנו בדרך אמתי וארזח לן ארצמיך: ושם לגו אשלמת * יום
כפירותה	2	0		0	פיוט #708 — צלות מועד חנ הסכות במדינה	ועשור לן כפירותה: שלם לך ירחה שביעה * ראת רמי לגנתה: מנך
ותסתקף	2	0		0	פיוט #709 — צלות מועד חג הסכות במדינה	ויבד מפניך כל טלום * ותסתקף ותרום: וישם לך שלום * וזה היום
זעלי	2	0		0	פיוט #710 — צלות מועד חג הסכות	על מה עשה בון מרן * ועל זה עמל זעלי : אה מרן אה מרן * תרפעו מן
אילילי	2	0		0	פיוט #710 — צלות מועד חג הסכות	ופינחס קטל אילילי: וכלב הנקי * ויהושע תלמוד השליח: בעמלון אדרש
טיש	2	0		0	פיוט #721 — צלות שבת מועד חג הסכות	והשנים * דכותון לא שב : ובכל הכרנים ‏ טיש
ואודיע	2	0		0	פיוט #721 — צלות שבת מועד חג הסכות	למה אדבר לך * ואודיע מד לא שמע :
הסוכילים	2	0		0	פיוט #721 — צלות שבת מועד חג הסכות	ולדברי הסוכילים * לא נעשה ולא נשמע: ומה טב דבר יהי * דימסיו על
יניף	2	0		0	פיוט #722 — צלות שבת מועד חנ הסכות	גלגיו יתר * ועל הכל יניף: הו פינחס אשר * ‏ שיש
אוסיפה	2	0		0	פיוט #723 — צלות שבת מועד חנ הסכות	חסדיך אוסיפה : לנו ולבנינו * והרחק מנן כל חריפה: ורפא מחצינו *
ואוציא	2	0		0	פיוט #726 — צלות שבת מועד חנ הסכות	ואוציא את הקצף * מן ישראל קהלך: ומעל אדמתך * והדבר אמן ילך :
כפירותון	2	0		0	פיוט #727 — צלות שבת מועד חג הסכות	סגילות הכפירות בהם * מן פינחס ועד אנה : טובי מי יבז כפירותון *
וקשיטות	1	1		0	פיוט #728 — צלות שבת מועד חג הסכות	היא : וקשיטות השם הגדול * דלא הגלא לאחד מן בוראי: עלמה
יחמל	2	0		0	פיוט #733 — צלות ‏ מועד ‏ הסכות	ובטובו ‏ יחמל : ויסגי חדותה ביומיון * ומהם אמן לא חבטל : ויקים תהבה
חביש	2	0		0	פיוט #735 — צלות ‏ מועד חג הסכות	וישמרו מכל חביש: וכן ישמר חייכם כלכם * אה ‏ כגולה וקדש :
לידועים	1	1		0	פיוט #735 — צלות ‏ מועד חג הסכות	לידועים שמש: והוא לך ‏ יקרא ויימר * אה ירוש לכל ירש: ארתי
ויורש	2	0		0	פיוט #737 — והשמחות יחדש	ויסיר אבלו ויורש:
ואוציאו	2	0		0	פיוט #738 — ישתבח שמו הקדוש * דרבותו עצומה	ושומה : אסיר כל לחץ עמך * ואוציאו מן הנקמה:
וייטיב	2	0		0	פיוט #739 — צלות ‏ מועד חנ הסכות	וישמע קלין 'רצבעתך : ויאמין יראתך * ויחדש 'שמחותך * וייטיב 'עקובאתך :
ושוזבק	2	0		0	פיוט #739 — צלות ‏ מועד חנ הסכות	יומי מועדינו: לון פרק * ודקדק * ושוזבק : ופרטיס * ואפריס * ולון אלמיס :
דגלגיון	2	0		0	פיוט #740 — תשבחן לשמו הקדוש * בכל לילה ויומה	ושם קרשיו ריאמה: וזכר ברית השלשה * 'דגלגיון רמה: אברהם ויצחק
לסליחות	2	0		0	פיוט #746 — הראש והשני: והשלישי בתר מעמד הר סיני: והרביצי ראש חדש	אתפרש * לסליחות והכפורים ;
הזידנים	2	0		0	פיוט #748 — הסכות ושם גלגיו יתרים	הזידנים : ולך לא ‏ ולא ירף * וישם עובדיך 'מתקנים: ויסגי ‏
ורחיב	2	0		0	פיוט #750 — צלות ‏ מועד חנ הסכות	ואקריבו קרבניו: יהי לך 'מגן ועזר * וסני לך חנניו: ורחיב לך מכל
יביע	2	0		0	פיוט #755 — ‘ ‏ צלותו יחתם: כמה אתקדם המדכר	החלק הרביעי * והו מן מרו יביע: וימר אהיה אשר אהיה אלהים יתברך
הזוכירה	2	0		0	פיוט #757 — בו 'ביומי מועדי: מועדי יהוה הישר	שמלו * ועסכר ישראל קבלו : ושרי יקרי הקצה הזוכירה * ויסכמה במהרה:
איביגידיהיוי	2	0		0	פיוט #765 — ועל כל קהליכון וצפריכון ומועדיכון ‏ מן אלה	‏ ו ‏ איביגידיהיוי
אלשבחו	2	0		0	פיוט #773 — צלות לילי שבעת יומי הסכות רמשה	בתבה קדישה: ומן נשוי בהלן ,‏ אלשבחו
אתיקצו	2	0		0	פיוט #783 — צלות ‏ הכפור	ביננו: אתיקצו בי אתם בני יעקב * דמע בל כרנו: לא לב יכנע ולא עינים
אסגירם	1	1		0	פיוט #786 — צלות ‏ הכפור	ושנים יניסו רבבותה: אם לא צורם מכרם * ויהוה אסגירם בצכותת :
יאכילהו	2	0		0	פיוט #788 — צלות ‏ הכפֿור	ירכיבהו * ומלאכיה עמו הלכות: תנופת שדה יאכילהו ' את חלב
וממציחה	2	0		0	פיוט #789 — צלות יום הכפור	הרה שירתה * רישה טל רפס * וממציחה יקידאן * ועקבה סליחן * סוברו
המובח	2	0		0	פיוט #791 — צלות יום הכפור	הא על מן קבץ השובה * והקטיר את חלבה * עתה על קיר המובח *
וישתעבד	2	0		0	פיוט #792 — 'בצלותו ותחנונו	בשובה בדד * וימהר ויקד * ארצה ויסגד וישתעבד * וינציר לאלה ענינו:
והפיל	2	0		0	פיוט #805 — צלות יום הכפור	והפיל עליו תרדימה העבוד: ונחת מן פאת שומיה כבוד: וחלץ לה
וחציצרי	2	0		0	פיוט #806 — הסוד אל נח אל אברם: כל זכאה בחדשו	השריפה: משה דדברו יהוה פה אל פה: וחציצרי הקדש יקשו:
הפליחות	2	0		0	פיוט #808 — אדונן אבישע רצון יהוה וסליחתו עליו אמן	אלהי זה ום הקדוש: אשר ענני הפליחות בו פרוש: על ישראל
תושיענו	2	0		0	פיוט #812 — צלות ‏ הכפור	אה אל קני * אליך אני * אשא פני * תושיענו:
אא	2	0		0	פיוט #815 — רב אלעזר * וכן איתמר * בכל צרר * הושיעני	אא
ואוסיף	2	0		0	פיוט #816 — צלות יום הכפור	טובך יוסיף * סלח ואוסיף * בעמל יוסף * דלא זני:
וחמל	2	0		0	פיוט #816 — צלות יום הכפור	‏ שיאל * עבדך וחמל * באשר קטל * המדיני;
ושיב	2	0		0	פיוט #821 — בקלן ומרקה אתהו חדה ‏ ישתבח	בלבך נור אימנותה * ותמטי לדרגיך עליוני: ושיב ‏ מן ברכת אהן
תצילני	2	0		0	פיוט #826 — צלות ‏ הכפור	שובה לידה תשיבני: ומן ים עוני תצילני: אה מן בך ועליך רחצוני :
ואותירון	2	0		0	פיוט #830 — צלות יום הכפור	בהסליחן * בזאת ‏ עדנה : ואשמר חיי קהלי * ואותירון 'בששונה : והוציאון
תתודעי	2	0		0	פיוט #836 — צלות ‏ הכפור	תלמידות * אולי בון תדעי: תדעי הדרך * אשר בה תתודעי : תתודעי הן
ויובילים	2	0		0	פיוט #843 — צלות יום הכפור	ושמטות ויובילים * במאה שנה ששה עשרה : ואם בחקותי ומה ‘ ‏
השבירה	2	0		0	פיוט #843 — צלות יום הכפור	חטאת עמך כפרה : אדני יהוה * סליחותך היום השבירה: אדני יהוה *
תנציר	2	0		0	פיוט #845 — צלות יום הכפור	ועל חתמת' ‏ תנציר באהן יומה: ותתפלל ותימר 'בקול רמה :
יעבירנו	2	0		0	פיוט #849 — צלות יום הכפור	תרח תתובתה * ואשר יעבירנו: ינשק טב ריח יום נקם * ומנה' ישורנו :
שרשר	2	0		0	פיוט #857 — ושמורי הרזים * דמספר כפורים בון ירחש	הבשרי משה אשר ”‏ שרשר * קשטה ואפרש:
צזיתנו	2	0		0	פיוט #865 — צלות ‏ הכפור	טובינו נטהר לפניך * בזה היום הגדול * יום הכפור הזה * כאשר צזיתנו :
ותצילו	2	0		0	פיוט #866 — צלות ‏ הכפור	רתותך: ותצילו מכל רע * ברב ישועתך : ותגדילו ותסעדו * למשמר תורותך:
פודי	2	0		0	פיוט #880 — צלות יום הכפור	שמת' לנו קדשים * למועדים פודי: והציל לנו בחסדך * את ח ה
שריפה	2	0		0	פיוט #881 — צלות יום הכפור	מאספת עיר 'שכם * באחרינו נאספה : ולבבינו וכבדינו * עליה שריפה :
ידיחו	2	0		0	פיוט #887 — צלות יום הכפור	תשיג ידו * ונפשם יניחו : יניחו 'למילף * רק אנון ידיחו : ידיחו 'לקשט '
חציצרות	2	0		0	פיוט #888 — צלות יום הכפור	ייאמר מימר * ויביאו מטוה: כן לית חציצרות * יתקעו תרועה: ולא
שפיל	2	0		0	פיוט #890 — צלות ‏ הכפור	דמות ערבי נחל * כי שפיל מנתחו: וכן אדמי בארבע * אקרים כרעו :
ידועים	2	0		0	פיוט #892 — דאפרש שבתה * יתמר לה מד לאוי	ידועים וחכמים * מימרי שמעו: סוד אקר הסכות * ארבע הקבעו : אמיר
ואתודע	2	0		0	פיוט #894 — צלות ‏ הכפור	‏ אנן נפרש * ‏ שמשה וסודה: סודה במצות * ואתגלא ואתודע:
ויפגעשהו	2	0		0	פיוט #898 — צלות ‏ הכפור	וישב ארץ מצרים * ועמו המטה 'דזכרנו : ויהי בררך במחלון * ויפגעשהו
ואזדזע	2	0		0	פיוט #899 — צלות יום הכפור	ויהי לנחש * ונס משה ויברח : מפניו ואזדזע * מן ראותו כי ירא :
יוקיד	2	0		0	פיוט #900 — צלות יום הכפור	יוקיד * השמש מנה' תמנע : מן רחק נפלנו ממו * ולא יכלנו לה נפנה :
ופרדיס	2	0		0	פיוט #904 — פניו כל גבור צד * ולא עורן ימטי	כבן ‏ * נקיא' מלבר 'שקר : היום גן 'עדן נציבה * ופרדיס אילנה
יסתדר	2	0		0	פיוט #904 — פניו כל גבור צד * ולא עורן ימטי	חנ יסתדר : האסף תקופת השנה * ויראה בו המדכר : ויחגו ויתמלו *
קשיטיה	1	1		0	פיוט #908 — צלות יום הכפור	פקודי ופקדתי * ואתקשט דבריה: ודע אן מרך קשט * ועובדיו קשיטיה :
ילבקו	2	0		0	פיוט #911 — צלות יום הכפור	טובי מן בו ילבקו * וימהרו ויקדו : העם וישתחזו ויעשו * ככל אשר
הפוד	2	0		0	פיוט #914 — צלות יום הכפור	אמליא העולם: הי מספר ‏ אלהים * בה הפוד הוקם: ו' ששת
בגלוג	2	0		0	פיוט #914 — צלות יום הכפור	נזכר אותי * בגלוג פממה : דהיא שריו השם הגדול * שם אלהינו
חדבי	2	0		0	פיוט #916 — צלות יום הכפֿור	יתרברב *חדבי : כי בך ועליך רחצוני * ומנך לך שובי : עת ראיתי מדע
לגלוג	2	0		0	פיוט #920 — תאותך : ושבת' ושב יהוה * אלהיך את שובתך	א נצא מן המקום הזה * ובשלם נבוא לגלוג אדן : ירחה שביעה דאתבנה *
שמירותך	2	0		0	פיוט #920 — תאותך : ושבת' ושב יהוה * אלהיך את שובתך	אימת מרך * יופה על צלמותך : אן היית תפש * 'בצדק שמירותך: בו
מדיק	2	0		0	פיוט #922 — צלות ‏ הכפור	מדיק: ורצון מרה שרי * על מחניו ויפיק: מלאך האלהים * לפניו
קלב	2	0		0	פיוט #924 — צלות ‏ הכפור	קלב יוכבד * ‏ תמן דעור: דער עליה הכבוד * ולבש בגד הנור :
חדבך	2	0		0	פיוט #930 — צלות יום הכפור	דהלוך דרך המדע * תתחני במהל ך : ‏ אה אחי * ויתרברב חדבך: עת
ויתגליג	2	0		0	פיוט #930 — צלות יום הכפור	ויתגליג איקרך : ועשית' הישר והטוב * ביני יהוה אלהיך: וכי תבנה'
במתעתע	2	0		0	פיוט #933 — צלות ‏ הכפור	הלבו לפני: ואשוב ריק מן המדע * והייתי ביני: עמי במתעתע . *‏
אנצירות	1	1		0	פיוט #942 — צלות יום הכפור	כדמות אנצירות יצחק * לית אתותר אנצירה : דו בעל שלשה נסות *
זידנה	2	0		0	פיוט #948 — לאלה מתנזר במעמדו: בתפלה מאה שנה * 'מודי *חליפות פקודו	עלמה בעובד ‏ זידנה: ושני המאורות אתכספו * ויצעק דם אבל
הפ	2	0		0	פיוט #949 — צלות ‏ הכפֿור	יהוה מאד להשמידו: רק זכר הברית והחסד * לאשר מנה' הפֿרדו:
הזמירות	2	0		0	פיוט #952 — על מזבח הצלות * ומנחה חדשה	מן נסך הזמירות * וחקטיר מגרשה :
טבילך	2	0		0	פיוט #956 — ועני * והקים מימרך לנו: וסלחת לעונינו * ולחטאותינו ונחלתנו	צלמך נור: וזה יהי מבתר * טבילך בכיור: היראה והמהבה * ודרכי‎
מזדועים	2	0		0	פיוט #957 — צלות יום הכפור	באים: ואמרו אל משה * כלנו מזדועים : מן זה המראה והמשמע *
וצריקות	2	0		0	פיוט #959 — צלות יום הכפור	והיוביל : וצריקות מועדיך * בעדניון לך אשכיל: מי כמוך העם הנושע *
חרז	2	0		0	פיוט #962 — צלות יום הכפור	אניר לבך במשמר התורה ‏ ועיניך ‏ המדע לא תעוירה: וקום חרז
ויודיע	2	0		0	פיוט #962 — צלות יום הכפור	כוכב מחשב * למהלך והמושבה : כל נבון ידעו * ויודיע במחשבה: זבני
שך	2	0		0	פיוט #966 — צלות ‏ הכפור	דרתותה * אה מן כלה לך עבדי: השקף ממעון קד שך מן השמים *
ציאתו	2	0		0	פיוט #968 — צלות ‏ הכפור	יה יה באהל מועד * בבאו לכ פר בק דש עד ציאתו: ולבש ‏
ונסתכל	2	0		0	פיוט #971 — צלות יום הכפור	נפתח תרח המהלך * ונלך בדעת החכמה: ונסתכל למוצא ישראל *
בקושך	2	0		0	פיוט #974 — צלות יוב הכפור	הפני * פני במוקרו: ושוב אל נפשך תמצא בקושך * ובחכמת לבך
שגיבה	2	0		0	פיוט #974 — צלות יוב הכפור	בשמש המאורה: נדלותו גליה בעין הלב * שגיבה בנור המנירה:
ימיח	2	0		0	פיוט #976 — צלות ‏ הכפור	הארץ * ולא ימיח את זכיר : ואן תתריח אן תשמע * מה הו קמיך
שחיר	2	0		0	פיוט #976 — צלות ‏ הכפור	ביום * ובליל תהיה שחיר : בתפלה והמקרא * ומה ‏ ומה שפיר :
הק	1	1		0	פיוט #977 — צלות יום הכפור	מבגללו אמור: ולהבדיל ‏ הק דש וב ין החלה * ובין הט מא
יסתדרו	2	0		0	פיוט #983 — ‏ קטרת הסמים: כהנה רבה אלעזר חליפת הרבנים השלמים	יסתדרו * מן כל אתר ואתרי: וישלחו מועדיון בשלם * וזהו וחדו
אעשירנו	1	1		0	פיוט #991 — צלות ‏ הכפור	‏ מן שובתה: עשר אעשירנו לך * מעשרים תלתה: המעשר הלאש *
שלישות	2	0		0	פיוט #995 — צלות יום הכפור	ונקה לא ינקה * אנה סודים תמחות: במימרו פקד * על שלישות ועל
ועקובאתו	2	0		0	פיוט #1003 — ‏ מימרי אקרי * בשם ייהיויה	עבוד מה דו בעי: ואלהותה דילה * בנבאי ובראי: שמו ‏ נסי * ועקובאתו
ואותיר	2	0		0	פיוט #1014 — צלות יום הכפור	המבול * זכר דבו ריחותו: ואמר לא ידון רוחי * ואותיר נח ופרותו:
יתכזנו	2	0		0	פיוט #1019 — צלות יום הכפור	: יתכזנו * וייתו 'בריאמים : ויסתכלו מוצא הכהן * אל המקום בשלמים‎
שריפות	2	0		0	פיוט #1021 — צלות יום הכפור	מציל * ולא פשר יפשרי: מן שריפות האש * דתוקד ‏ במהרי: ותוקד
גליגאתון	2	0		0	פיוט #1051 — צלות לילת חדה מפוק השבת	שלשה זכאים * גליגאתון עדפה * בדכרנון תטפי * האש השריפה * בי מן
וכשביע	2	0		0	פיוט #1088 — כהלכון פעם אחד * בחדש השביעי באחד לחדש	עם הישרי : דו לחדשים שביע * בשביע * הימים וכשביע * המצות וכשביע *
בשביעי	2	0		0	פיוט #1109 — צלות מוער חדש השביעי צפרה	לימים שביעי: וכשבעת יומי המצות * ותחג לטורה בשביעי: וכשבעה
קביעה	0	2		0	מימר מרקה I:70 (ספר פליהתה)	…קמיון ושת מון דאלפ נטלין בשעבוד וטובה וחסדה מסמכין לון תמן קביעה הות סכות על שבילה רבה אתר לותה כל געוזיה חסידין הוו כוכביו…
וסדירין	0	2		0	מימר מרקה I:70 (ספר פליהתה)	…ו רביו דיצחק משכללין הוו אלימיה דרחל שפירין הוו ארזיו דיעקב וסדירין הוו סדריה דלאה דמיה הות סכות לגן עדן ובני ישראל אילניה דבה…
דאזדרעת	0	2		0	מימר מרקה I:70 (ספר פליהתה)	…סוף לרבותה זרעיה בפלשתים ומדגנה בארץ מצר וכתרת מפרנסה מבתר דאזדרעת ארבע מון שנה ותלתים שנה אתשקלו שניה במוזן קשט פלגון בארע מצ…
משתנק	0	2	מעשה	0.638	מימר מרקה I:47 (ספר פליהתה)	…אם מחי אתה למשלח ית עמי דאנן מחין נהרה ויתעבד אדם ואת עתיד משתנק אתה וקהלך וכל ארע מצרים לקיה על דדיך כל דבה רוח חיים לגו מי…
ואשתנקת	0	2		0	מימר מרקה I:56 (ספר פליהתה)	…ן רב ביני כל מצראי שתו מרתה דמותה ואנון קעימין ומיתת פגריון ואשתנקת רוחיון ולא יכלו חרשיה למקעם קדם משה דהוו נאדים באדן סימנה ב…
משלביק	0	2		0	מימר מרקה I:56 (ספר פליהתה)	…ון ולא יכלו חרשיה למקעם קדם משה דהוו נאדים באדן סימנה בסרון משלביק ולשנון מבלבל ונפשהתון מעיקה וגויתון מעיסה ופרעה מקשי ודינה…
מקלסין	0	2		0	מימר מרקה I:75 (ספר פליהתה)	…ך יוסף מסחן חרותה אה תדע רוחך דאתה סביל בידי | ושת מון דאלף מקלסין גרמך עננה ואשתה נגידין קמיך ונופיה דמנך סבלין יתך לסכום מאה…
דפסיקה	0	2		0	מימר מרקה I:75 (ספר פליהתה)	…ם שתה אתה טמיר לגו ארע מצר ובתר כל אלין שניה את נפיק לארעה דפסיקה לך ניחח היא רוחך ברה דפרותה יוסף מלכה לבושה דחרותה דעביד לך…
חבישין	0	2		0	מימר מרקה I:59 (ספר פליהתה)	…ין לא עמו בה נאר חבוש מריר עד מותר חבושה דחשכה וכל בני מומה חבישין לגוה בית אסור קביל דלא קני נאר וכל אסיריה דלגוה נביכים עברא…
סתירין	0	2	יחו	0.823	מימר מרקה I:53 (ספר פליהתה)	…יה חכים דאלהון עבוד 15 פליאתה יכלין אנון | מסתר ומתקנה ואנן סתירין ולית בן מתקנה אמר לון פרעה מה חנאה מנוכון שרי לי מבטל גזרכו…
תדאש	0	2	יחו	0.823	מימר מרקה I:53 (ספר פליהתה)	…תקנה אמר לון פרעה מה חנאה מנוכון שרי לי מבטל גזרכון מעלי לא תדאש יומה אמתן רשותך דעתיד לך מגויאן רברבן מן אלין ארגז עליהון ו…
עכיר	0	2	יחו	0.823	מימר מרקה I:53 (ספר פליהתה)	…ותך דעתיד לך מגויאן רברבן מן אלין ארגז עליהון ונפקו ושבקותה עכיר ועוד אפיו זעיפין…
הגיבתני	0	2		0	מימר מרקה I:22 (ספר פליהתה)	…לה אלא אנה יהוה אה עבדי מן דאת ידע הלא אנה עבדת כל אלין למה הגיבתני בכל הדה מימרה אלולי ריוחתי בך מקדם אמטה בך רגזי האנה משגר ל…
ריוחתי	0	2		0	מימר מרקה I:22 (ספר פליהתה)	…את ידע הלא אנה עבדת כל אלין למה הגיבתני בכל הדה מימרה אלולי ריוחתי בך מקדם אמטה בך רגזי האנה משגר לך אחוך לזימונך כי לשנה מרגל…
חוניתון	0	2	שלוש	0.274	מימר מרקה I:4 (ספר פליהתה)	…ורביתך בבית דבבך בשלום אתהו עקב זכאי עלמה 24* בעי אנה מגלי חוניתון על אדיך ביד טובי מקים עם אבהתון קיאם וליני מנשי לה ועלמה על…
ערסהאתך	0	2		0	מימר מרקה I:50 (ספר פליהתה)	…לגו בתיך וייכלון מזונך ולית בך מכלי יתון ובגבאי משכביך ועל ערסהאתך ינכו אדניך וינטון שנתך ובתנוריך ובמלשהתך ונפשך מתלחצה ולית…
איעש	0	2		0	מימר מרקה I:48 (ספר פליהתה)	…א מעזר הך דהוה ואתה מתקטל ולא תתוחי וגנותך כתיבה לדריה לעלם איעש רב מותר הוה לגו ארע מצר שעתה דאמחי נהרה וגוזליו פישון תלימה…
רג	0	2		0	מימר מרקה I:28 (ספר פליהתה)	…ועלו ת [ רי מלאכ ] ] לסדם ברמ [ שה ] משגרין למ [ פתח ] אוצר רג [ זה ] על כל דיא [ ריה ] דלג [ וה ועלו משה ואהרן למצר ברמשה…
אסתבלת	0	2	ילד	0.311	מימר מרקה I:11a (ספר פליהתה)	…רך גדלך וחילך על כלה בגוי אתרמית ואתה טלי ואמתן יתי קשטה עד אסתבלת מני ומשה כאמר לה בארשותה דקשטה רבה דתמן הגלה אכהן אתחדד אני…
משתמעה	0	2		0	מימר מרקה I:62 (ספר פליהתה)	…סכומה מטי למפוקכון ורבותכון משתמעה ביני כל אמיה מללו שבי לכל כנשת בני ישראל יעתדון גרמון לזבנה…
ויתגלג	0	2	ברוכ	0.488	מימר מרקה I:16 (ספר פליהתה)	…האנה גלי לך סימניה דאת עבד קדם קהלה מה דן באדך ישתבח אמורה ויתגלג שמועה דאגיבה ואמר אטר מן אשתה יהיב לי ביד טובך בשלטנו רבה כ…
מעיק	0	2	ארצ	0.597	מימר מרקה I:46 (ספר פליהתה)	…ת עמי כי גוזלי נהרה מנכסין לגוה ואם מחי את למשלח ית עמי דאת מעיק מללין ומלחץ שתיקין ואם מחי את למשלח ית עמי כי כל ארע מצרים…
שילתה	0	2	דעת	0.452	מימר מרקה II:18 (על תהומי מעין עדן)	…ת ‹ מצר מת על שפת הים ביד הגדלה אשר עשה יה במצרים פתרון הדה שילתה דאנון לא שוו מהימנין ביה ובמשה במצרים וכאשר ראו מעשה אלהים…
אתחיד	0	2	בתיבתו	0.179	מימר מרקה III:56 (וידבר משה והכהנים הלוים)	…וכחו לכל דריה ומן כבודה חרב שליף לשטנה מלאכיה אמרים אה קהלה אתחיד ויטם נפשך באימנו כי באדינן איטבו ובאדינן פרקנה ובאדינן פוגג…
אתילפנן	0	2	הזאת	0.304	מימר מרקה III:76 (וידבר משה והכהנים הלוים)	…ה עובדון ודן מדעה בישה מדעון וילון במה חשבו לינן ככן ולא לה אתילפנן ולינן פנין לה לעלם אלא נדע הן מרן 22* רחמן ורתאה ידע רזי כל…
ואתילפו	0	2		0	מימר מרקה III:5 (וידבר משה והכהנים הלוים)	…עד האן לא תבהת ממד אתה עביד וכדו ישראל אתיתבו וקבעו בליכון ואתילפו ולא יהי אכה רנון דו אתר רב לא כותה…
נתילף	0	2	מעשי	0.489	מימר מרקה III:74 (וידבר משה והכהנים הלוים)	…נתן אפרשו רבה ודחילה עד האן נתילף כל מה דאלפן נביה רבה משה אהן אלפן יתר חזה מרן גלת ] לבטתה א…
מתגלג	0	2	מהנ	0.512	מימר מרקה III:12 (וידבר משה והכהנים הלוים)	…עם קדש ליהוה אתון בחורין בעלמה וכל בחור מתגלג וכל אנש דאתוקר הוא מתיטב בכלה וכל מתיטב מתחיל לעלם מד את חכ…
יילפו	0	2	שלא	0.43	מימר מרקה III:11 (וידבר משה והכהנים הלוים)	…ן ייעלון לבדיל חכמתך דאנון מתרבים בעשרה עובדים חיולין ורמין יילפו יתה ויעבדו יתה בזכו כד יהונו אתים ליד אתרה טבה ישמעו מד לא…
ויילפו	0	2	שלא	0.43	מימר מרקה III:11 (וידבר משה והכהנים הלוים)	…יתה בזכו כד יהונו אתים ליד אתרה טבה ישמעו מד לא שמעו אבהתון ויילפו מד לא אתלפו | ויחכמו מד לא חכמו 52b ויחזון מד לא חזו ויקרו…
יוכח	0	2	דברי	0.398	מימר מרקה III:51 (וידבר משה והכהנים הלוים)	…דאמלתך באהן ועבדך מלוא באהן רביאנה לא תוכח יתי עד תודי ממלל יוכח קנומך כי ממך ובך קעמי דאנה וקעמי בך מסתמכין מה דת מחזי אנן…
מכעוס	0	2		0	מימר מרקה IV:56 (מימר על שירתה רבתה)	…ואתחזי לגו סימני » ם « בדיל פרקנך והנאץ בדינים בדיל משרראתך מכעוס בניו ובנותה מלת אוכחו ארכן כל קהלה מד שמע מן משה אישה אדה מ…
יאמיצהו	0	2		0	מימר מרקה IV:68 (מימר על שירתה רבתה)	…יאמיצהו בארץ המדבר מן אזל והוא מתרחץ בה לית לערויה עליו יכלו יצירנה…
גומרי	0	2		0	מימר מרקה IV:17 (מימר על שירתה רבתה)	…נה וכן 10 על מדבחה הות תדירה ואשתה דעבידה לאועדו דאמיר עליה גומרי אש מלקדם יהוה | מכן 73b ספר ד : מימר על שירתה רבתה | 338 לא…
השתיר	0	2	הרג	0.782	מימר מרקה IV:86 (מימר על שירתה רבתה)	…זיף ומוזף אוי לאנש דיפל גרמה זמרי זנאה כדן עבד ואתקטל ולא › השתיר ‹ והמחק שמה נדחל מן אימת מרן ולא נבטל לשנינן מן דכרן שמה רב…
וזומנאותה	0	2	פתיחה	0.262	מימר מרקה IV:15 (מימר על שירתה רבתה)	…הבו ו עבידה צמות כלה איקר מכן עבדה נביה רבה משה מפתח תשבחתה וזומנאותה ובראשית ומה על דמותה ו 5 אשתתי יומיה ואף מניאן בראשית ומה…
וד	0	2		0	מימר מרקה IV:15 (מימר על שירתה רבתה)	…בקדישו מכן אמר מלת גדל כד אזדמנו לה עקרי שבתה רבה קדשה בג וד ועזר ל אוקרו לכהלון כלול דקדש דאתחיל תמן ועזר בממללה ואמר…
הזדרם	0	2		0	מימר מרקה IV:15 (מימר על שירתה רבתה)	…אוזף במקרתה והבו במיפכה בראשית ומד אסחנת וקדשה דשבתה ומד בה הזדרם…
הזדוגו	0	2		0	מימר מרקה IV:67 (מימר על שירתה רבתה)	…צפי תרין הזדוגו כחדה אחד עמר אתר ואחד עמר אתר יוסף עמר אתר אבוה ונסב ית דלה…
תילף	0	2		0	מימר מרקה IV:65 (מימר על שירתה רבתה)	…רח וסיעתה כד קעמו לקדמי ובעו מד לית לון קטית לדכרנון הב בלך תילף מן אלין ותתקרב בון תיבד כותון הצנק אהן ביספרה ולא תפתחנה כי…
השתמעת	0	2	ששת	0.252	מימר מרקה IV:14 (מימר על שירתה רבתה)	…ורזיתה איך היא ושמה רבה ידענן איקרה ורבין כי דמן פמה דמשה | השתמעת ושמה דבה אתחיל והגדל תריון הזדבגו זה עם זה מן פם אלהותה ופמ…
הזדבגו	0	2	התחזק	0.201	מימר מרקה IV:14 (מימר על שירתה רבתה)	…ה ורבין כי דמן פמה דמשה | השתמעת ושמה דבה אתחיל והגדל תריון הזדבגו זה עם זה מן פם אלהותה ופמה דנביותה נצפי מלתה דכתבה קשטה והי…
דעארה	0	2	בזאת	0.777	מימר מרקה IV:77 (מימר על שירתה רבתה)	…פתור מיקר קדשה בה משתוי אלהים כללה ברכתה בה קטירה שלמותה בה דעארה כהנה דלה כבודה רבה קעומיה עליה מלאכיה יתוביה מהימניה שמשיה…
יכיעסהו	0	2	להמ	0.232	מימר מרקה IV:38 (מימר על שירתה רבתה)	…ובתועבות יכיעסהו עלם חסרן לית לגוה אכשרו עלם דיתחזי בה תועבהתה לא בנים טבים…
נך	0	2		0	מימר מרקה IV:11 (מימר על שירתה רבתה)	…יולה הב בלך לא תהי דבב לאלין תתעבד מטה ] ו [ דבבך לעל ] מ [ נך הב בלך לא תהי דבב לאלין תקום במסכינו וכלה קבל עליך ולית לך…
משתבק	0	2		0	מימר מרקה IV:95 (מימר על שירתה רבתה)	…ועבקה ועפרה נחת מן שומיה אליון וקבל אפיל בעיניון ונביה רבה משתבק מנון ואהרן ובניו מזדכי ] ן מ [ נון וזכאי ] על [ מה לא פנין…
אטלטל	0	2		0	מימר מרקה V:35 (מימר על וימת שם משה)	…חכמנן וידענן דו לבש קרן אורה ואניר על צלמה עד יום מותה ולא אטלטל לשנה דו פרוט מלי ארהותה דהוה מלף מקרתה לשת מון דאלפין ובכות…
מסתדרין	0	2		0	מימר מרקה V:8 (מימר על וימת שם משה)	…דעבדו בזבן דקרא שירתה עבד לה דרג וסלק עליה עד עמהתון כהלון מסתדרין קדמיו וכהלון הוו עמין יתה וליתון סבעין מן מצפיתה קעם על תרי…
שאילה	0	2	שאולימ	0.63	מימר מרקה VI:40 (מימר מדבק בשנים והעשרים אות)	…ולית בחיל אנש ידע גבורתה ישתבח מלכה מלוך חיי עולם דכל חייה שאילה מדלה נסגד לגדלה ונדחל מן אימתה רבתה אנשה זרזו למביע מן אלה…
התוקר	0	2	נתנ	0.251	מימר מרקה VI:22 (מימר מדבק בשנים והעשרים אות)	…‹ ימה וחלה לן מי מרה ואכילן מנה ואשמענן קלה ויקרן בכתבה מן התוקר בכל אמיה כותן אי אתרבה דמותן איך נהי מתנצלים מן חכמתה ונביה…
הגיבון	0	2	עתה	0.653	מימר מרקה VI:4 (מימר מדבק בשנים והעשרים אות)	…רים ומרביה נופים ואנשין אמרו דדן עובדה מן גרם שמשה חלצה מרן הגיבון הכה לא קצרתון באהן מימרה לא מללתון אלא על חכמה גרם שמשה מנה…
והגיבת	0	2	קופ	0.373	מימר מרקה VI:55 (מימר מדבק בשנים והעשרים אות)	…תמן קעמת והגיבת יתה טכח יהי מעזרה ליד קשטה הלא כסיהתה ליה וגליהתה אמת דו בע…
סגוריו	1	0		0	פיוט #1 — עמדתי קמיך (פתיחת הדפתר)	קמי חכום בסיאתה האן אלה דבוק סגוריו
חיממה	1	0		0	פיוט #4 — אדיק עלינן מרן	חיממה [?] דלית משתבח לגוה חשיך כל דמהלך לגוה • נהרה בידה ולא הו עמי • לילי דלית מתרבי לגוה • דמוכה במרטוש חיול • מעדה דשבק למודה • מגנף הוא דלא בטל :
מגנף	1	0		0	פיוט #4 — אדיק עלינן מרן	חיממה [?] דלית משתבח לגוה חשיך כל דמהלך לגוה • נהרה בידה ולא הו עמי • לילי דלית מתרבי לגוה • דמוכה במרטוש חיול • מעדה דשבק למודה • מגנף הוא דלא בטל :
רמעין	1	0		0	פיוט #4 — אדיק עלינן מרן	לית דיניה מבלדין חיב • ולא ערויה מצדין לה • לית רמעין לנפשה כלום • מרוד לטי גרמה מנעל • וידע דילה מצטלבת • הפך דיו על אפדיו • וידע דלית מנה אנחה :
וכריזתך	1	0		0	פיוט #6 — צלות מרקה — עבודה דעלמה אלהים יסתגד	זעיקתך בריאן • וכריזתך עלמין : זעיו רחמיך • זהו לעבדיך :
עלאד	1	0		0	פיוט #7 — עבודה דעלמה מן ישום רביאנך (דורן)	כל רביאנון תליך • עלאד משה גליך : כתב קדשך • הושטת למהימנך :
לטמללה	1	0		0	פיוט #7 — עבודה דעלמה מן ישום רביאנך (דורן)	תהום לטמללה • דכינה עברה [?] : תהום ממלל משה • תהום ממלל מרה :
גרול	1	0		0	פיוט #9 — מן מימר הבהנים והזקנים רצון יהוה עליהם אמן	יהוד . מקדש יהוה כוננו ירך יהוד . ים לך עולם ועד כי גרול יהוה מכל
סנוריו	1	0		0	פיוט #9 — מן מימר הבהנים והזקנים רצון יהוה עליהם אמן	קמי חכום בסיאתה האן אלה דבוק סנוריו אלא אתה כרוך ןש ם קרשך •ין
וודטוברד	1	0		0	פיוט #9 — מן מימר הבהנים והזקנים רצון יהוה עליהם אמן	■ .למימיה ,וודטוברד
בשוט	1	0		0	פיוט #9 — מן מימר הבהנים והזקנים רצון יהוה עליהם אמן	אלהנו רחילה בשוט יה ובארע יתברך לית חיל דיקום אלא חילה ולא יעבר
וטחסריך	1	0		0	פיוט #9 — מן מימר הבהנים והזקנים רצון יהוה עליהם אמן	נסנו מן רבות עונינו וטחסריך נבהלנו גמלתנו כל טוב וכל רעות גמלנו
וחפארות	1	0		0	פיוט #9 — מן מימר הבהנים והזקנים רצון יהוה עליהם אמן	וחפארות תמירות לאלהינו ואלהי אבותינו אלהי אברהם ויצחק ויעקב הוא
ררחמיר	1	0		0	פיוט #9 — מן מימר הבהנים והזקנים רצון יהוה עליהם אמן	ולית אלה לבר מנה • שמה ישתבח וחילה יתרומם * מרין ררחמיר . ירחם
רסליחתה	1	0		0	פיוט #9 — מן מימר הבהנים והזקנים רצון יהוה עליהם אמן	עלינן * מרין רסליחתה יסלח לחובינן י נשרי דחלתה בלבבינן כיינן
רכתב	1	0		0	פיוט #9 — מן מימר הבהנים והזקנים רצון יהוה עליהם אמן	מה דו חילן נסיר עליך דלית כותך אלהנו תשתבח • מה רכתב נביה נימר
ריאסינן	1	0		0	פיוט #9 — מן מימר הבהנים והזקנים רצון יהוה עליהם אמן	לקדם מלכותך * ולא אסאה ריאסינן אלא טובך ורחמיך י אין באל ישרון
אלהינד	1	0		0	פיוט #9 — מן מימר הבהנים והזקנים רצון יהוה עליהם אמן	ישתבח אלהינד ישתבח לעלם • בימי השמים על הארץ עוד בימי אבות
בבסיאתת	1	0		0	פיוט #9 — מן מימר הבהנים והזקנים רצון יהוה עליהם אמן	אה מרן בבסיאתת וגליאתה ישתבח * אלחנן ואלה אבהח ן'בבל יוטיה ישתבח •
אבהח	1	0		0	פיוט #9 — מן מימר הבהנים והזקנים רצון יהוה עליהם אמן	אה מרן בבסיאתת וגליאתה ישתבח * אלחנן ואלה אבהח ן'בבל יוטיה ישתבח •
עוברים	1	0		0	פיוט #9 — מן מימר הבהנים והזקנים רצון יהוה עליהם אמן	דלה עוברים סבים ישתבה • פלנה דצדקה דיהב סני דלא מוני ישתבח •
רטפצי	1	0		0	פיוט #9 — מן מימר הבהנים והזקנים רצון יהוה עליהם אמן	פצאה ' רטפצי לן מן חוב יה ומן דיניה ומן פריחתה ישתבח • עבוד צדקה .י
נברבך	1	0		0	פיוט #9 — מן מימר הבהנים והזקנים רצון יהוה עליהם אמן	נברבך מאד ונשוע אליך מהר ונקרא במובותך הנדלות הנאמנות : £ ׳
השטע	1	0		0	פיוט #9 — מן מימר הבהנים והזקנים רצון יהוה עליהם אמן	אל הכל תחת ידו * אל העולם בכוחו • אל הטוב והחסד • אל *השטע
סנולת	1	0		0	פיוט #9 — מן מימר הבהנים והזקנים רצון יהוה עליהם אמן	אל סנולת העטים יא ל ספרה הר הקרם * אל ספר הברית • אל סלח
וסנר	1	0		0	פיוט #9 — מן מימר הבהנים והזקנים רצון יהוה עליהם אמן	אל פתח וסנר * אל פקר וזכר • אל פתח ואמונה * אל פדי ונאל : אהיה
ורחילה	1	0		0	פיוט #9 — מן מימר הבהנים והזקנים רצון יהוה עליהם אמן	ברכו ושבחו ורבו ורוממו לחילה רבה ורחילה דו אלה על כל אלהיה
יוטיון	1	0		0	פיוט #9 — מן מימר הבהנים והזקנים רצון יהוה עליהם אמן	צפריון ובבל יוטיון ובכל שביון ובבל מועדיון ומשבח י ן לאלהיון ואמר ים
שסך	1	0		0	פיוט #10 — ב מימריו ן	ז ויאמר יצחק אל אברהם אביו : נבור שסך :
ממף	1	0		0	פיוט #11 — והאזנת אל מצותיו ושמרת בל חקיו : רפא שמך	ז וכפר בעדו ובעד ביתו ושחט את פר : הכפרות ממף :
הסזבחה	1	0		0	פיוט #11 — והאזנת אל מצותיו ושמרת בל חקיו : רפא שמך	וכפי בערו ובעד העם ואת חלב החטאת יקטר הסזבחה : פדי עמך :
רל	1	0		0	פיוט #12 — ושבת עד יהוה אלהיך ושמעת בקולו : *יתרומם שמך	מלך על כל מלכיה * עניתן ושמע 'בקלן יע רל א יבטל דברן רחמיך •
לרעבר	1	0		0	פיוט #12 — ושבת עד יהוה אלהיך ושמעת בקולו : *יתרומם שמך	נסגר * ולינן טעין ואתה אלה לרעבר ולראתי • ומקים *חליפן ׳עם כל ררין ■
בקשטז	1	0		0	פיוט #12 — ושבת עד יהוה אלהיך ושמעת בקולו : *יתרומם שמך	ואת ממן בקשטז וברבו שלטן רב :
רתסנה	1	0		0	פיוט #12 — ושבת עד יהוה אלהיך ושמעת בקולו : *יתרומם שמך	אלא *טובך ורחמיך • אה רתסנה דבק
ורחוחך	1	0		0	פיוט #12 — ושבת עד יהוה אלהיך ושמעת בקולו : *יתרומם שמך	בעים תקבל מנן ברחמיך • אה רחמנה * תלי רנזך מנן ופרם רחמיך ורחוחך
רחמנד	1	0		0	פיוט #12 — ושבת עד יהוה אלהיך ושמעת בקולו : *יתרומם שמך	קמי טובך מרי אנן בעים סגרים מתחננים 'לשמך רחמנד . תחלי * רנזה
קריעה	1	0		0	פיוט #12 — ושבת עד יהוה אלהיך ושמעת בקולו : *יתרומם שמך	־ ״ .רינה קריעה ׳ -אהה ברחמיך ״ .כץ ׳ ,ומן
טדבהג	1	0		0	פיוט #12 — ושבת עד יהוה אלהיך ושמעת בקולו : *יתרומם שמך	דלא שותף בריך טדבהג צריך גלא טובך עבדת דלא לחיו ושבת דלא
בצבעד	1	0		0	פיוט #12 — ושבת עד יהוה אלהיך ושמעת בקולו : *יתרומם שמך	מן דוש י ואנדיך בצבעד כל דצריך * לעלם • אה רחמנה רבקן
לרחסותך	1	0		0	פיוט #12 — ושבת עד יהוה אלהיך ושמעת בקולו : *יתרומם שמך	לקהליך ספרך ככור לרחסותך האן אלה ריבחר כבחוריך אי יעבד בעובדיך
ריבחר	1	0		0	פיוט #12 — ושבת עד יהוה אלהיך ושמעת בקולו : *יתרומם שמך	לקהליך ספרך ככור לרחסותך האן אלה ריבחר כבחוריך אי יעבד בעובדיך
ופליאתך	1	0		0	פיוט #12 — ושבת עד יהוה אלהיך ושמעת בקולו : *יתרומם שמך	אי יחכם סימניך ופליאתך אה רחסנה דבקן ברחמיך אה רחמנה אשקף
דכטרמליך	1	0		0	פיוט #12 — ושבת עד יהוה אלהיך ושמעת בקולו : *יתרומם שמך	דכטרמליך • *דיו מקבל טובין דרחמיך אלה מהימן * ולא תתכשי כלום אתם
לרבוחך	1	0		0	פיוט #12 — ושבת עד יהוה אלהיך ושמעת בקולו : *יתרומם שמך	לפם דו חילן דלפם חילך • לית בן נימר ׳לרבוחך רבתה ולא ׳לקבל
וסנרים	1	0		0	פיוט #12 — ושבת עד יהוה אלהיך ושמעת בקולו : *יתרומם שמך	מורים וסנרים • אה חיולה יא ה נצותה • אה קרישה • אה שליטה • אה
נרולה	1	0		0	פיוט #12 — ושבת עד יהוה אלהיך ושמעת בקולו : *יתרומם שמך	נרולה אה גיבורה אה נוראה אה קמאה אה רתאה ־ אה רחמנה י מרי
עוון	1	0		0	פיוט #12 — ושבת עד יהוה אלהיך ושמעת בקולו : *יתרומם שמך	עוון כן הלביאתה התמר בכל סבת מן מימר סרקה ז .יפרבס . , , , *
יפרבס	1	0		0	פיוט #12 — ושבת עד יהוה אלהיך ושמעת בקולו : *יתרומם שמך	עוון כן הלביאתה התמר בכל סבת מן מימר סרקה ז .יפרבס . , , , *
וננואתן	1	0		0	פיוט #12 — ושבת עד יהוה אלהיך ושמעת בקולו : *יתרומם שמך	גלניך דת רחמן • וננואתן דאנן בישין ולית טובך מנכי ומסובר לן • דאנן
דחלר	1	0		0	פיוט #12 — ושבת עד יהוה אלהיך ושמעת בקולו : *יתרומם שמך	דחלר , רבה דבעלמה אנשה 'עמו * ודחלו ווילן דלא שדינן מילף מתנאתה
רנועז	1	0		0	פיוט #12 — ושבת עד יהוה אלהיך ושמעת בקולו : *יתרומם שמך	רבון דנבייה י שלח ואמר לן בכתבה • ותעזר לסער יהוד . * טוב רנועז ר
רמתשקח	1	0		0	פיוט #12 — ושבת עד יהוה אלהיך ושמעת בקולו : *יתרומם שמך	מותה מדמי ׳לכהן • משקי מי בור לאנשה • ווילה מן רמתשקח חיב *
תשלסאתה	1	0		0	פיוט #12 — ושבת עד יהוה אלהיך ושמעת בקולו : *יתרומם שמך	ווילון כל חיביה • ראנון באשדה * חיולה י תשלסאתה דאנון לקין י אנר
רזזמנה	1	0		0	פיוט #12 — ושבת עד יהוה אלהיך ושמעת בקולו : *יתרומם שמך	רזזמנה דבק • ומנהר ׳לרחמיו * יבכון חיביה נרטון * דאנון באשדה * חיולה :
נרטון	1	0		0	פיוט #12 — ושבת עד יהוה אלהיך ושמעת בקולו : *יתרומם שמך	רזזמנה דבק • ומנהר ׳לרחמיו * יבכון חיביה נרטון * דאנון באשדה * חיולה :
דטחכטין	1	0		0	פיוט #12 — ושבת עד יהוה אלהיך ושמעת בקולו : *יתרומם שמך	סימניה דטחכטין * דלית בדרה דאנן בה י אנש אלא שותף לחוביה *
טשנתין	1	0		0	פיוט #12 — ושבת עד יהוה אלהיך ושמעת בקולו : *יתרומם שמך	מעיר . חסירין • ופרי ארעה טשנתין • פטה דדינה 'פתיח עלינן *
לקנומד	1	0		0	פיוט #12 — ושבת עד יהוה אלהיך ושמעת בקולו : *יתרומם שמך	כיי הפך לקנומד :
טבד	1	0		0	פיוט #12 — ושבת עד יהוה אלהיך ושמעת בקולו : *יתרומם שמך	רחמנו . טבד ■ ־'עבד צדקה הך די אמנותך * לית בן נקום ״ באהן רינה *
מפו	1	0		0	פיוט #12 — ושבת עד יהוה אלהיך ושמעת בקולו : *יתרומם שמך	מפו ק: מרי בעמל תלתי שלמיה * וביוסף פתור חלמיה • ובמשה רטן
מחענין	1	0		0	פיוט #12 — ושבת עד יהוה אלהיך ושמעת בקולו : *יתרומם שמך	וסגודיו מחענין • ותשבחתה מתמרן י טוביון סגוריה רשוו בך אה יוטה
סגוריה	1	0		0	פיוט #12 — ושבת עד יהוה אלהיך ושמעת בקולו : *יתרומם שמך	וסגודיו מחענין • ותשבחתה מתמרן י טוביון סגוריה רשוו בך אה יוטה
טתעיני	1	0		0	פיוט #12 — ושבת עד יהוה אלהיך ושמעת בקולו : *יתרומם שמך	'דקדשה מרה מן ריש • דו טתעיני בכסיאתה • ומתיקר בנליאתה * ברומה
ראנשמותה	1	0		0	פיוט #12 — ושבת עד יהוה אלהיך ושמעת בקולו : *יתרומם שמך	על דדי טובך רבה * וברטיכנן לחשכה ותהומה ראנשמותה • ואנן עטין
אנשמותר	1	0		0	פיוט #12 — ושבת עד יהוה אלהיך ושמעת בקולו : *יתרומם שמך	דאנשה י ועבדת* אנשמותר, ט קריבה ללחיותה * עד יהונו מנשמין מכל
עורנוז	1	0		0	פיוט #12 — ושבת עד יהוה אלהיך ושמעת בקולו : *יתרומם שמך	עורנוז על לילת עב טובה עורן ק עלות על לילת חרה ספוק יזס
יזס	1	0		0	פיוט #12 — ושבת עד יהוה אלהיך ושמעת בקולו : *יתרומם שמך	עורנוז על לילת עב טובה עורן ק עלות על לילת חרה ספוק יזס
ואטולחנה	1	0		0	פיוט #12 — ושבת עד יהוה אלהיך ושמעת בקולו : *יתרומם שמך	ואטולחנה . £ , .טובחת מן מימר נגה ב ; מרקה וגו
טובחת	1	0		0	פיוט #12 — ושבת עד יהוה אלהיך ושמעת בקולו : *יתרומם שמך	ואטולחנה . £ , .טובחת מן מימר נגה ב ; מרקה וגו
רעגרוץ	1	0		0	פיוט #12 — ושבת עד יהוה אלהיך ושמעת בקולו : *יתרומם שמך	מגוז המשהה .רעגרוץ י .אלא , י ־ € צ .מסר
משבחחך	1	0		0	פיוט #12 — ושבת עד יהוה אלהיך ושמעת בקולו : *יתרומם שמך	משבחחך מרי דת קעם עמן באיממה * וסעד לן בחלק ליליה * ונטר
דיפפר	1	0		0	פיוט #12 — ושבת עד יהוה אלהיך ושמעת בקולו : *יתרומם שמך	£ דאהן דיפפר * יהי בספרה דבראשית * וסליה דלגוה שומיה וארעה •
ראמרו	1	0		0	פיוט #12 — ושבת עד יהוה אלהיך ושמעת בקולו : *יתרומם שמך	פתח לה וצנק לה ועורן לא ימעי * אשדה לא לין ראמרו דלבר מנה י
רלגזה	1	0		0	פיוט #12 — ושבת עד יהוה אלהיך ושמעת בקולו : *יתרומם שמך	דהרה מדינה ייה מדינתה דבראשית • וכל בוראי רלגזה קדיש הך חברה •
ענדתון	1	0		0	פיוט #12 — ושבת עד יהוה אלהיך ושמעת בקולו : *יתרומם שמך	לון ענדתון * וכן אנון לעלם * נכרז לה בנצירו רב חילה רכן עבד • ואנן
נימרנר	1	0		0	פיוט #12 — ושבת עד יהוה אלהיך ושמעת בקולו : *יתרומם שמך	וצפרה • כר׳לן נימרנר ׳ כמה אמר משה על יטה * כן נימר דחילה משבחה
רמרעך	1	0		0	פיוט #13 — צלות מרקה	גבוראתך אנין • עללתה רמרעך : נליאתה כריה ־ וכסיאתה דמעה ;
ראשיוזעבה	1	0		0	פיוט #13 — צלות מרקה	עם מעה ¥ .ראשיוזעבה ־ , דאער.עבדח ה ג , . לריחון זנ
עבדח	1	0		0	פיוט #13 — צלות מרקה	עם מעה ¥ .ראשיוזעבה ־ , דאער.עבדח ה ג , . לריחון זנ
רטין	1	0		0	פיוט #13 — צלות מרקה	ואתה ברום עלמה * לעל מכל רטין : ומעיני ארעי • וממן בעלאי :
ובריזתך	1	0		0	פיוט #13 — צלות מרקה	זעיקתך בריאן * ובריזתך עלמין : זזעיו רחמיך * זהו לעבדיך :
סנרן	1	0		0	פיוט #13 — צלות מרקה	טובי נפשאתן • למן אנין סנרן : טב לנו יא תן , * סבלןז אימתך :
סבלןז	1	0		0	פיוט #13 — צלות מרקה	טובי נפשאתן • למן אנין סנרן : טב לנו יא תן , * סבלןז אימתך :
יברז	1	0		0	פיוט #13 — צלות מרקה	כל פממין שתיקין * ומללין את זאן : כל פם דבה ממלל ־ יברז לך
קיאטה	1	0		0	פיוט #13 — צלות מרקה	נטור דלא דמך • אתה אלה לעלם : נטר ״ קיאטה י וחסדה לרחמין ;
רוזמיך	1	0		0	פיוט #13 — צלות מרקה	רחמנה שמך • עלינן אתרחם • רחמיך יגנן • על בני רוזמיך :
צסיחן	1	0		0	פיוט #13 — צלות מרקה	£ ,קעניה רמונה ¥ י * .וקעניי , ־ .צסיחן ¥ .אב יי ¥
רהס	1	0		0	פיוט #13 — צלות מרקה	את רהס ¥ .אלהוחה ¥ .קנה רמעונה ־ ,קעניה דמוענדז
רמעונה	1	0		0	פיוט #13 — צלות מרקה	את רהס ¥ .אלהוחה ¥ .קנה רמעונה ־ ,קעניה דמוענדז
דמוענדז	1	0		0	פיוט #13 — צלות מרקה	את רהס ¥ .אלהוחה ¥ .קנה רמעונה ־ ,קעניה דמוענדז
לנרלך	1	0		0	פיוט #13 — צלות מרקה	ואתה לנרלך * אלה דלא מתחלף : ורבעי לבר מנך י בלש ולא משקה * :
ריחטיך	1	0		0	פיוט #13 — צלות מרקה	זכותה דילך • זכאי ריחטיך : זבן ועדן • לא נשתק על טובך :
למפוננה	1	0		0	פיוט #13 — צלות מרקה	*חללה נפשת * לעלמה יתבחה : חלטים שלחת * למפוננה רחמיך :
טדילך	1	0		0	פיוט #13 — צלות מרקה	מהימנים אנן • דאת אלהן וטובינן ן מנן לך תשבחן • טדילך לן מתנה :
טתקרבה	1	0		0	פיוט #13 — צלות מרקה	ננודה רעלמה * בתרך מהלכה : נטורון דחייה * בטובך טתקרבה :
קדישוחך	1	0		0	פיוט #13 — צלות מרקה	קמי קדישוחך • נכח אל עליון : קריב אתה לסנודיך ■ רלא מתעמי לח :
לסנודיך	1	0		0	פיוט #13 — צלות מרקה	קמי קדישוחך • נכח אל עליון : קריב אתה לסנודיך ■ רלא מתעמי לח :
נרילן	1	0		0	פיוט #13 — צלות מרקה	גבורתך רבתה * תרחם עלינן : גליאתה ובסיאתה * נרילן * מן טובך :
ורברוהה	1	0		0	פיוט #13 — צלות מרקה	* ורברוהה זס ודבורה .פוב העולם ערל □ אדרכן כיטה
פוב	1	0		0	פיוט #13 — צלות מרקה	* ורברוהה זס ודבורה .פוב העולם ערל □ אדרכן כיטה
רחואתך	1	0		0	פיוט #13 — צלות מרקה	זזעיו * תשבח תך • אסו לחיינן : זרוז רחואתך • מסקופי לגויאתן :
חאבנן	1	0		0	פיוט #13 — צלות מרקה	תנינן בתשבחתך * אמנן באיקר רב : חאבנן לאקרךיולית כלום *יגיח בן :
לאקרךיולית	1	0		0	פיוט #13 — צלות מרקה	תנינן בתשבחתך * אמנן באיקר רב : חאבנן לאקרךיולית כלום *יגיח בן :
יניבן	1	0		0	פיוט #13 — צלות מרקה	•הו מסרקו ,ממרק הו , ־ ■בסמלה , ¥ ״ •יניבן
סותר	1	0		0	פיוט #13 — צלות מרקה	כמה הו מסיד בן * אלא ייתי מדון : מן רחם לן סותר * *הו טשנר
טשנר	1	0		0	פיוט #13 — צלות מרקה	כמה הו מסיד בן * אלא ייתי מדון : מן רחם לן סותר * *הו טשנר
טעיול	1	0		0	פיוט #13 — צלות מרקה	מי תהומה טעם • ומי רקיעה תלא : נפש לבינתון * טעיול לרחמיו :
רתהומה	1	0		0	פיוט #13 — צלות מרקה	׳פתח פמה רתהומה * ואפק לן מים חיים : פטה דנחש צנק * בגלל
רסתרד	1	0		0	פיוט #13 — צלות מרקה	רסתרד חיים :
וארברו	1	0		0	פיוט #13 — צלות מרקה	צבעו בדחלה • וארברו רבותה ; צבע * לגבה אדם י *ואסתובר בידי מרה :
תאביח	1	0		0	פיוט #13 — צלות מרקה	תאביח אנון • רנצחין קרבה : ונלין רחותה * ומשסשין לאלהון :
רנצחין	1	0		0	פיוט #13 — צלות מרקה	תאביח אנון • רנצחין קרבה : ונלין רחותה * ומשסשין לאלהון :
ומשסשין	1	0		0	פיוט #13 — צלות מרקה	תאביח אנון • רנצחין קרבה : ונלין רחותה * ומשסשין לאלהון :
רממללר	1	0		0	פיוט #13 — צלות מרקה	דאלין בוראין • יקירין ער מותר : *דמע רממללר. • ואורה דנפק מניר ;
רפרח	1	0		0	פיוט #13 — צלות מרקה	אהן דאלק אורה * ישתבח ביר כל פם : אהן רפרח ג חשכה* • 'ורון לה
סמגה	1	0		0	פיוט #13 — צלות מרקה	ישתבח לעלם יה £ הרה יכולה סמגה ־ יהי ז . ¥ ב
בטולץ	1	0		0	פיוט #13 — צלות מרקה	יחידאי את מרן * לך מוראה על גרלך : 'וזוב ומספק י צורכי בטולץ :
ראנציר	1	0		0	פיוט #13 — צלות מרקה	סגי דטתחיב לך * ובזעורן את מתפעם • סגור ראנציר עמך * לית
זזעח	1	0		0	פיוט #13 — צלות מרקה	פליאן רברבן • זזעח בגללן • פרעה ואכלסיו • טמעת בים סוף :
ראידן	1	0		0	פיוט #13 — צלות מרקה	ראידן מלך יכל קעם לקבלך : *ואת ■יצוב וממן * ואנן עפר בטול :
חיולד	1	0		0	פיוט #13 — צלות מרקה	חילך חיול מותר * מד לית מדע תאר : חיולד . יתידאה • דבקן ברחמיך :
סהכט	1	0		0	פיוט #13 — צלות מרקה	לריח למרה ־ .סהכט רהטי , ־ .לסליו : ואומת • י ־ י
צורבין	1	0		0	פיוט #13 — צלות מרקה	* . ז נפושיך רברבין * *צורבין לכלי צריך : נהריך להבין * במלה מרילך :
פממיבון	1	0		0	פיוט #13 — צלות מרקה	יפתחו פממיבון • ואמרו לה חשבחן : פתח אוצרה * וסרוח לכל עלמה :
צפיתר	1	0		0	פיוט #13 — צלות מרקה	צפי מן מעונה * צורכינן מנה : צפיתר , רחמים * מוחיון י עלמה :
סנודיו	1	0		0	פיוט #13 — צלות מרקה	ז האן אלה דבק • סנודיו אלא אתה : אי יכל מרוח • לעלם לבר מנך :
ינוזון	1	0		0	פיוט #13 — צלות מרקה	ימה פלנת לעבדיך * ינוזון לנכה : ישראל שבחך * מלבין כל אמיה :
רדוצון	1	0		0	פיוט #13 — צלות מרקה	נו די לך לעלם * דאתהו אלהנן : נתרחץ בחילך י ליח רדוצון כותך :
סנוריך	1	0		0	פיוט #13 — צלות מרקה	סנוריך באיקרה • וכל איקר מדילך : סהדיך ממנין * 'עם כל דרין דאתין :
האזזב	1	0		0	פיוט #13 — צלות מרקה	האזזב .רביאנה עברה * * .רקרם * .מוזזץ ,סווזיאן ¥
רקרם	1	0		0	פיוט #13 — צלות מרקה	האזזב .רביאנה עברה * * .רקרם * .מוזזץ ,סווזיאן ¥
מוזזץ	1	0		0	פיוט #13 — צלות מרקה	האזזב .רביאנה עברה * * .רקרם * .מוזזץ ,סווזיאן ¥
סווזיאן	1	0		0	פיוט #13 — צלות מרקה	האזזב .רביאנה עברה * * .רקרם * .מוזזץ ,סווזיאן ¥
חבח	1	0		0	פיוט #13 — צלות מרקה	י£חבח לעלם חרה ־ £ ־ מ * וםריחון ־ י .ראה ר רהרחכון
רהרחכון	1	0		0	פיוט #13 — צלות מרקה	י£חבח לעלם חרה ־ £ ־ מ * וםריחון ־ י .ראה ר רהרחכון
סיס	1	0		0	פיוט #13 — צלות מרקה	ל ■ם ,לבל סיס ; יפוה י ראבזר ויהי עוב דד; £ בקר יום ©לישי
ראבזר	1	0		0	פיוט #13 — צלות מרקה	ל ■ם ,לבל סיס ; יפוה י ראבזר ויהי עוב דד; £ בקר יום ©לישי
סםנף	1	0		0	פיוט #13 — צלות מרקה	מלל י גי סםנף
וטובע	1	0		0	פיוט #13 — צלות מרקה	שמך דחלה וטובע דאתה מננה : שלטנו מוחי • עלאי וארעי :
טנלגל	1	0		0	פיוט #13 — צלות מרקה	פרת מכסיאתה אנון לוחיה : פרת טנלגל חכמה לכל דריה :
חילץ	1	0		0	פיוט #13 — צלות מרקה	אלהים קעימה * דקעים ער לעלם : אלה על כל חילץ • ומסן עד לעלם :
ראנדית	1	0		0	פיוט #13 — צלות מרקה	בחילך רבה נתרחץ * ראתהו סרן : באלהותך ראנדית • עלמה מן דישה :
רבריתה	1	0		0	פיוט #13 — צלות מרקה	ז דמע רבריתה * ניצוץ סן לבושך : דמעין * רכל אסיה • בחרת *לך סנורין :
סנורין	1	0		0	פיוט #13 — צלות מרקה	ז דמע רבריתה * ניצוץ סן לבושך : דמעין * רכל אסיה • בחרת *לך סנורין :
דשזי	1	0		0	פיוט #13 — צלות מרקה	אידן אימנו • קרישה הך רילך : אימנותך חיים • לסן דשזי מטר :
ומלפוז	1	0		0	פיוט #13 — צלות מרקה	לבמה דחייה • מטרין צריך מטרנון* : ובכתבי ארהוחה * *מילף ומלפוז :
ראלהותך	1	0		0	פיוט #13 — צלות מרקה	עותרה ראלהותך * אשחר בטור סיני : עותרה דמלבוחך * מנו ריכל שאם :
דמלבוחך	1	0		0	פיוט #13 — צלות מרקה	עותרה ראלהותך * אשחר בטור סיני : עותרה דמלבוחך * מנו ריכל שאם :
טהימנץ	1	0		0	פיוט #13 — צלות מרקה	לית אלהו אלא רילך * ברומה ובמכה : לבר מן ארהותך • לינן טהימנץ :
רתלי	1	0		0	פיוט #13 — צלות מרקה	מעונה רתלי , ״ • *אחר לשלטנך : מי תהומה וטי ימה • ומי עצם שומיה :
פוברה	1	0		0	פיוט #13 — צלות מרקה	כימני אלהותך * מעמי שלטנותך : פוברה טבה * סוברן ברחמיך :
משחעבדין	1	0		0	פיוט #13 — צלות מרקה	משחעבדין לך :
אלהוחך	1	0		0	פיוט #13 — צלות מרקה	; . ז קדם אלהוחך * כהלן צבעין : קמאה דעלמה * דלא הורי כלום :
מרברץ	1	0		0	פיוט #13 — צלות מרקה	דיאנה דראן * דלא נסב אפים : *מהי מרברץ שמך * ולא בלום תא רלך :
רלך	1	0		0	פיוט #13 — צלות מרקה	דיאנה דראן * דלא נסב אפים : *מהי מרברץ שמך * ולא בלום תא רלך :
ליקירוחה	1	0		0	פיוט #14 — בלבה אלילו	כל דלעל ולרע *שמעין ליקירוחה : כהלון בשלטנה • וחיי עולם דילה :
מתלתץ	1	0		0	פיוט #14 — בלבה אלילו	ס וברו דריחמיה * לא תנשי קיאמיך : סנודיך מתלתץ • פשר הך דאת אלוף :
מרוממץ	1	0		0	פיוט #14 — בלבה אלילו	אלהים אל עליון * לך אנן משבחין : אל שדי אהיה * לך אנן מרוממץ :
ננלג	1	0		0	פיוט #14 — בלבה אלילו	באלהותך ננלג י לית אלה לבר מנך : בחילך רבה נתרחץ * דת קעם
עובאהה	1	0		0	פיוט #14 — בלבה אלילו	•אשרי ז ז־ .עובאהה , ,שבהה .רשמן ־ רחמנה
מרלה	1	0		0	פיוט #14 — בלבה אלילו	עתירה דעותרה י צריך כל מרלה : עתירה וטסכינה ימ ן עותרנ טובה
וטסכינה	1	0		0	פיוט #14 — בלבה אלילו	עתירה דעותרה י צריך כל מרלה : עתירה וטסכינה ימ ן עותרנ טובה
רטמן	1	0		0	פיוט #14 — בלבה אלילו	יחידאי רטמן * • בדדנ מלכותה : יומה ' וליליה * יתמר לך רבואן :
בוראיד	1	0		0	פיוט #14 — בלבה אלילו	כרוז בוראיד . • רכלה *שמעי לך ' : כונן ברחמיך * דאח אלהון ראבהתן :
ראבהתן	1	0		0	פיוט #14 — בלבה אלילו	כרוז בוראיד . • רכלה *שמעי לך ' : כונן ברחמיך * דאח אלהון ראבהתן :
והשתבח	1	0		0	פיוט #14 — בלבה אלילו	לית אלהו אלא דילך • ברומה ובמכה : לעלם עלמים * תסתנד והשתבח :
בשוטיה	1	0		0	פיוט #14 — בלבה אלילו	מסחנה דכלה אתה • וכלה לגו שלטנך : מה בשוטיה ובארעה • דליתו
תסחנד	1	0		0	פיוט #14 — בלבה אלילו	נהירה נוראה * תסחנד ותשתבח : גסיר עליך כל יום • לית אלה
גסיר	1	0		0	פיוט #14 — בלבה אלילו	נהירה נוראה * תסחנד ותשתבח : גסיר עליך כל יום • לית אלה
רמפשר	1	0		0	פיוט #14 — בלבה אלילו	ז פשרה רמפשר * על לחצים ועל רצימים , : פדיתן מן רינה • ופלטן
מפירין	1	0		0	פיוט #14 — בלבה אלילו	ברא בוראין • יסדי ותקיפין : בוראיו מפירין * ליח ג אלה לבר מנה :
משבחחה	1	0		0	פיוט #14 — בלבה אלילו	גיבורה ונוראה * יכל על כל דו בעי : נעוזין אכן י וארשתן משבחחה :
שלסנה	1	0		0	פיוט #14 — בלבה אלילו	והוא לעל ולרע • וכלה לגו שלסנה : והו האלהים * ותניא לא מקף לה :
ורחמר	1	0		0	פיוט #14 — בלבה אלילו	טובה ורחמר, • אנון אמנותה : טב הוא עבד 'לבישין * עד אן ריתובון :
ריתובון	1	0		0	פיוט #14 — בלבה אלילו	טובה ורחמר, • אנון אמנותה : טב הוא עבד 'לבישין * עד אן ריתובון :
לטולרים	1	0		0	פיוט #14 — בלבה אלילו	הימנין טעמין • רבותה דאמנון : סימנין לטולרים • ולימים ושנים :
קדטיו	1	0		0	פיוט #14 — בלבה אלילו	צבעו קדטיו • וענתון ופרקון : צעור נויאתה • וזאון נפשאתה :
נויאתה	1	0		0	פיוט #14 — בלבה אלילו	צבעו קדטיו • וענתון ופרקון : צעור נויאתה • וזאון נפשאתה :
תסתנר	1	0		0	פיוט #15 — צלות עמרם , דרה רצון יהוה וסליחתו עליו אמן	עבורה רעלטה י תסתנר ותשתבח : עבודה רעבד • לא כתשבית עבוד :
דטקדם	1	0		0	פיוט #15 — צלות עמרם , דרה רצון יהוה וסליחתו עליו אמן	אתהו דטקדם • כל אתר וכל עדן : וכל אתר ועדן * וכל בריה עובדיך :
רטורי	1	0		0	פיוט #15 — צלות עמרם , דרה רצון יהוה וסליחתו עליו אמן	טובי לבה דלית * שרי בה אלא אתה : טוב טן רטורי לך * בדילך
כחבמנך	1	0		0	פיוט #15 — צלות עמרם , דרה רצון יהוה וסליחתו עליו אמן	כחבמנך מן י בריאת קנומן : ן נצפי חכמתך בן • ונסנד לרבינך :
וטיסת	1	0		0	פיוט #15 — צלות עמרם , דרה רצון יהוה וסליחתו עליו אמן	רחמן אתה וטיסת ; י דשמך רחמנה : רחמיך סני מן סנאי בישאתן :
קעמץ	1	0		0	פיוט #15 — צלות עמרם , דרה רצון יהוה וסליחתו עליו אמן	קעמץ קמיך ׳ קעם עם מסכיבים , * יע ל .עשי רר * בזיך ¥ *
מסכיבים	1	0		0	פיוט #15 — צלות עמרם , דרה רצון יהוה וסליחתו עליו אמן	קעמץ קמיך ׳ קעם עם מסכיבים , * יע ל .עשי רר * בזיך ¥ *
רעבדתנה	1	0		0	פיוט #15 — צלות עמרם , דרה רצון יהוה וסליחתו עליו אמן	דאלבשת בריאתך * חסרי חכמתך ; רעבדתנה תמח * ומצפיתה חשבתן :
חלקג	1	0		0	פיוט #15 — צלות עמרם , דרה רצון יהוה וסליחתו עליו אמן	והדה גבורתה • חלקג מן רביאנך : ורב ממה דפרסיך * לעיניה מה רבסיד :
רבסיד	1	0		0	פיוט #15 — צלות עמרם , דרה רצון יהוה וסליחתו עליו אמן	והדה גבורתה • חלקג מן רביאנך : ורב ממה דפרסיך * לעיניה מה רבסיד :
לגרמךד	1	0		0	פיוט #15 — צלות עמרם , דרה רצון יהוה וסליחתו עליו אמן	לא עם חבר אנדיך • ולא עם תנין בדיך ; לגרמךד אנדיך * ולגרמך ־ תשתבח :
חתרבי	1	0		0	פיוט #15 — צלות עמרם , דרה רצון יהוה וסליחתו עליו אמן	תשתבח חתרבי * תתרומם על קשט : תתודי ומן יכל • יורי לך *לפם דאת ' :
לאוזלוחן	1	0		0	פיוט #15 — צלות עמרם , דרה רצון יהוה וסליחתו עליו אמן	לאוזלוחן ¥ .על חשוך
ורבוקן	1	0		0	פיוט #15 — צלות עמרם , דרה רצון יהוה וסליחתו עליו אמן	אהיד , אשר אהיה י בריאן ורבוקן : לא תטר ר נן * ואתה בית , עמקן :
סכיוגד	1	0		0	פיוט #15 — צלות עמרם , דרה רצון יהוה וסליחתו עליו אמן	אקטנן סבואן * * על תרח רחמיך : וחסלך תנזף * * מן דת סכיוגד. :
דמרתק	1	0		0	פיוט #15 — צלות עמרם , דרה רצון יהוה וסליחתו עליו אמן	טוב מן דמתקרב בך * אה דחיקה דקר יב : ווילה דמרתק מנך • אה
נכ	1	0		0	פיוט #15 — צלות עמרם , דרה רצון יהוה וסליחתו עליו אמן	כל נפש רחיצה * על סנאי רתותך נכ ל גויה ראתה * מן תקוף אימתך ;
רחילך	1	0		0	פיוט #15 — צלות עמרם , דרה רצון יהוה וסליחתו עליו אמן	ז דאן אלהיה • רחילך על כל חילין : דינה מנן אסטר * וכפת* רבבינן :
ואכשיח	1	0		0	פיוט #15 — צלות עמרם , דרה רצון יהוה וסליחתו עליו אמן	ואכשיח ־ , ־אכשוז * ,סנן ,סנה , ¥ נברר הנבררים ולכל
אכשוז	1	0		0	פיוט #15 — צלות עמרם , דרה רצון יהוה וסליחתו עליו אמן	ואכשיח ־ , ־אכשוז * ,סנן ,סנה , ¥ נברר הנבררים ולכל
רנתתת	1	0		0	פיוט #15 — צלות עמרם , דרה רצון יהוה וסליחתו עליו אמן	בלי לדיניה * דאגלו בערנן : כפת אד סנן * רנתתת לאבדנן :
לחייב	1	0		0	פיוט #15 — צלות עמרם , דרה רצון יהוה וסליחתו עליו אמן	מנך בלישאתן • אה מלוך רוחינן : ומבלעדיך לית • קוממו לחייב ;
פשק	1	0		0	פיוט #15 — צלות עמרם , דרה רצון יהוה וסליחתו עליו אמן	פשק מן ם נין * לית בלבון רתו : פרק מתלתיה • רלגרמון א חלתו :
רלגרמון	1	0		0	פיוט #15 — צלות עמרם , דרה רצון יהוה וסליחתו עליו אמן	פשק מן ם נין * לית בלבון רתו : פרק מתלתיה • רלגרמון א חלתו :
בתז	1	0		0	פיוט #15 — צלות עמרם , דרה רצון יהוה וסליחתו עליו אמן	צריכי רתותך • קעמין ׳בצדו : צדין מן כשבין •לון בתז אמדו :
בצ	1	0		0	פיוט #15 — צלות עמרם , דרה רצון יהוה וסליחתו עליו אמן	קומם נפשאתן י דמנך בצדקה בצ דקה : ועבד לדיניו * הך דאת
טפשרין	1	0		0	פיוט #15 — צלות עמרם , דרה רצון יהוה וסליחתו עליו אמן	רחמנה אזמן לן * מן רחמיך פשרין : רעטין בזרוז • ולנן טפשרין אמן :
רמנק	1	0		0	פיוט #16 — לכהנה רבה עמרם דרה רצון יהוה עליו	באלפן קשטה רבה * קרינן וחכמנן : בכל יום רמנק * גדלת בוראין :
עבדתנק	1	0		0	פיוט #16 — לכהנה רבה עמרם דרה רצון יהוה עליו	עבדתנק שלמין • לית באחד מנ ון חם רן : הודעת שלמותון * דאת
עיק	1	0		0	פיוט #16 — לכהנה רבה עמרם דרה רצון יהוה עליו	* ;עיק כן על יום הטובח : לי עיי .ג ן. זיצ . . ז למרקה . . רצון וגו
הטובח	1	0		0	פיוט #16 — לכהנה רבה עמרם דרה רצון יהוה עליו	* ;עיק כן על יום הטובח : לי עיי .ג ן. זיצ . . ז למרקה . . רצון וגו
זיצ	1	0		0	פיוט #16 — לכהנה רבה עמרם דרה רצון יהוה עליו	* ;עיק כן על יום הטובח : לי עיי .ג ן. זיצ . . ז למרקה . . רצון וגו
זיטון	1	0		0	פיוט #16 — לכהנה רבה עמרם דרה רצון יהוה עליו	זעקתנה קרש • ועברתנה אריס : זיטון לכל מועד * וכילד ־ לכל קרש :
עבדתנר	1	0		0	פיוט #16 — לכהנה רבה עמרם דרה רצון יהוה עליו	עבדתנר ■ קיאם * בינך ובין עבדיך : הודעת ׳דמטרת ־ נטרה נטורה :
טכל	1	0		0	פיוט #16 — לכהנה רבה עמרם דרה רצון יהוה עליו	טובי שבותיו • דשוין בברכתה : טל קדושה מנשם לון * טכל רוש ולעיו :
רוש	1	0		0	פיוט #16 — לכהנה רבה עמרם דרה רצון יהוה עליו	טובי שבותיו • דשוין בברכתה : טל קדושה מנשם לון * טכל רוש ולעיו :
רטיף	1	0		0	פיוט #16 — לכהנה רבה עמרם דרה רצון יהוה עליו	יקירואן רטן * יקיר לק *בין רטיף : יום שבתה יהב לן * ער ננשם
למהיטנך	1	0		0	פיוט #16 — לכהנה רבה עמרם דרה רצון יהוה עליו	זכ ל רביאנון תליך * על אד משה נליך : 'כתב קדשך • הושטת למהיטנך :
רטנה	1	0		0	פיוט #16 — לכהנה רבה עמרם דרה רצון יהוה עליו	כיודויון דחייה * רטנה כל מלאין : מלל מן אשתה * לא יהי לך אלהין :
נהירוחה	1	0		0	פיוט #16 — לכהנה רבה עמרם דרה רצון יהוה עליו	נביאותה לה כליל • מן יומי בריתה : נהירוחה רמש ה * דשות בה ל שה :
לטמללהי	1	0		0	פיוט #16 — לכהנה רבה עמרם דרה רצון יהוה עליו	תהום לטמללהי ״ * רכינה עברה : תהום ממלל משה י תהום ממלל מרה :
רמקדם	1	0		0	פיוט #16 — לכהנה רבה עמרם דרה רצון יהוה עליו	אלריים אלהינו ־ רמקדם לכל בורא ' : עבר ושרא וחסל • עלמה לנרמה :
רלי	1	0		0	פיוט #16 — לכהנה רבה עמרם דרה רצון יהוה עליו	גבורה רלי תעובד * תקיף קטיו כלום : גבורתך קדמת * כלה ואנריתה :
רעובדיך	1	0		0	פיוט #16 — לכהנה רבה עמרם דרה רצון יהוה עליו	רעובדיך רמיה * נלין ומחכמין : רביכלתך רמתה י מברי חיול מנון :
רביכלתך	1	0		0	פיוט #16 — לכהנה רבה עמרם דרה רצון יהוה עליו	רעובדיך רמיה * נלין ומחכמין : רביכלתך רמתה י מברי חיול מנון :
עוברין	1	0		0	פיוט #16 — לכהנה רבה עמרם דרה רצון יהוה עליו	עוברין חיולין • ותקיפין עובדיך : *ועם בןג זעורין • אניף אקר יכלותך :
בןג	1	0		0	פיוט #16 — לכהנה רבה עמרם דרה רצון יהוה עליו	עוברין חיולין • ותקיפין עובדיך : *ועם בןג זעורין • אניף אקר יכלותך :
ריהבת	1	0		0	פיוט #16 — לכהנה רבה עמרם דרה רצון יהוה עליו	טובינן לעלם * במה תליך לנן : טובינן באלפנך * *ריהבת למהימנך :
חייף	1	0		0	פיוט #16 — לכהנה רבה עמרם דרה רצון יהוה עליו	לעלמה נליך * חייף על אד משה : לימינה אושטת • מ ימינך חיין :
דזזעי	1	0		0	פיוט #16 — לכהנה רבה עמרם דרה רצון יהוה עליו	צבעו לרביאנך * ושלחתנה לירון : צלואתה אניף * דזזעי נ לפרקנון : ג
קוממתנוף	1	0		0	פיוט #16 — לכהנה רבה עמרם דרה רצון יהוה עליו	קיאמיך דימיך י ליתון *זכאי : קוממתנוף על אד • נביאך לבניון :
טחדתין	1	0		0	פיוט #16 — לכהנה רבה עמרם דרה רצון יהוה עליו	טובה ורחמיו טחדתין כל עדן : ן טללין ומטרין דפצואן ומתנן : •
ראתיהבהה	1	0		0	פיוט #16 — לכהנה רבה עמרם דרה רצון יהוה עליו	חייון , * . דאת יהב •נסי ראתיהבהה לבר ביתך , * . אח גלית
קוממתכו	1	0		0	פיוט #16 — לכהנה רבה עמרם דרה רצון יהוה עליו	ללבי ־ ¥ .דובאי י קוממתכו ; , * .וזעה * .דאלה מי
קעטין	1	0		0	פיוט #17 — ים רחמיה רנלליו משפעין : יומיה ולילואתה חייה לחייה	לך ק׳טיאתה יאמן באפיך לא קעטין : לך פליאתה ומנך כל פליאן
מוחיד	1	0		0	פיוט #17 — ים רחמיה רנלליו משפעין : יומיה ולילואתה חייה לחייה	מליך לא בטלן ומתנאתך לא חסלן : מצפי מן רחמיך מוחיד . עלמין :
לנרלה	1	0		0	פיוט #17 — ים רחמיה רנלליו משפעין : יומיה ולילואתה חייה לחייה	כימניו הוא נלי בכסי בונים רמין : סהדין מודעין רו אחר לנרלה :
רטלתה	1	0		0	פיוט #17 — ים רחמיה רנלליו משפעין : יומיה ולילואתה חייה לחייה	הודעין עבידאתה נדע הך שרי בה • חכמן הך עסל נחכם רו רטלתה :
אנשטותן	1	0		0	פיוט #17 — ים רחמיה רנלליו משפעין : יומיה ולילואתה חייה לחייה	פרקן דננשם מורע לן רו רחמן : פרקן אנשטותן נלא לאש תה יומין :
רפרשה	1	0		0	פיוט #17 — ים רחמיה רנלליו משפעין : יומיה ולילואתה חייה לחייה	שבתה עקב שמה בריל רפרשה לה : שבח שבת ון תהי לוכון שבת היא
גבירים	1	0		0	פיוט #18 — ז צלות כהנה רבה פינחס רצון יהוה עליו	גבור הגבורים • כפת כל גבירים : גבורתה זזעת * מישרים וטברים :
זזוער	1	0		0	פיוט #18 — ז צלות כהנה רבה פינחס רצון יהוה עליו	זזוער - דילך * מבלדין כל לב : זזע * שלטנך י מבנלל כל אהב :
אלהיס	1	0		0	פיוט #18 — ז צלות כהנה רבה פינחס רצון יהוה עליו	ורוה , * .ומעביר הרדים * ו מי אלהיס אלוהינו
למטרג	1	0		0	פיוט #18 — ז צלות כהנה רבה פינחס רצון יהוה עליו	מסבינים אנן • וסכואן חסדיך : *אמליתן למטרג • שביו ומועדיו :
רחמניד	1	0		0	פיוט #18 — ז צלות כהנה רבה פינחס רצון יהוה עליו	רחמן רחמניד. • לית סוף לרתותך : רחמן ברחמיך • וברך קהלך ועדתך :
סהדוח	1	0		0	פיוט #18 — ז צלות כהנה רבה פינחס רצון יהוה עליו	סהדוח : לית אלה אלא אחד :
לטבאתך	1	0		0	פיוט #18 — ז צלות כהנה רבה פינחס רצון יהוה עליו	טבה מיטבה י לית סוף לטבאתך : טבהתך הב לן • הך רי אטנותך :
כווז	1	0		0	פיוט #18 — ז צלות כהנה רבה פינחס רצון יהוה עליו	האן אלה כווז • אלה אלהיה : האן כות מעה * דקבל לוחיה :
קרישק	1	0		0	פיוט #18 — ז צלות כהנה רבה פינחס רצון יהוה עליו	פי . אל פה מלל טעה • ובוראיה סה דות : פממין קרישק * בטראה ולא
דאלפק	1	0		0	פיוט #18 — ז צלות כהנה רבה פינחס רצון יהוה עליו	צוה יהו ה את מעה י במצות תקיפין : צוהו בקדוש עבתה • ועת מואן דאלפק :
תיירי	1	0		0	פיוט #18 — ז צלות כהנה רבה פינחס רצון יהוה עליו	לך תיירי :
חנדול	1	0		0	פיוט #18 — ז צלות כהנה רבה פינחס רצון יהוה עליו	היה ויהי • הוא אהיה אשר אהיה : האל חנדול אער * ימית ויחיי :
רטלת	1	0		0	פיוט #18 — ז צלות כהנה רבה פינחס רצון יהוה עליו	והבו רבו לאלהותו • רטלת רומה ומ כה : וטי כמו באילים • אל
איקרק	1	0		0	פיוט #18 — ז צלות כהנה רבה פינחס רצון יהוה עליו	טובות רבות מאד * לא יספר איקרק : טובי עלמיה • דת מרון ורברון :
ורברון	1	0		0	פיוט #18 — ז צלות כהנה רבה פינחס רצון יהוה עליו	טובות רבות מאד * לא יספר איקרק : טובי עלמיה • דת מרון ורברון :
נושע	1	0		0	פיוט #18 — ז צלות כהנה רבה פינחס רצון יהוה עליו	נישה עברו נביא י נאמן * עצום השם : מושיען *הן נושע * • אנה ושם
דזרכיווז	1	0		0	פיוט #18 — ז צלות כהנה רבה פינחס רצון יהוה עליו	•יק * ¥ * .יריו , ־ ב ■דזרכיווז , ־ י . ליום הסבר
יוירש	1	0		0	פיוט #18 — ז צלות כהנה רבה פינחס רצון יהוה עליו	זרעת זרע לחיות * ויהי ולא יוירש : זרע לא ישכח מפיו * זכרון שמך
אלהיב	1	0		0	פיוט #18 — ז צלות כהנה רבה פינחס רצון יהוה עליו	קרחי לישועתך • יהוה אלה' : קראתי בשמך אלהיב מצמתי נויותי ורוחי :
רשרי	1	0		0	פיוט #18 — ז צלות כהנה רבה פינחס רצון יהוה עליו	׳לגדלה * מן רשרי בתותביו * ישלם ׳למרה דאתרה • כיון כל בני אתרה *
מסתנד	1	0		0	פיוט #18 — ז צלות כהנה רבה פינחס רצון יהוה עליו	ולא קשט אלא וילה • ולא עלם מצלח משלם כיי מסתנד נשלטו * אה שומים
נילף	1	0		0	פיוט #18 — ז צלות כהנה רבה פינחס רצון יהוה עליו	ראת מסיד בן 'בכל זבן * ומלף יתן ואנן ממרין דלא נילף אלא הך דאת
רילון	1	0		0	פיוט #18 — ז צלות כהנה רבה פינחס רצון יהוה עליו	רילון בירקה הו חרבך • דעתיד מוקד כל םרתוי ג * ערן דתגלנה , בנצתן •
וסנוריון	1	0		0	פיוט #18 — ז צלות כהנה רבה פינחס רצון יהוה עליו	ותוקד אלהיון וסנוריון * עד אמת אנון משתמשין * ורחותך וקשטך סבל
פוברו	1	0		0	פיוט #18 — ז צלות כהנה רבה פינחס רצון יהוה עליו	לון * וטובך מספק לון • פוברו בני רחמיך • מתקנין טמא תה על תש
רטיטב	1	0		0	פיוט #18 — ז צלות כהנה רבה פינחס רצון יהוה עליו	ד: - טבה רטיטב לעלטה * עבד לן רתו דלא שוינן * לית לן רחצון אלא
מזחע	1	0		0	פיוט #18 — ז צלות כהנה רבה פינחס רצון יהוה עליו	׳בקרבה * ואתה אלה שקית בבל אתריה * רלא צריך מזחע לאחר * טוב
סנודיה	1	0		0	פיוט #18 — ז צלות כהנה רבה פינחס רצון יהוה עליו	סנודיה ראנצירין ׳עמך באימנו שלמה * דאנציר ׳עטך באימנו נשים • דאת
ראנצירין	1	0		0	פיוט #18 — ז צלות כהנה רבה פינחס רצון יהוה עליו	סנודיה ראנצירין ׳עמך באימנו שלמה * דאנציר ׳עטך באימנו נשים • דאת
קרבז	1	0		0	פיוט #18 — ז צלות כהנה רבה פינחס רצון יהוה עליו	בך • ולא קרבז יכל מבלד לך • ולית נצחן אלא דילך * כל פטמיה יימרון
פנדה	1	0		0	פיוט #18 — ז צלות כהנה רבה פינחס רצון יהוה עליו	לא נביא הך משה עבדך • ול א'כתב הך ארהוחה קדישתה • ולא פנדה
הינריזים	1	0		0	פיוט #18 — ז צלות כהנה רבה פינחס רצון יהוה עליו	אלא *לך מול ״ הינריזים בית אל בחורה קדישה דמע 'דיבשחה * ישתבח
כריזים	1	0		0	פיוט #18 — ז צלות כהנה רבה פינחס רצון יהוה עליו	קנומן * דהבה מתם כי מבטל עמלון דכל זכאי * וכתבי קשטה כריזים נ *
רידבקנן	1	0		0	פיוט #18 — ז צלות כהנה רבה פינחס רצון יהוה עליו	בכסי דבק רמה רידבקנן * אלהה ראברהם ויצחק ויעקב • שמע בקלן מרן
רנחת	1	0		0	פיוט #18 — ז צלות כהנה רבה פינחס רצון יהוה עליו	כיתרי ־ אזרמנו על טור סיני יומה רנחת כתבה י שרי שופרה כח * וקלה
אדכירה	1	0		0	פיוט #18 — ז צלות כהנה רבה פינחס רצון יהוה עליו	*דטשה עבד אלה ' ומהימנה : אדכירה היא לטב יוכבד גפנה דביתה וקדישתה ־
ראשירת	1	0		0	פיוט #18 — ז צלות כהנה רבה פינחס רצון יהוה עליו	דרסי ׳לנו אשתה * ואחד אבל מותרי אשתה • ומרים ראשירת על ימה *
בעקובתי	1	0		0	פיוט #18 — ז צלות כהנה רבה פינחס רצון יהוה עליו	משה בעקובתי • ותזדעק מרים נביאה דלא קעם מן חוה כותר , י יחרמן
רתילה	1	0		0	פיוט #20 — לעבודה • ישתבח אלהים : לית אלה אלא אחד	בקל רם • ונימר לך יחידאי אתה אלה ולית לבר מנך רבותה לך : רתילה
מעובריך	1	0		0	פיוט #20 — לעבודה • ישתבח אלהים : לית אלה אלא אחד	בעי את שרי * בקדש ובאיקר וברבו מעובריך • מן ישום אי בפליאתך * מן
דמזדזע	1	0		0	פיוט #20 — לעבודה • ישתבח אלהים : לית אלה אלא אחד	ב•: - סיאנים רברבים וקשים * אנון זכאי עלטה * כל דמזדזע בעטלון מרה
בעטלון	1	0		0	פיוט #20 — לעבודה • ישתבח אלהים : לית אלה אלא אחד	ב•: - סיאנים רברבים וקשים * אנון זכאי עלטה * כל דמזדזע בעטלון מרה
קפילה	1	0		0	פיוט #20 — לעבודה • ישתבח אלהים : לית אלה אלא אחד	פריס ין • ועכרה מסלק • ורשותה קפילה • ובוראיה ממחנק * וטל על דיארי
ממחנק	1	0		0	פיוט #20 — לעבודה • ישתבח אלהים : לית אלה אלא אחד	פריס ין • ועכרה מסלק • ורשותה קפילה • ובוראיה ממחנק * וטל על דיארי
ררחיץ	1	0		0	פיוט #20 — לעבודה • ישתבח אלהים : לית אלה אלא אחד	מטף אלא הוא * רחיי עולם למלכותה • טובי קהלה ררחיץ בה וסגד ׳לשמה
עשיב	1	0		0	פיוט #20 — לעבודה • ישתבח אלהים : לית אלה אלא אחד	*אי עשיב עתיד לון נ דינין דלא שבין 'לדיניה • טוב עלמה ובריאתה אמת
דבסיאוזה	1	0		0	פיוט #20 — לעבודה • ישתבח אלהים : לית אלה אלא אחד	* * .מתה , * .דבסיאוזה * אן עמיך בצדקה מרילך י הלי דנוה
ריסון	1	0		0	פיוט #20 — לעבודה • ישתבח אלהים : לית אלה אלא אחד	וייחון טבין ריסון אגרון • דעלט ה למן דו רילה * עבור מה דו בעי * ולא
דעלט	1	0		0	פיוט #20 — לעבודה • ישתבח אלהים : לית אלה אלא אחד	וייחון טבין ריסון אגרון • דעלט ה למן דו רילה * עבור מה דו בעי * ולא
סתעסי	1	0		0	פיוט #20 — לעבודה • ישתבח אלהים : לית אלה אלא אחד	כוחך ארך אהדה *על כלה י נצוחה דלא סתעסי מרון רכל תמחיה • לית
אחחיבנן	1	0		0	פיוט #20 — לעבודה • ישתבח אלהים : לית אלה אלא אחד	סני דאזדכיך מנן י ולא אלפנן אחחיבנן וחטינן * וסוברך יתן ולא כליך
יקעטנן	1	0		0	פיוט #21 — השבת צפרה	יקעטנן מן שנתן ואתי נ ן לידך • אה מרן באנצי ת ובשעבוד * עמדנן קדמיך ע :
מפתותר	1	0		0	פיוט #21 — השבת צפרה	קעם ומשבח בחלקה דצפרה ומרבי ׳לנבורתך רבתה י ׳עם מפתותר
יותג	1	0		0	פיוט #21 — השבת צפרה	£ דכררה £ ״ .יותג ,יבני ע •ייהון נב*י
יהק	1	0		0	פיוט #21 — השבת צפרה	דדיחזהה , לנ •יהו ן.ב ת.־ £ ,יהק עורץ ¥ ,באורפהה
עורץ	1	0		0	פיוט #21 — השבת צפרה	דדיחזהה , לנ •יהו ן.ב ת.־ £ ,יהק עורץ ¥ ,באורפהה
באורפהה	1	0		0	פיוט #21 — השבת צפרה	דדיחזהה , לנ •יהו ן.ב ת.־ £ ,יהק עורץ ¥ ,באורפהה
טוביהוף	1	0		0	פיוט #22 — תורנים תתמר בשבתות	יד: - *אה איקר רב איקרה דיום שבתה * טוביהוף עבראי במתנתה ־ ד א תיהבת
קדישר	1	0		0	פיוט #22 — תורנים תתמר בשבתות	לק ארהותה קרישתה ויומה קדישר . • ארהותה עד יהון קרין בה י ויוטה
ויוטה	1	0		0	פיוט #22 — תורנים תתמר בשבתות	לק ארהותה קרישתה ויומה קדישר . • ארהותה עד יהון קרין בה י ויוטה
רנטר	1	0		0	פיוט #22 — תורנים תתמר בשבתות	אהן רנטר לה • אה נטורי שבתה הבו שמרים לה חך די *קרישתה * כל
פמטינן	1	0		0	פיוט #22 — תורנים תתמר בשבתות	מטללה קדיש * ואלה דבראתה רחמן ורתאי • נשוי כהלן ונפתח פמטינן
חא	1	0		0	פיוט #22 — תורנים תתמר בשבתות	נתני בטבאתך * רחמנה מלכה חא ן לן ומוחי לן ומגן * וחיב עלינן משבחים
ונועו	1	0		0	פיוט #22 — תורנים תתמר בשבתות	עלמה עברי אלהים ובני רחמיו דאלהים ונועו • דפרקה אלהים באד תקיפה
ובאררע	1	0		0	פיוט #22 — תורנים תתמר בשבתות	ובאררע רמה בסימנין ופליאן וזעקה אלד׳ים עליון על* כל גועיה ירכי לבה
בקדישוז	1	0		0	פיוט #22 — תורנים תתמר בשבתות	וחשבתה ויקדש קרשה בקדישוז י ויודי וישבח לאלהה רמלתה באהן ויקרה
רמלתה	1	0		0	פיוט #22 — תורנים תתמר בשבתות	וחשבתה ויקדש קרשה בקדישוז י ויודי וישבח לאלהה רמלתה באהן ויקרה
רשבתה	1	0		0	פיוט #22 — תורנים תתמר בשבתות	דלא *שוה בה נוי עוק איקרה דיום רשבתה דלא* מתה איקר יומה שביעה
רמלך	1	0		0	פיוט #22 — תורנים תתמר בשבתות	דו דמי לכלילה נ רמלך ולא לאוי רילבשנה בתר מלכה אלא תם כל
רילבשנה	1	0		0	פיוט #22 — תורנים תתמר בשבתות	דו דמי לכלילה נ רמלך ולא לאוי רילבשנה בתר מלכה אלא תם כל
ואטסרה	1	0		0	פיוט #22 — תורנים תתמר בשבתות	ואטסרה לקהל קדיש • שבת חילה רבה ׳לגבה • ופקד דישבת בה ישראל •
בעקובאן	1	0		0	פיוט #22 — תורנים תתמר בשבתות	מבתר דחסל בריתה אנשמת רבוחה רבתה בה • ועקבה בעקובאן * טבן
ראפרשה	1	0		0	פיוט #22 — תורנים תתמר בשבתות	מותר * צריך לאוראו חיולה יתרומם * חילה ראפרשה ונשם לגבה וקדשה :
פמר	1	0		0	פיוט #22 — תורנים תתמר בשבתות	פקדין לגוי * מן פמר . רא ל הי קרם * צריכין כל בית ישראל יהון אמרין
רינשמו	1	0		0	פיוט #23 — עורן כ ; על ואלה שמות	חיול הוא חילה רכן ארכן מנשמה *איך דאתי גס ן דוש בנלל רינשמו; יח
רנפומין	1	0		0	פיוט #23 — עורן כ ; על ואלה שמות	רנפומין ־ ,רן טוסין ־ * .דלא אוד
רשבת	1	0		0	פיוט #23 — עורן כ ; על ואלה שמות	קריש עד לעלם * ואמר רשבת בה 'תברך וכל דמחלל לה יתקטל * דו
בניאןז	1	0		0	פיוט #24 — עלי ואלה שמות ג* ג אלישתבח	*דברא קעים * לעלם ימ ן יכל *לעי ומנרוד בניאןז דלא עצי כלום * ישתבח
נאירד	1	0		0	פיוט #25 — עורן בן על אלה הדברים	בטל לעלם • וכן כתב נאירד , רבה משה מהימנה דכסיאתה * ויטחן בני
ונפנר	1	0		0	פיוט #26 — על מועדיה וראשי יר חיה	בא - לחילה חיולה ונצוחה י נודי ונפנר ונרבי • דכל רביאנה רילה י אלק
עומון	1	0		0	פיוט #26 — על מועדיה וראשי יר חיה	דברי ק * ,עומון , ־ * ,מבי ומנעומר ■ ,מבץ ומן טיסה
טיסה	1	0		0	פיוט #26 — על מועדיה וראשי יר חיה	דברי ק * ,עומון , ־ * ,מבי ומנעומר ■ ,מבץ ומן טיסה
אטיח	1	0		0	פיוט #26 — על מועדיה וראשי יר חיה	עובד אדיך * והוא מקבל מנך אך אב 'לברה וכפת כל אטיח קמיך •
ומחעבד	1	0		0	פיוט #26 — על מועדיה וראשי יר חיה	ומחעבד מגנך ומרחק מנך בל עררה • ומעמה דמרדתה ושבק תנה י אתר ׳
עררה	1	0		0	פיוט #26 — על מועדיה וראשי יר חיה	ומחעבד מגנך ומרחק מנך בל עררה • ומעמה דמרדתה ושבק תנה י אתר ׳
ררחותה	1	0		0	פיוט #26 — על מועדיה וראשי יר חיה	דאברהם עללתה רבי אשתעבת י טליה ררחותה נפיקין 'למקרי בשפולי
ריוסף	1	0		0	פיוט #26 — על מועדיה וראשי יר חיה	טור סיני וכלום לא אנשו נפקין * דהו ה מרון מנהר לו ; יתון גרמיו ריוסף
רחותר	1	0		0	פיוט #26 — על מועדיה וראשי יר חיה	נסיבין ביד נביא רב זעיק אלהים ביד *מן דשליט תרי אריסי רחותר
עחידין	1	0		0	פיוט #27 — על חדש השביעי	עצרת שביעי מועדיה וקדש קרשיה * וכל ישראל מהר מנין ואנין עחידין
חבעי	1	0		0	פיוט #28 — עורן כן על יום הכפור הקדוש על פינחס	עי חבעי : £ * .הוה £ ,הבי י .סוון ־ .־מסס סבנין £ .אבינה
ענאר	1	0		0	פיוט #28 — עורן כן על יום הכפור הקדוש על פינחס	* .ענאר לו ; מן ס:ון - ט.זנן ,הנהר לון ומם:ון , ־ .אטותבעח
אטותבעח	1	0		0	פיוט #28 — עורן כן על יום הכפור הקדוש על פינחס	* .ענאר לו ; מן ס:ון - ט.זנן ,הנהר לון ומם:ון , ־ .אטותבעח
נמלד	1	0		0	פיוט #28 — עורן כן על יום הכפור הקדוש על פינחס	ורתאי * נלגיה לך לעלם • דלא מיך *לן לפם נמלד * אתהו יהוה זכאה ואנן
פאתחה	1	0		0	פיוט #28 — עורן כן על יום הכפור הקדוש על פינחס	פאתחה אלצלא ה:
אלצלא	1	0		0	פיוט #28 — עורן כן על יום הכפור הקדוש על פינחס	פאתחה אלצלא ה:
יוזרבי	1	0		0	פיוט #28 — עורן כן על יום הכפור הקדוש על פינחס	יוזרבי זה השם הגדול • ג אחד הוא יוזוה הנכבד • ואין עור מלבדו *
יוזוה	1	0		0	פיוט #28 — עורן כן על יום הכפור הקדוש על פינחס	יוזרבי זה השם הגדול • ג אחד הוא יוזוה הנכבד • ואין עור מלבדו *
נביותינו	1	0		0	פיוט #28 — עורן כן על יום הכפור הקדוש על פינחס	נביותינו מכל טמא י וסלח לנו מרי ולאבתינו בחסדיך מכל אשר חטינו
אץ	1	0		0	פיוט #28 — עורן כן על יום הכפור הקדוש על פינחס	ומצותיך ומשפטיך כל הימים : יתהלל אלהים אץ אלת אלא אחד ־ יהוד
ופלמק	1	0		0	פיוט #28 — עורן כן על יום הכפור הקדוש על פינחס	ליה אל ״ א ר לי £ ד יקר םא ח ״ צ ,ליה חל ריקום אלא דזלך , .ופלמק
עוין	1	0		0	פיוט #28 — עורן כן על יום הכפור הקדוש על פינחס	עוין בן תלביה על חנוח ־ כתבה אל הטבעת * לו עוד
חנוח	1	0		0	פיוט #28 — עורן כן על יום הכפור הקדוש על פינחס	עוין בן תלביה על חנוח ־ כתבה אל הטבעת * לו עוד
אחושט	1	0		0	פיוט #28 — עורן כן על יום הכפור הקדוש על פינחס	באצבע אש אכלה כתב בימי ן ק דישה אחושט בצדה דארונה הוא מנח : ן
לזיטונה	1	0		0	פיוט #28 — עורן כן על יום הכפור הקדוש על פינחס	גיבורה ונוראה כתבה גבורן נפקי לזיטונה גדיל הוא חיים לדריה : . ן
ראוצרה	1	0		0	פיוט #28 — עורן כן על יום הכפור הקדוש על פינחס	הדה היא עללתה ראוצרה נזיראן ותורואן ופקודין אוצר יה ך אהן מן עמה ן
זזועי	1	0		0	פיוט #28 — עורן כן על יום הכפור הקדוש על פינחס	זזועי רב דהוה בטור סיני כד שרי טרי קרי בה אנכי יהוה אלהיך :
טעיל	1	0		0	פיוט #28 — עורן כן על יום הכפור הקדוש על פינחס	טעיל לגבה לאהן דחני לך ובלש בחיו ובית מטי סגי דבלשו ולא אמטו סופה :
דסבילה	1	0		0	פיוט #28 — עורן כן על יום הכפור הקדוש על פינחס	לבון דשומיה לאהן אפתח יפשט משה ירו ויסנה מן אדרע דסבילה עלמה :
כייז	1	0		0	פיוט #28 — עורן כן על יום הכפור הקדוש על פינחס	סתור לא יכל סתר לה * דכס י לה סתר לה : כייז סתיר דו * קטיר למרעה דאלה :
סתיר	1	0		0	פיוט #28 — עורן כן על יום הכפור הקדוש על פינחס	סתור לא יכל סתר לה * דכס י לה סתר לה : כייז סתיר דו * קטיר למרעה דאלה :
רסגד	1	0		0	פיוט #28 — עורן כן על יום הכפור הקדוש על פינחס	סגרו קטיו באנצירו • רסגד קמין * סגד למרה * דיהוה רבה * כתיב לגבה :
נרתל	1	0		0	פיוט #28 — עורן כן על יום הכפור הקדוש על פינחס	ומד יהוה רבה כתיב • לגבה נרתל ונרתת אתין מסגד קמיו : ולית קשיט
עלרן	1	0		0	פיוט #28 — עורן כן על יום הכפור הקדוש על פינחס	עלרן תלביה על נסעות כתבה מן הטבעת
לדריד	1	0		0	פיוט #28 — עורן כן על יום הכפור הקדוש על פינחס	אמלל עסר מלין * נפקין מסם אלהותר . * חיים לדריד . לעלם :
סימתר	1	0		0	פיוט #28 — עורן כן על יום הכפור הקדוש על פינחס	הוצרה דממיר מהרין * נאר וחכמה לבלושיו • סימתר. דמעתרה • כל
רפלנ	1	0		0	פיוט #28 — עורן כן על יום הכפור הקדוש על פינחס	ווילה רפלנ על מדעה • ווילה דלא משמש נזיראתה * רהוא ספר ארהותה •
ראזדרע	1	0		0	פיוט #28 — עורן כן על יום הכפור הקדוש על פינחס	זרעה ראזדרע 'לגו אש • סלק ונגד ״ עסר מלין • עסרתי מליה • עסרה אוצרין *
דשוטיה	1	0		0	פיוט #28 — עורן כן על יום הכפור הקדוש על פינחס	רומה רעלמה ומכך מן לבון דשוטיה ומבאר בלבה דמשה :
ביניק	1	0		0	פיוט #28 — עורן כן על יום הכפור הקדוש על פינחס	טובינן ומה יהיב ביניק מבועי רחיים דו מן תהומה רבה דשם אלהותה :
רמימר	1	0		0	פיוט #28 — עורן כן על יום הכפור הקדוש על פינחס	רמימר ¥ .מקבל רסע דמן , ■ * .נעת ו'עמה ימ ן מעונה על ריצו מורה י
ריצו	1	0		0	פיוט #28 — עורן כן על יום הכפור הקדוש על פינחס	רמימר ¥ .מקבל רסע דמן , ■ * .נעת ו'עמה ימ ן מעונה על ריצו מורה י
רנהרה	1	0		0	פיוט #30 — ויתמר על השבת הראש מן החדש בכל זבן	כל בוציני מאחיה קץ מלאון וקין נהרון אהן הו רנהרה מניר בלילה ואיממה :
ריהובה	1	0		0	פיוט #30 — ויתמר על השבת הראש מן החדש בכל זבן	ריהובה אש אכלה ומה חוה יהי מעמי לטור סיני מכללד באשתה יום
מכללד	1	0		0	פיוט #30 — ויתמר על השבת הראש מן החדש בכל זבן	ריהובה אש אכלה ומה חוה יהי מעמי לטור סיני מכללד באשתה יום
רינצבת	1	0		0	פיוט #30 — ויתמר על השבת הראש מן החדש בכל זבן	גנה דלית נחש עלל לה רינצבת על ריש סור סיני וארהותה אילן חיים נליה
חהרה	1	0		0	פיוט #30 — ויתמר על השבת הראש מן החדש בכל זבן	באשתה ומליו נהר סני מן שמשה חהרה :
דרחמץ	1	0		0	פיוט #30 — ויתמר על השבת הראש מן החדש בכל זבן	יעבראהי דמקרי בה יסגד מן חילה ריהבה ומליו דרחמץ ורתואן לאלץ
דמשמשץ	1	0		0	פיוט #30 — ויתמר על השבת הראש מן החדש בכל זבן	דמשמשץ לה וטובה נטר למן דקרי לנות ועבד :
רכהבה	1	0		0	פיוט #30 — ויתמר על השבת הראש מן החדש בכל זבן	אח ׳ ג .ממבלל ך .נהרה רכהבה טוב מן רשו ׳ כסי בנהרה .רמרה ¥ *
אתחייב	1	0		0	פיוט #30 — ויתמר על השבת הראש מן החדש בכל זבן	זיבה תביר . אתחייב זיבת דטור סיני אתיקר זרע מכך מן מעונה ולבביה
מקבלאוזה	1	0		0	פיוט #30 — ויתמר על השבת הראש מן החדש בכל זבן	ומושם בימינה דמרה ונביה סנד אמת דאתא מקבלאוזה :
רבואחה	1	0		0	פיוט #30 — ויתמר על השבת הראש מן החדש בכל זבן	טלין דרחמיה רסס על טור סיני מבנללה ואתו רבואחה קדשה טסמכאתה
טסמכאתה	1	0		0	פיוט #30 — ויתמר על השבת הראש מן החדש בכל זבן	טלין דרחמיה רסס על טור סיני מבנללה ואתו רבואחה קדשה טסמכאתה
סהתין	1	0		0	פיוט #30 — ויתמר על השבת הראש מן החדש בכל זבן	אמת דנחת ומקדשאתה אמת דנחת לביני סהתין :
דקעיטיה	1	0		0	פיוט #30 — ויתמר על השבת הראש מן החדש בכל זבן	דקעיטיה כינשה כהנה רבה וברה דעמרם ספרה :
נשיטין	1	0		0	פיוט #31 — עורן כן על מועדיה וראשי ירחיה	ידעין ראתהו קשטה דעלמה מה דושט נעירה מלף לן חכמתה נשיטין
גזיראחה	1	0		0	פיוט #31 — עורן כן על מועדיה וראשי ירחיה	גזיראחה לגבה לא ננשי ליהובה ולא נכפר בכתובה לית אלה הך יהובה
בפמטין	1	0		0	פיוט #31 — עורן כן על מועדיה וראשי ירחיה	בגלל דלית ננה פתיחה והיא צניקה מן דריה לא חילן חייה מתאכל בפמטין
מגעזין	1	0		0	פיוט #31 — עורן כן על מועדיה וראשי ירחיה	הא אימנו רבה דגלה נביה רבה כתבין דקשט ממבין ממעונה מגעזין באשתה
בסריחתון	1	0		0	פיוט #31 — עורן כן על מועדיה וראשי ירחיה	ז תרח סליחתה דכתיב לנבה פתיח לאלין דשנין בסריחתון יפיסן וינחמן
יפיסן	1	0		0	פיוט #31 — עורן כן על מועדיה וראשי ירחיה	ז תרח סליחתה דכתיב לנבה פתיח לאלין דשנין בסריחתון יפיסן וינחמן
רמשתלח	1	0		0	פיוט #31 — עורן כן על מועדיה וראשי ירחיה	רחטנה מן מזה דאלוף דבק לן בבל דין רמשתלח עלינן איטנוחה מדביה
איטנוחה	1	0		0	פיוט #31 — עורן כן על מועדיה וראשי ירחיה	רחטנה מן מזה דאלוף דבק לן בבל דין רמשתלח עלינן איטנוחה מדביה
וזזעי	1	0		0	פיוט #31 — עורן כן על מועדיה וראשי ירחיה	גבוראתה נפקי מכסיאתה • וזזעי כל גליאתה • ובלרי ארעה קהלין * * דחלו כד
אשימע	1	0		0	פיוט #31 — עורן כן על מועדיה וראשי ירחיה	דקל מן שומיה אשימע ׳לנביה י וסלק קבל לוחין • וחייה לנבון י זיבה דטשה
שטעוי	1	0		0	פיוט #31 — עורן כן על מועדיה וראשי ירחיה	שטעוי לכל עובר ואתו שמעי • מן מלו משבחתך * מן שוי ריתלמר
ריתלמר	1	0		0	פיוט #31 — עורן כן על מועדיה וראשי ירחיה	שטעוי לכל עובר ואתו שמעי • מן מלו משבחתך * מן שוי ריתלמר
טיפתן	1	0		0	פיוט #31 — עורן כן על מועדיה וראשי ירחיה	לך י מהימן הוא נביה דאנדיך לן * טיפתן דאנן קרין לנ וך * הלא הוא
וך	1	0	ודע	0.743	פיוט #31 — עורן כן על מועדיה וראשי ירחיה	לך י מהימן הוא נביה דאנדיך לן * טיפתן דאנן קרין לנ וך * הלא הוא
טבנללת	1	0		0	פיוט #31 — עורן כן על מועדיה וראשי ירחיה	ותקיף עלמיה רלעל ׳עמה י חיליה טבנללת ברוזין בחץ * שופרה משמע
ברוזין	1	0		0	פיוט #31 — עורן כן על מועדיה וראשי ירחיה	ותקיף עלמיה רלעל ׳עמה י חיליה טבנללת ברוזין בחץ * שופרה משמע
דאזרזע	1	0		0	פיוט #31 — עורן כן על מועדיה וראשי ירחיה	זזעיו קשה עד מותר • דאזרזע על טור פיני * כנשה דקעימין לעל י ובנשה
שטועה	1	0		0	פיוט #31 — עורן כן על מועדיה וראשי ירחיה	דטאתין לרע • ואלהים הוה קראה י ומשה הוה שטועה * וכל קהלי ישראל
הזחע	1	0		0	פיוט #31 — עורן כן על מועדיה וראשי ירחיה	הזחע חילה רבה זנחח לגו כבודה ואשמע קלה דשופרה מלגו לנה ראשחה
זנחח	1	0		0	פיוט #31 — עורן כן על מועדיה וראשי ירחיה	הזחע חילה רבה זנחח לגו כבודה ואשמע קלה דשופרה מלגו לנה ראשחה
ראשחה	1	0		0	פיוט #31 — עורן כן על מועדיה וראשי ירחיה	הזחע חילה רבה זנחח לגו כבודה ואשמע קלה דשופרה מלגו לנה ראשחה
אזרזע	1	0		0	פיוט #31 — עורן כן על מועדיה וראשי ירחיה	טובה אזרזע ונחת טור סיני • ארתת מנה טליה * אצטטתו משמע קלה
ררבותה	1	0		0	פיוט #31 — עורן כן על מועדיה וראשי ירחיה	עמון בפמה ררבותה • לא יהי לך אלהין 'לבר מני • אנה הוא קעימה *
מזדזע	1	0		0	פיוט #31 — עורן כן על מועדיה וראשי ירחיה	משמע מנה ־ קרש בני רחמיו ראנה מזדזע * ואחת בדיל ישמע 'עמה
זנחת	1	0		0	פיוט #31 — עורן כן על מועדיה וראשי ירחיה	כבודה אזחע זנחת טור סיני ׳ ארתת מנה שופרה אשמע קמיו • קלין
גחתז	1	0		0	פיוט #31 — עורן כן על מועדיה וראשי ירחיה	וברקין ורחמים נפקו י ולפידיה אנירו • ובוראיה גחתז • ויסידיה
ראטיר	1	0		0	פיוט #31 — עורן כן על מועדיה וראשי ירחיה	יקירה מלגו לבה דאשתה • וארתת טור סיני מנה • ראטיר וארתת כל
טורדי	1	0		0	פיוט #31 — עורן כן על מועדיה וראשי ירחיה	טורדי * שריר י אלה אש אכלה ממלל י ומן לא הוה תמן רחל י
טמללה	1	0		0	פיוט #31 — עורן כן על מועדיה וראשי ירחיה	ז נוראי הוא מלבה קעימה • רארכן טובה לכל הדה טמללה ־'עם עפר מלנו
קעימידי	1	0		0	פיוט #31 — עורן כן על מועדיה וראשי ירחיה	ד אשחה • ודער ־ לביני קעימידי * ואתימן בסיאתה ונליאתה • ושוה מלבש
דשטע	1	0		0	פיוט #31 — עורן כן על מועדיה וראשי ירחיה	ספר טב ממלל עמון מלגו לבה דאשתה ספרה דאלק אורה הו דשטע קלה
ראזרעק	1	0		0	פיוט #31 — עורן כן על מועדיה וראשי ירחיה	תמן ומשה ראזרעק אלהים קעם ברבו רבה ושת מאון דאלפים בשפולי
יריע	1	0		0	פיוט #31 — עורן כן על מועדיה וראשי ירחיה	•יריע * .מברה , נ .בפס , ־ * .'למסיבת כל אה ; ממללה :
בסשטעיו	1	0		0	פיוט #31 — עורן כן על מועדיה וראשי ירחיה	ממלל בסשטעיו כהלון ואלי ן.ואלין שמעין ודחלין :
דאזדזע	1	0		0	פיוט #31 — עורן כן על מועדיה וראשי ירחיה	צמות קשי מותר דאזדזע על טור סיני צטותון דקעימיה וצמותון רמאתיה
צטותון	1	0		0	פיוט #31 — עורן כן על מועדיה וראשי ירחיה	צמות קשי מותר דאזדזע על טור סיני צטותון דקעימיה וצמותון רמאתיה
רמאתיה	1	0		0	פיוט #31 — עורן כן על מועדיה וראשי ירחיה	צמות קשי מותר דאזדזע על טור סיני צטותון דקעימיה וצמותון רמאתיה
דאזחע	1	0		0	פיוט #31 — עורן כן על מועדיה וראשי ירחיה	רב הוא יתה זזועה דאזחע על טור סיני י רמה דלית סוף ׳לטורה אחת ולא
טררם	1	0		0	פיוט #31 — עורן כן על מועדיה וראשי ירחיה	שוטיה ־ וברה דיוכבד טררם ׳לגבה ולא מנכי לעלם נימר:
באנציר	1	0		0	פיוט #32 — עורן כן תלביה על כתבה רבה	באנציר ו'ובשעבוד * אנן קעמין קמיך : ולית וגו
ומשתעבדין	1	0		0	פיוט #32 — עורן כן תלביה על כתבה רבה	הך עבדין אבן כטיך • ומשתעבדין לנדלך : ולית ונו . ז
אושטחך	1	0		0	פיוט #32 — עורן כן תלביה על כתבה רבה	ימינה רבתה אושטחך ־ נביה רבה קבלך : ולית ונו
מז	1	0		0	פיוט #32 — עורן כן תלביה על כתבה רבה	בל מז רב את ממתן * כל אסו בנללך אתו : ולית ונו
ושטענן	1	0		0	פיוט #32 — עורן כן תלביה על כתבה רבה	עמינן בל רקמיך • ושטענן בל רבתרך : ולית ונו
רבתרך	1	0		0	פיוט #32 — עורן כן תלביה על כתבה רבה	עמינן בל רקמיך • ושטענן בל רבתרך : ולית ונו
ראנדה	1	0		0	פיוט #33 — עורן כן רבוי על גלות בחבה	ראנדה עלמה לחודה * כהלן נודי ליחידאה דיהבה קוטטו לחיינן : יתהלל
קוטטו	1	0		0	פיוט #33 — עורן כן רבוי על גלות בחבה	ראנדה עלמה לחודה * כהלן נודי ליחידאה דיהבה קוטטו לחיינן : יתהלל
גאיר	1	0		0	פיוט #34 — עורן כן תלביה על כתבה רב ה	אה 'כתיב גאיר וקדיש * דיהבה אלה אלהיה לטהימנה • 'חעק אלה ילפנה
חעק	1	0		0	פיוט #34 — עורן כן תלביה על כתבה רב ה	אה 'כתיב גאיר וקדיש * דיהבה אלה אלהיה לטהימנה • 'חעק אלה ילפנה
שוטים	1	0		0	פיוט #34 — עורן כן תלביה על כתבה רב ה	בבקעת מואב * שבשבתה באש להבה • 'נפקי מליו • שוטים וארע
קעיטין	1	0		0	פיוט #34 — עורן כן תלביה על כתבה רב ה	גבורן רברבן אגלו אלה דלית לה דטו ממלל קעיטין ומהתין ארתתו בגלל
אסוחון	1	0		0	פיוט #34 — עורן כן תלביה על כתבה רב ה	הו אסוחון דחייה • הו רטדכי רוחיה * הו מקדש נפשאתה • הו דמנאר . £
רטדכי	1	0		0	פיוט #34 — עורן כן תלביה על כתבה רב ה	הו אסוחון דחייה • הו רטדכי רוחיה * הו מקדש נפשאתה • הו דמנאר . £
רטעטי	1	0		0	פיוט #34 — עורן כן תלביה על כתבה רב ה	לבביה • הו רטעטי כל עבראי * טנו *באריון וצעורון :
מסתגר	1	0		0	פיוט #34 — עורן כן תלביה על כתבה רב ה	ולא משכן הך דו לנבה * ולא עלם מצלח משלם כיי מסתגר בשלמו :
יצטמתון	1	0		0	פיוט #34 — עורן כן תלביה על כתבה רב ה	טללים טבים לעבראי כד יצטמתון ליד כתבה שפיך על צלטיהון טובה
צלטיהון	1	0		0	פיוט #34 — עורן כן תלביה על כתבה רב ה	טללים טבים לעבראי כד יצטמתון ליד כתבה שפיך על צלטיהון טובה
דטשטשין	1	0		0	פיוט #34 — עורן כן תלביה על כתבה רב ה	דאנשה בה יקרון נחיריה דטשטשין מליו :
ראלקה	1	0		0	פיוט #34 — עורן כן תלביה על כתבה רב ה	ספר עורן לא מרמי לה ספר הך אהן ראלקה סלם לרחמיו סקיף יסקון בה
סקיף	1	0		0	פיוט #34 — עורן כן תלביה על כתבה רב ה	ספר עורן לא מרמי לה ספר הך אהן ראלקה סלם לרחמיו סקיף יסקון בה
ראכתיבין	1	0		0	פיוט #34 — עורן כן תלביה על כתבה רב ה	עללה דלא משנתה ארהותה ונזיראתה ראכתיבין לגבה אמת דאנון משתמשין
טנלנל	1	0		0	פיוט #34 — עורן כן תלביה על כתבה רב ה	פרת חיים ולא כותה הו טנלנל חכמה לעלם פרת מן חיי עולם ואהן מן עדן
ראלהו	1	0		0	פיוט #34 — עורן כן תלביה על כתבה רב ה	ראלהו פתיח הוא קמי כל דריה וכלה מתוחי בנהרה :
דאתיהבח	1	0		0	פיוט #35 — עורן כן יתמר על גלול כתבה קדיש ה	הדה היא ארהותה דאתיהבח לבני ישראל ער יהון קרין בה ואמרים :
תשבחתח	1	0		0	פיוט #35 — עורן כן יתמר על גלול כתבה קדיש ה	תשבחתח ׳למלכה רבה : רכן אניר לעבראי בכחבון וכחלון נאד :
רנחתת	1	0		0	פיוט #37 — *דו כתבה רבה דבינינן מניר בליליה ואיממה	חילין ונבורן אתעטו * יומה רנחתת ארהותה :
רשופרה	1	0		0	פיוט #37 — *דו כתבה רבה דבינינן מניר בליליה ואיממה	אשתה רבתה וכבודה ועננה וקלה רשופרה : ־
יחכלל	1	0		0	פיוט #38 — עורן כן לונ עוד על יומי השבעות	יתבר ך: כהלן נשוי ונימר • יחכלל בשלם כתבה : דאתושס לנביה מן
דאתושס	1	0		0	פיוט #38 — עורן כן לונ עוד על יומי השבעות	יתבר ך: כהלן נשוי ונימר • יחכלל בשלם כתבה : דאתושס לנביה מן
תילפו	1	0		0	פיוט #38 — עורן כן לונ עוד על יומי השבעות	לא שתה : מבגלל תילפו ותלפון לבניכון יח מלי קיאם עסרתי מליה : המכתב
אכחב	1	0		0	פיוט #38 — עורן כן לונ עוד על יומי השבעות	באצבע אלהים אכחב בימין סבילה עלטה ויהבה למשה מהימנה ילפנה £
קעיטיה	1	0		0	פיוט #38 — עורן כן לונ עוד על יומי השבעות	גלנים אתעבר נמה אמת אשחוי מקבלאתה געז בעיני קעיטיה ואתכסה
חיולק	1	0		0	פיוט #38 — עורן כן לונ עוד על יומי השבעות	כנשר . ויתומה חיולק וברוזה שופרה דבסיאן אתעמו על ריש מור סיני
וברוזה	1	0		0	פיוט #38 — עורן כן לונ עוד על יומי השבעות	כנשר . ויתומה חיולק וברוזה שופרה דבסיאן אתעמו על ריש מור סיני
רקראתה	1	0		0	פיוט #38 — עורן כן לונ עוד על יומי השבעות	יוטה רקראתה נצועה :
מנטד	1	0		0	פיוט #38 — עורן כן לונ עוד על יומי השבעות	ז בתח רו *תרתי טובה וצניק בא יו עדויה תמירו מנטד בקשט עלמה פני
קעיסין	1	0		0	פיוט #38 — עורן כן לונ עוד על יומי השבעות	קמי טור סיני קעמו חרתי כנשהן בנללה קעיסין ומאתין אלין ואלין רבותה :
נפשהחן	1	0		0	פיוט #38 — עורן כן לונ עוד על יומי השבעות	אה סביען נפשהחן * מן *תעתידה דאכתבה י ליתו תעתיר רמיכל * ממה
רמיכל	1	0		0	פיוט #38 — עורן כן לונ עוד על יומי השבעות	אה סביען נפשהחן * מן *תעתידה דאכתבה י ליתו תעתיר רמיכל * ממה
העתיד	1	0		0	פיוט #38 — עורן כן לונ עוד על יומי השבעות	* תעתיר ומאתין • העתיד קעים הו • בל מן דסבע מנה חיי* :
דיוור	1	0		0	פיוט #38 — עורן כן לונ עוד על יומי השבעות	דיוור . מדרס • וכהנה דהוה משמש לה * אכל סותרי אשתה :
סותרי	1	0		0	פיוט #38 — עורן כן לונ עוד על יומי השבעות	דיוור . מדרס • וכהנה דהוה משמש לה * אכל סותרי אשתה :
ססמבין	1	0		0	פיוט #38 — עורן כן לונ עוד על יומי השבעות	ויסדיה ססמבין לה • וקל שופרה * תקף שריר ־ י וקלה דנביה מתחיל :
ויהיביז	1	0		0	פיוט #38 — עורן כן לונ עוד על יומי השבעות	עסר מלין הוי אדן ז ומנין אמלית בריתה * כתיבין בלותי אבניה • ויהיביז
רארונה	1	0		0	פיוט #38 — עורן כן לונ עוד על יומי השבעות	'לנו צדד רארונה • וטור סיני הזה רתת • מן אימתן בד נחתי :
זריע	1	0		0	פיוט #38 — עורן כן לונ עוד על יומי השבעות	זרע קדיש דאנדה משה • זריע על תרי אבנים • עפר פריטין הוי אנין * ומנין
בנשתץ	1	0		0	פיוט #38 — עורן כן לונ עוד על יומי השבעות	יוטה דאמללי מליו • לגו בנשתץ דכסיאתה • אתעבד זזעיו דקעימין • תילין
נטעייל	1	0		0	פיוט #38 — עורן כן לונ עוד על יומי השבעות	לא נטעייל בכתבה • אלא 'בשירן ובתשבחן • יהן * שיראתה מקמיו •
קיאמר	1	0		0	פיוט #38 — עורן כן לונ עוד על יומי השבעות	כיבסיאתה דמעונה • נפקי עסרתי *מלי קיאמר. * מן ימינה אלהותה • לגו
כתיבץ	1	0		0	פיוט #38 — עורן כן לונ עוד על יומי השבעות	כד נחת טעין לוחיה * כתיבץ באצבע אלהים • בימין דאלה אש אכלה :
אוחע	1	0		0	פיוט #38 — עורן כן לונ עוד על יומי השבעות	דנחת ולא אוחע * זזע טברין וטישרין * ואשדך עלמה ברחם :
וטישרין	1	0		0	פיוט #38 — עורן כן לונ עוד על יומי השבעות	דנחת ולא אוחע * זזע טברין וטישרין * ואשדך עלמה ברחם :
וסזתץ	1	0		0	פיוט #38 — עורן כן לונ עוד על יומי השבעות	צעם וסזתץ ערנץ
ערנץ	1	0		0	פיוט #38 — עורן כן לונ עוד על יומי השבעות	צעם וסזתץ ערנץ
ראלה	1	0		0	פיוט #38 — עורן כן לונ עוד על יומי השבעות	קרו במקרתה ראלה • קרא לאורה ונפק מניר * שתיקיה שמעו מליו * * ומללין
רטרה	1	0		0	פיוט #38 — עורן כן לונ עוד על יומי השבעות	ישומנה * • עלמה משמש ין לאנש טב • *דמשמש מליו רטרה :
רטוב	1	0		0	פיוט #38 — עורן כן לונ עוד על יומי השבעות	לקיטין מן כריה רטוב מאד * בימין ז* אלה אש אכלה :
טיפי	1	0		0	פיוט #38 — עורן כן לונ עוד על יומי השבעות	ז שמש מניר דלא טיפי אנין עסרתי מליה * שמשה דדאלק בבסיאתה • מן
ריארין	1	0		0	פיוט #38 — עורן כן לונ עוד על יומי השבעות	ריארין רכסיאתה * ונביה דלבש בקרן אורה י ביאר מנין חמשה ספרין :
וסריחתי	1	0		0	פיוט #39 — רראה עורן	אמנוחך ראנה חיב וחטאי ותמריאן וסריחתי סגי קדמיך דאתה אל אמונה
אפבה	1	0		0	פיוט #39 — רראה עורן	אסתכל תהלותי ואדיק עלי הך דאת אלוף קללתה דבפם דבבי טרי אפבה
עומה	1	0		0	פיוט #39 — רראה עורן	עומה מתטרה על צומח :
צומח	1	0		0	פיוט #39 — רראה עורן	עומה מתטרה על צומח :
תצימון	1	0		0	פיוט #39 — רראה עורן	בעשרה לירחה אמיר * תצימון ית נפשותיכון • עבראי רצעם ממזון • יצים
קנוטה	1	0		0	פיוט #39 — רראה עורן	קנוטה מן חטא :
יעומשיונה	1	0		0	פיוט #39 — רראה עורן	לכל סלי מ € , , .ומללה יעומשיונה ,וסללה יפומעזכוז
יפומעזכוז	1	0		0	פיוט #39 — רראה עורן	לכל סלי מ € , , .ומללה יעומשיונה ,וסללה יפומעזכוז
בהז	1	0		0	פיוט #40 — בלילי ואימם	: לבל ' דצעם בהז :
לעונותינו	1	0		0	פיוט #40 — בלילי ואימם	אח אל רחום וחנון י סלח לעונותינו * וקבל שובתינו בזכרון אבותינו *
ציאטינו	1	0		0	פיוט #40 — בלילי ואימם	וקבל ציאטינו י וסלח לחטאינו ;
צרותינו	1	0		0	פיוט #40 — בלילי ואימם	שמע צעקותינו י והסיר צרותינו * וקבל שובתיני * וסלח לאשמינו ן
קדטים	1	0		0	פיוט #41 — עורנה על יום הכפור	קדטים סחללים ־ וכדזנים קללים י וקנרי ערלים • . , , . , פ ;
סחללים	1	0		0	פיוט #41 — עורנה על יום הכפור	קדטים סחללים ־ וכדזנים קללים י וקנרי ערלים • . , , . , פ ;
וקנרי	1	0		0	פיוט #41 — עורנה על יום הכפור	קדטים סחללים ־ וכדזנים קללים י וקנרי ערלים • . , , . , פ ;
והצ	1	0		0	פיוט #41 — עורנה על יום הכפור	חטאינו .ונכלמנו .נפילים * , .מיעונו והצ עי,ום
חאורים	1	0		0	פיוט #41 — עורנה על יום הכפור	ימי חאורים והתמים • ימי קטרת הסמים :
פט	1	0		0	פיוט #43 — קטפי לילת שבתה רמשה	כל יום *חטאים זרעוים * הא מלביינו הקשים : הא סרב חלונות •פט
צה	1	0		0	פיוט #46 — בשבת הרבעי	נקר ארצתה ונש בח ונאמר מלנו לח צה רבה כי נפושד . קריב ואתה
נפושד	1	0		0	פיוט #46 — בשבת הרבעי	נקר ארצתה ונש בח ונאמר מלנו לח צה רבה כי נפושד . קריב ואתה
קויחי	1	0		0	פיוט #46 — בשבת הרבעי	עד לישועתך קויחי . , . תשחית ער תמה :
זבחרתנן	1	0		0	פיוט #48 — טבון דטביה אה מרן שמע קל ן	מים תן מה דאוקרתנן זבחרתנן :
חפלך	1	0		0	פיוט #48 — טבון דטביה אה מרן שמע קל ן	צבעתן קמיך מרי חפלך תתטרףנ בעות ן:
אשקחנתך	1	0		0	פיוט #48 — טבון דטביה אה מרן שמע קל ן	רחמן ־ אתה וכן *אשקחנתך פרם רחמיך עליכן :
עיאלים	1	0		0	פיוט #48 — טבון דטביה אה מרן שמע קל ן	עיאלים אנן לך תפטר ־ דיניך ראת רחמן ;
חאב	1	0		0	פיוט #48 — טבון דטביה אה מרן שמע קל ן	תאב עלינן וסלח לחטינן : תאב עלינן ברחמיך דת יכל : חאב עלינן
טבגלל	1	0		0	פיוט #48 — טבון דטביה אה מרן שמע קל ן	וכבר לפשעינן : תאב על חיבים טבגלל הזכאי ם:
ואחרחם	1	0		0	פיוט #50 — *קבל צלותן מנן אה רחמנה	לחץ הפקן •וארתיתן ואחרחם עלינן ברחמיך הן עמיך: קבל צלותן
ריאריו	1	0		0	פיוט #51 — עורנה על שבתה וגזראתה	אמרינה ייה יום שבתה אתרה דמנשם ריאריו כל עבראי דעמי יומה טמא
ורבוחה	1	0		0	פיוט #51 — עורנה על שבתה וגזראתה	רעט ייתי אלא יטמא דו תהום קביע ביד אלה דכי מדינתה : ורבוחה
מצבועים	1	0		0	פיוט #52 — למלכה רבה דיהי לן שבתה וגזרתה	בריתה דשבתה ומרחה מצבועים מדכים דלא במים מן דלא צבע בתריהון ימה
יחקטל	1	0		0	פיוט #52 — למלכה רבה דיהי לן שבתה וגזרתה	זעיק ודלא נטר לה יתעקר ומחלל שבחה יחקטל : ורבותה ונו
אעקח	1	0		0	פיוט #52 — למלכה רבה דיהי לן שבתה וגזרתה	■אעקח ־ בהךסשים ,* .רדומון ¥ .ההדר ,ה-רף ־
בהךסשים	1	0		0	פיוט #52 — למלכה רבה דיהי לן שבתה וגזרתה	■אעקח ־ בהךסשים ,* .רדומון ¥ .ההדר ,ה-רף ־
רדומון	1	0		0	פיוט #52 — למלכה רבה דיהי לן שבתה וגזרתה	■אעקח ־ בהךסשים ,* .רדומון ¥ .ההדר ,ה-רף ־
רף	1	0		0	פיוט #52 — למלכה רבה דיהי לן שבתה וגזרתה	■אעקח ־ בהךסשים ,* .רדומון ¥ .ההדר ,ה-רף ־
עבידאתד	1	0		0	פיוט #52 — למלכה רבה דיהי לן שבתה וגזרתה	דבעי מדע מה הוא חילה • יהי מתבונן בבוראיו • מן דעמי עבידאתד . • יהי
חיק	1	0		0	פיוט #53 — עורנה • על שבתה תניאתה	אה יום מסיד מן אלה אה קדשה דלא בטל אה כתבין וכה לק חיק £
באגצירו	1	0		0	פיוט #54 — טעמה דשבחה ברכן טעמה דארהותה מקרתה טעמה דמשה צלותה	טבק ושלמין מרן בעי טוב כל אנש דפתח פמה ומרבי למרה באגצירו :
סעיג	1	0		0	פיוט #54 — טעמה דשבחה ברכן טעמה דארהותה מקרתה טעמה דמשה צלותה	יומה קדישה לא מבזז דו סעיג בברי דקדשק יתמרן מלי ארהותה בפממק
דקדשק	1	0		0	פיוט #54 — טעמה דשבחה ברכן טעמה דארהותה מקרתה טעמה דמשה צלותה	יומה קדישה לא מבזז דו סעיג בברי דקדשק יתמרן מלי ארהותה בפממק
בפממק	1	0		0	פיוט #54 — טעמה דשבחה ברכן טעמה דארהותה מקרתה טעמה דמשה צלותה	יומה קדישה לא מבזז דו סעיג בברי דקדשק יתמרן מלי ארהותה בפממק
ומפועברץ	1	0		0	פיוט #54 — טעמה דשבחה ברכן טעמה דארהותה מקרתה טעמה דמשה צלותה	פ תהיה ¥ .ומפועברץ ,ומעועבדא ־ £ , ומעיברען , ■ .קדמה
ומעועבדא	1	0		0	פיוט #54 — טעמה דשבחה ברכן טעמה דארהותה מקרתה טעמה דמשה צלותה	פ תהיה ¥ .ומפועברץ ,ומעועבדא ־ £ , ומעיברען , ■ .קדמה
ומעיברען	1	0		0	פיוט #54 — טעמה דשבחה ברכן טעמה דארהותה מקרתה טעמה דמשה צלותה	פ תהיה ¥ .ומפועברץ ,ומעועבדא ־ £ , ומעיברען , ■ .קדמה
והסועדים	1	0		0	פיוט #54 — טעמה דשבחה ברכן טעמה דארהותה מקרתה טעמה דמשה צלותה	סך אמנות השבתות והסועדים ;
באלהיר	1	0		0	פיוט #54 — טעמה דשבחה ברכן טעמה דארהותה מקרתה טעמה דמשה צלותה	עמדן כהלן נשוי ונימר מן בותך באלהיר י:
ירבונרי	1	0		0	פיוט #54 — טעמה דשבחה ברכן טעמה דארהותה מקרתה טעמה דמשה צלותה	תתדכתן בטב שבותיה י וישר חילון דכל קראי • ירבונרי מהימניה י
רטודע	1	0		0	פיוט #54 — טעמה דשבחה ברכן טעמה דארהותה מקרתה טעמה דמשה צלותה	סימנה רטודע בל אמי עלמה מן אנון נבאי ומן אנון בראי אלו עבראי
קטירין	1	0		0	פיוט #55 — באיסטרי עלמה ברעו יומה דשבתה נלא אימנותה	בריאן קטירין דן לדן בריתה דמרתה ובריתה דיום שבתה הדה זעיקה בריה
למרינחה	1	0		0	פיוט #55 — באיסטרי עלמה ברעו יומה דשבתה נלא אימנותה	עבראי רעלל למרינחה בשלם יסתכל למעולה וידע מה כתיב עליו יהי סנד מן
בריר	1	0		0	פיוט #55 — באיסטרי עלמה ברעו יומה דשבתה נלא אימנותה	שטון בריר . * ולית בריה בטלה * דמצלי ומדכר לון שדי ומתנעי :
ומשעברין	1	0		0	פיוט #55 — באיסטרי עלמה ברעו יומה דשבתה נלא אימנותה	כל יום דלא בלין * בפיתין ומשעברין לך לעל ם:
וטדחל	1	0		0	פיוט #55 — באיסטרי עלמה ברעו יומה דשבתה נלא אימנותה	וטדחל בל אמי עלמה • בסימן אחד זעור מרילך לעל ם:
ירעיף	1	0		0	פיוט #55 — באיסטרי עלמה ברעו יומה דשבתה נלא אימנותה	למר אנן ירעיף י דלית אלהו אלא רילך • נסגד קמיך ראת רחמן * נשתעבד
ישתעבדון	1	0		0	פיוט #55 — באיסטרי עלמה ברעו יומה דשבתה נלא אימנותה	יודון לך לבביה י ישתעבדון לך נראתה • דאתה *אלה עלי נב ל בריתה בריך
וצערבנה	1	0		0	פיוט #55 — באיסטרי עלמה ברעו יומה דשבתה נלא אימנותה	לאדם וצערבנה י סרח קמיך וסבלתנה דחל מנך וארתיבנה לעלם ן
וארתיבנה	1	0		0	פיוט #55 — באיסטרי עלמה ברעו יומה דשבתה נלא אימנותה	לאדם וצערבנה י סרח קמיך וסבלתנה דחל מנך וארתיבנה לעלם ן
רבתהג	1	0		0	פיוט #55 — באיסטרי עלמה ברעו יומה דשבתה נלא אימנותה	כלה משעבד לך מרי בלה רתת מן אימתך * רבתהג ג בוראיה י בהלון סהדין
מרוממאתך	1	0		0	פיוט #55 — באיסטרי עלמה ברעו יומה דשבתה נלא אימנותה	משבחתך מרי ב חילן מרוממאתך *בכל נפשאתן מן ירבינך לפם דאת •
וסליחאתך	1	0		0	פיוט #55 — באיסטרי עלמה ברעו יומה דשבתה נלא אימנותה	כבל חיבין דלא *מנכי • סלחי לחובינן ברחמיך י סוברותך וסליחאתך • מנזר
דריחחקנ	1	0		0	פיוט #55 — באיסטרי עלמה ברעו יומה דשבתה נלא אימנותה	לבבי תאבין דריחחקנ למלכותך לעלם
צורבינן	1	0		0	פיוט #55 — באיסטרי עלמה ברעו יומה דשבתה נלא אימנותה	לכלום ויהב צורבינן מנן מרי :
קטארי	1	0		0	פיוט #55 — באיסטרי עלמה ברעו יומה דשבתה נלא אימנותה	קטארי דקרם לטעונה קמי טובך נשתעבד קדמיך נכנע רוחינן קנומן אנן טחנין
שמעדן	1	0		0	פיוט #55 — באיסטרי עלמה ברעו יומה דשבתה נלא אימנותה	שמעדן רכל צבעתה י שמע 'בקלן וקבל מנן * יהוה דפרק לאכהתן • אריק מן
נויאתן	1	0		0	פיוט #56 — ז עודנה על שבתה חמישה דיזמן	גלאי הוא כל טמיראתה * נויאתן ישתעבדק לה * נמליו טבין עלינן * גוני
ישתעבדק	1	0		0	פיוט #56 — ז עודנה על שבתה חמישה דיזמן	גלאי הוא כל טמיראתה * נויאתן ישתעבדק לה * נמליו טבין עלינן * גוני
רעטל	1	0		0	פיוט #56 — ז עודנה על שבתה חמישה דיזמן	דאזל בתרה לא טעי י רעטל עמה לא מפסל • רמתרחץ בה לא נפל • ררחל
רמתרחץ	1	0		0	פיוט #56 — ז עודנה על שבתה חמישה דיזמן	דאזל בתרה לא טעי י רעטל עמה לא מפסל • רמתרחץ בה לא נפל • ררחל
ררחל	1	0		0	פיוט #56 — ז עודנה על שבתה חמישה דיזמן	דאזל בתרה לא טעי י רעטל עמה לא מפסל • רמתרחץ בה לא נפל • ררחל
רירדזון	1	0		0	פיוט #56 — ז עודנה על שבתה חמישה דיזמן	רירדזון ,דירוחק ־ . מגד , מכיר ז נ . נר : יסלח • פיני ם '
דירוחק	1	0		0	פיוט #56 — ז עודנה על שבתה חמישה דיזמן	רירדזון ,דירוחק ־ . מגד , מכיר ז נ . נר : יסלח • פיני ם '
ושקודיך	1	0		0	פיוט #56 — ז עודנה על שבתה חמישה דיזמן	נסו׳ ן מיראתך ושקודיך נסרק מרי בהילך י .דריזזק ,רריהה ; ,דירודז ; ע
דריזזק	1	0		0	פיוט #56 — ז עודנה על שבתה חמישה דיזמן	נסו׳ ן מיראתך ושקודיך נסרק מרי בהילך י .דריזזק ,רריהה ; ,דירודז ; ע
דירודז	1	0		0	פיוט #56 — ז עודנה על שבתה חמישה דיזמן	נסו׳ ן מיראתך ושקודיך נסרק מרי בהילך י .דריזזק ,רריהה ; ,דירודז ; ע
רעברו	1	0		0	פיוט #56 — ז עודנה על שבתה חמישה דיזמן	רעברו ובחר מעמו עם ררי וכאיס והאהבץ , ונסרב ך וקבלק ברחמיך לעלם :
והאהבץ	1	0		0	פיוט #56 — ז עודנה על שבתה חמישה דיזמן	רעברו ובחר מעמו עם ררי וכאיס והאהבץ , ונסרב ך וקבלק ברחמיך לעלם :
וקבלק	1	0		0	פיוט #56 — ז עודנה על שבתה חמישה דיזמן	רעברו ובחר מעמו עם ררי וכאיס והאהבץ , ונסרב ך וקבלק ברחמיך לעלם :
סלנוחך	1	0		0	פיוט #56 — ז עודנה על שבתה חמישה דיזמן	לעלם * ■למאום .ושבקין לך על דרג סלנוחך ואח אלה מורך על רבוחך £ *
רבוחך	1	0		0	פיוט #56 — ז עודנה על שבתה חמישה דיזמן	לעלם * ■למאום .ושבקין לך על דרג סלנוחך ואח אלה מורך על רבוחך £ *
אחרוזמח	1	0		0	פיוט #56 — ז עודנה על שבתה חמישה דיזמן	חך .אחרוזמח וברחמיך אהה מהרחם .וקנל צב עתן מנן ב סובך *
וקנל	1	0		0	פיוט #56 — ז עודנה על שבתה חמישה דיזמן	חך .אחרוזמח וברחמיך אהה מהרחם .וקנל צב עתן מנן ב סובך *
רנעמן	1	0		0	פיוט #56 — ז עודנה על שבתה חמישה דיזמן	״מי י רא ¥ .רנעמן
טתלתיה	1	0		0	פיוט #56 — ז עודנה על שבתה חמישה דיזמן	דבוקו ; דלחיציה * הו מחחון דכל טתלתיה ; ונבעינה וגו
דמשתעבד	1	0		0	פיוט #56 — ז עודנה על שבתה חמישה דיזמן	דמשתעבד לה : ונבעינה וגו
ישתעבדו	1	0		0	פיוט #56 — ז עודנה על שבתה חמישה דיזמן	יודון לך בל פממינן * ישתעבדו לך גויאתה • ישבחונה ספבאתה • ירחמונה
כסיאח	1	0		0	פיוט #56 — ז עודנה על שבתה חמישה דיזמן	עמי הוא עובדינן • חכם כסיאח לבבינן * עמי הוא דלא מתעמי • עמי חיבי
פעאלין	1	0		0	פיוט #56 — ז עודנה על שבתה חמישה דיזמן	פעאלין דקשט הוא בעי • פעלי אורחה הוא מרבי * פעל ליתו עצי אגרה •
טדלה	1	0		0	פיוט #56 — ז עודנה על שבתה חמישה דיזמן	פרנום ליח אלא טדלה : ונבעינה וגו
ריתמין	1	0		0	פיוט #56 — ז עודנה על שבתה חמישה דיזמן	צדקה הוא עבד דלא בטל • צבען ריתמין הו מקבל * צרכינן מן דילה * צריכין
קעימיר	1	0		0	פיוט #56 — ז עודנה על שבתה חמישה דיזמן	קעים הוא עד לעלם * קעימיר . משעבדין לה * קבל חיין וברכן * קמיו נסגד
ונבעינר	1	0		0	פיוט #56 — ז עודנה על שבתה חמישה דיזמן	רחמן ורתאי : ונבעינר . וגו
חכס	1	0		0	פיוט #56 — ז עודנה על שבתה חמישה דיזמן	אורה ¥ •הו חכס וידע ג
פייוב	1	0		0	פיוט #56 — ז עודנה על שבתה חמישה דיזמן	רבעו י עי הו בל פייוב
רזכהאי	1	0		0	פיוט #56 — ז עודנה על שבתה חמישה דיזמן	* תאבה עתיר משמש * לאלה באנצירו ובקשט * עמל עמלק רזכהאי * * *ומקבל
רכתבה	1	0		0	פיוט #56 — ז עודנה על שבתה חמישה דיזמן	יהובה רכתבה גלתה לישראל • קעמין אכלץ מנה במדברת :
אכלץ	1	0		0	פיוט #56 — ז עודנה על שבתה חמישה דיזמן	יהובה רכתבה גלתה לישראל • קעמין אכלץ מנה במדברת :
ראכתבה	1	0		0	פיוט #56 — ז עודנה על שבתה חמישה דיזמן	נהרה ראכתבה לגבה הו מנלי * ונטורי תריה מנון מתגלגין :
מתגלגין	1	0		0	פיוט #56 — ז עודנה על שבתה חמישה דיזמן	נהרה ראכתבה לגבה הו מנלי * ונטורי תריה מנון מתגלגין :
גסובין	1	0		0	פיוט #56 — ז עודנה על שבתה חמישה דיזמן	סימתה דאשקענן קימה נטורה • עד ייתון גסובין מלו מסבנה :
זאין	1	0		0	פיוט #56 — ז עודנה על שבתה חמישה דיזמן	פעל לא לעי בה ואניר לא מציק בה * עברה ורבה זאין במטרתה :
ררתוחר	1	0		0	פיוט #56 — ז עודנה על שבתה חמישה דיזמן	אה חילה ררתוחר . לכלה מיטבה :
רוזמנה	1	0		0	פיוט #56 — ז עודנה על שבתה חמישה דיזמן	לכל ערוק לידך אה רוזמנה טבה :
מחדיר	1	0		0	פיוט #56 — ז עודנה על שבתה חמישה דיזמן	גזר לבי ואמליתי מחדיר תתובה :
טרביה	1	0		0	פיוט #56 — ז עודנה על שבתה חמישה דיזמן	טרביה מכל סריחה ובל חובה :
רמקרם	1	0		0	פיוט #56 — ז עודנה על שבתה חמישה דיזמן	אהיה אשר אהיה אה שקיחה דל בל זעוקיה עני • ואה יחידאה רמקרם
רמורך	1	0		0	פיוט #56 — ז עודנה על שבתה חמישה דיזמן	בלעדי שני • ואה תדירה רמורך לא בלי ולא שני • קמיך פרסתי בפי ולירך
ועקובתך	1	0		0	פיוט #56 — ז עודנה על שבתה חמישה דיזמן	בפרקני * ומן רחמיך לא תשיב בעותי ריקני • ראתה *רחום וחנון ועקובתך
ובבפתו	1	0		0	פיוט #56 — ז עודנה על שבתה חמישה דיזמן	שיאמיה פתו • קדם חילך קעמת במרע ובבפתו • ואף ערקת לידך בדחלה
בקיאםז	1	0		0	פיוט #56 — ז עודנה על שבתה חמישה דיזמן	אהיה אשר אהיה בקיאםז עבדיך ושבועתה דימיך • ארחי מסכינה רקעם
סיערותה	1	0		0	פיוט #56 — ז עודנה על שבתה חמישה דיזמן	קדמיך • ומד בך סיערותה וברחמיך הו סמיך * אגן עליו בחסדך ואפשט
ונאהרי	1	0		0	פיוט #56 — ז עודנה על שבתה חמישה דיזמן	אהיה אשר אהיה גלל י ים רחמיך לכלה משפעים * ונאהרי נפושיך בחשך
קיאמיר	1	0		0	פיוט #56 — ז עודנה על שבתה חמישה דיזמן	אהיה אשר אהיה דבור קיאמיר. דלון לא מתנשי • בשלמות עבדיך טביה
רכדדז	1	0		0	פיוט #56 — ז עודנה על שבתה חמישה דיזמן	קרסו .יהודז אל רהום נ . רכדדז * .בר בוביה . מ . £ , *
עזחתי	1	0		0	פיוט #57 — אמנות השבתות והמועדי□	אהיה אשר אהיה מד בך אתרחצת ואפרת עזחתי • ליך סגי טבאתך
מרלך	1	0		0	פיוט #57 — אמנות השבתות והמועדי□	לך לברך • בצדקה מרלך בעמל משה עבדך * אריק מן מעונך כי אין עור
כת	1	0		0	פיוט #57 — אמנות השבתות והמועדי□	לב ארצמה * לידך אפ כת אפי ובך אשות כנשמה • בדו טובך לא בטל וזאון
קנוט	1	0		0	פיוט #57 — אמנות השבתות והמועדי□	אהיה אשר אהיה על מן הו רניני אלא על קנוט ' מד לא אשוית עמל זכו
דעבח	1	0		0	פיוט #57 — אמנות השבתות והמועדי□	לגו יומי דעבח ואזלו ויום דינה קדומי אטליתי בתהו קרם יום סכומי :
בטמציע	1	0		0	פיוט #57 — אמנות השבתות והמועדי□	אהיה אשר אהיה פרוקה דמתשקח בטמציע עקיה מקלטה רגלי קבל כל
ערוקיוז	1	0		0	פיוט #57 — אמנות השבתות והמועדי□	ערוקיוז ׳ פרקנך גלי לן דת פרוק פרוקיה בקשט מדניה מערתה צדיקיה :
רלצרקה	1	0		0	פיוט #57 — אמנות השבתות והמועדי□	אהיה אשר אהיה צדק מתנהתה רלצרקה לא כלי ־ פשוט רתואתה רטובה
רמלי	1	0		0	פיוט #57 — אמנות השבתות והמועדי□	לא בלי פתח תרח רחמיך באפי וצדק עלי בם ני ברכהן מן אוצרך רמלי ;
פשוטה	1	0		0	פיוט #57 — אמנות השבתות והמועדי□	אהיה אשר אהיה רמה מרוממה דאמנותה מיטב • פשוטה דיהובה דלא
רפשט	1	0		0	פיוט #57 — אמנות השבתות והמועדי□	אהיה אשר אהיה שמעיו צבעתה רפשט כל טבן • רחיק דרנזין ושקיה
ררוח	1	0		0	פיוט #57 — אמנות השבתות והמועדי□	ברחמיך ורתואן * פריתן מן אדי סנן ורבבן * וטפי בטל ררוח יקרנה רליהבן :
רליהבן	1	0		0	פיוט #57 — אמנות השבתות והמועדי□	ברחמיך ורתואן * פריתן מן אדי סנן ורבבן * וטפי בטל ררוח יקרנה רליהבן :
רלקדמיך	1	0		0	פיוט #57 — אמנות השבתות והמועדי□	לעלם כפל ורחם * לא טרף מסכינה רלקדמיך קעם • ולא תנזף שיאלה ועליו
לקנוטה	1	0		0	פיוט #57 — אמנות השבתות והמועדי□	ראברהם גזורה דגזר * לקנוטה ובעמלה דיצחק עלתה • ובעמלה דיעקב שרירה
וחבמתנה	1	0		0	פיוט #57 — אמנות השבתות והמועדי□	דאימנתנה כסיאן וגליאן • וחבמתנה חין חרתין ועתיקן * וסקפתנה על כל
כדצ	1	0		0	פיוט #57 — אמנות השבתות והמועדי□	ובבהנתה רבה לבש פינחס • כדצ קנא לקנאתך וארחי לאלהותך י וכלה
רכריזחך	1	0		0	פיוט #57 — אמנות השבתות והמועדי□	מרי באלין רכריזחך בון ובעמלה י ריהושע וכלב נגרני מרי י ליחיותך ועזרני
ריהושע	1	0		0	פיוט #57 — אמנות השבתות והמועדי□	מרי באלין רכריזחך בון ובעמלה י ריהושע וכלב נגרני מרי י ליחיותך ועזרני
לדחלחך	1	0		0	פיוט #57 — אמנות השבתות והמועדי□	למד מחה יל ך ואמר לבי לדחלחך ולמרחל * מן שמך יקירה ונוראה ובטל י
זצני	1	0		0	פיוט #57 — אמנות השבתות והמועדי□	תח־זצני על עמלי וקבלי * בסליחת ך וארתיתי הך די י אמנותך וביומה תראה
בסליחת	1	0		0	פיוט #57 — אמנות השבתות והמועדי□	תח־זצני על עמלי וקבלי * בסליחת ך וארתיתי הך די י אמנותך וביומה תראה
סתנאתה	1	0		0	פיוט #57 — אמנות השבתות והמועדי□	סתנאתה דיריבתה לי בצדקה מרילך' :
טטרון	1	0		0	פיוט #57 — אמנות השבתות והמועדי□	מרי טטרון לנו נבה דרי ח ותך :
אפחח	1	0		0	פיוט #58 — מרי אטרנון בלילה ואיממה	מרי אפחח באפי תרחי רחמיך ורתואתך :
ורתואתך	1	0		0	פיוט #58 — מרי אטרנון בלילה ואיממה	מרי אפחח באפי תרחי רחמיך ורתואתך :
עבידאתי	1	0		0	פיוט #58 — מרי אטרנון בלילה ואיממה	מרי אושט לי ברבאתך ותק ; * עבידאתי והער חשבאתי י ואלבש יתי חנה
ראהרן	1	0		0	פיוט #58 — מרי אטרנון בלילה ואיממה	אה פלטה ראהרן מן עבורי עגלה • פלטי מרי מבל ארצם ומכל שרביט :
ברתואחך	1	0		0	פיוט #58 — מרי אטרנון בלילה ואיממה	אה דברן וזאונן ברתואחך כונן • וסובר ית ; וסלח לנן * לפם דאתה לא
ראזמנת	1	0		0	פיוט #58 — מרי אטרנון בלילה ואיממה	רכותה לך דקדמת • לדן עלמה ראזמנת * ומן ישום רבותך רבתה * ומד
רירליך	1	0		0	פיוט #58 — מרי אטרנון בלילה ואיממה	רד םה ■מ ,ראההכ- ד .״ .בידי זג .ורקיכני ¥ . ראובני -רירליך
אדייק	1	0		0	פיוט #58 — מרי אטרנון בלילה ואיממה	מלוך עלמיה * בחסדך אדייק מן שופדה * ודכר לנן קיאמיה י וכפר לכן
שופדה	1	0		0	פיוט #58 — מרי אטרנון בלילה ואיממה	מלוך עלמיה * בחסדך אדייק מן שופדה * ודכר לנן קיאמיה י וכפר לכן
רחעוני	1	0		0	פיוט #58 — מרי אטרנון בלילה ואיממה	אה רחעוני ואה מגני * סלח לחמיה דלי מגני * ואך דאת אלוף תדבקני *
וברצטה	1	0		0	פיוט #58 — מרי אטרנון בלילה ואיממה	וברצטה לא תשבקני • ומן חסדך לא תרחקני * ולאנשה לא תצרכני • מרי
ראכסי	1	0		0	פיוט #58 — מרי אטרנון בלילה ואיממה	רביאנך רלא מ ש תאר ונתפעס רעבדת עלמה אמת דאמתך ועל מה ראכסי
ולגזיראתך	1	0		0	פיוט #58 — מרי אטרנון בלילה ואיממה	מנן לא נשבק ויתך נעבד ולך נסנד וקדמיך נשתעבד ולגזיראתך נשמש ונסיד
ברננותר	1	0		0	פיוט #58 — מרי אטרנון בלילה ואיממה	באימנותה ברן דאפרשותה קשט אלהותה ותהום ברננותר וסימת ארבנותה . ז
ופוקיח	1	0		0	פיוט #58 — מרי אטרנון בלילה ואיממה	האלמים ופוקיח תעוירים ומשמיע החרשים כל טוב וישר פרי דעתו חי לא
ומשמיע	1	0		0	פיוט #58 — מרי אטרנון בלילה ואיממה	האלמים ופוקיח תעוירים ומשמיע החרשים כל טוב וישר פרי דעתו חי לא
חסעורן	1	0		0	פיוט #58 — מרי אטרנון בלילה ואיממה	בז־נ ״ * •חסעורן * ,בינך ד •דחבהך .תצרסן
תצרסן	1	0		0	פיוט #58 — מרי אטרנון בלילה ואיממה	בז־נ ״ * •חסעורן * ,בינך ד •דחבהך .תצרסן
שומלים	1	0		0	פיוט #58 — מרי אטרנון בלילה ואיממה	וסוקיה .שומלים י ,נכיר ¥ .דאסלימן ,עבובר
עבובר	1	0		0	פיוט #58 — מרי אטרנון בלילה ואיממה	וסוקיה .שומלים י ,נכיר ¥ .דאסלימן ,עבובר
העביטני	1	0		0	פיוט #58 — מרי אטרנון בלילה ואיממה	יד לפרטהו אברכהו על חסדו אשר העביטני ועל רחמיו אשר נכמרו עלי כי לא
וישמיעני	1	0		0	פיוט #58 — מרי אטרנון בלילה ואיממה	ויפקחני חרש וישמיעני אלם ויבטאני ריקם וימלאני מכל והשביע רעבי וארוה
השומיר	1	0		0	פיוט #58 — מרי אטרנון בלילה ואיממה	זל י השומיר אתי מתולדות יומי ומהרות לילותי ישגבני מגני אשר לא יבלי
וחבישות	1	0		0	פיוט #58 — מרי אטרנון בלילה ואיממה	הוד וחבישות מגבעות כבוד עדות אלהים ודרכיו המגבעות אנושה עד לאלהים
ולהוסרה	1	0		0	פיוט #58 — מרי אטרנון בלילה ואיממה	והמנחילות רצונו בהם להבדיל בין טוב לרע ולהשיב נסתרות ננלאות ולהוסרה
למשכילים	1	0		0	פיוט #58 — מרי אטרנון בלילה ואיממה	למשכילים ועדות למבינים * לעדת כל שביל נתן זאת אל מנחות החיים
יזריח	1	0		0	פיוט #58 — מרי אטרנון בלילה ואיממה	מרע והרבות להטיב הקים לעשות מבלעדי עקב על בן יומם ישכים יזריח
לרעוז	1	0		0	פיוט #58 — מרי אטרנון בלילה ואיממה	לרעוז כי * .זד יר ¥ , וצכד ¥ . ייש־כהדכי ¥ - ודרי ¥ . הודם
וצכד	1	0		0	פיוט #58 — מרי אטרנון בלילה ואיממה	לרעוז כי * .זד יר ¥ , וצכד ¥ . ייש־כהדכי ¥ - ודרי ¥ . הודם
לדורתינו	1	0		0	פיוט #59 — אמנות העיבתות והמועדים	משה עבדו לנביא נאמן הקיטהו לדורתינו : לפדות את אבותינו ממצרים
נוסעי	1	0		0	פיוט #59 — אמנות העיבתות והמועדים	ויתפשם והמיס את כורו ויוציאם ביר רמה נוסעי דרך הישימון באין צדה ואין
ותציב	1	0		0	פיוט #59 — אמנות העיבתות והמועדים	לדרך והמצלות לשביל מרחב תהומות הפכת יבשה ותציב נזולים כמו נר
לפליטו	1	0		0	פיוט #59 — אמנות העיבתות והמועדים	לפליטו ומבטח אויב הפכת למוקש כי נערת כל מצרים תוך הים ומחית שמם
ותכלכלם	1	0		0	פיוט #59 — אמנות העיבתות והמועדים	מאז ויושיע יהוד . ביום ההוא את ישראל אז ישר משה ובני ישראל ותכלכלם
חלמיש	1	0		0	פיוט #59 — אמנות העיבתות והמועדים	דננים עשית שחוקים חלמיש שמת להם למעין וסלעים לנהרות תהום ותריהם
ותשמיעהם	1	0		0	פיוט #59 — אמנות העיבתות והמועדים	על הארץ נר לך ותשמיעהם מן השמים קולך ויריעו קולות שופרות בשמים
ויריעו	1	0		0	פיוט #59 — אמנות העיבתות והמועדים	על הארץ נר לך ותשמיעהם מן השמים קולך ויריעו קולות שופרות בשמים
ותנוע	1	0		0	פיוט #59 — אמנות העיבתות והמועדים	וירצו ברקים ולפידים ולבשו ההרים עבים מרי ערפל ותנוע הארץ וי ח רדו
להציב	1	0		0	פיוט #59 — אמנות העיבתות והמועדים	ההרים והרבות עדות ביעקב לתת תורות בישראל יסודיה כמם ודי ההרים להציב
טאדני	1	0		0	פיוט #59 — אמנות העיבתות והמועדים	ואדניה טאדני הארץ למחזיק ללמדנו עדותיך ולהלבישנו נזר כ בו ד בחורותיך
ולהלבישנו	1	0		0	פיוט #59 — אמנות העיבתות והמועדים	ואדניה טאדני הארץ למחזיק ללמדנו עדותיך ולהלבישנו נזר כ בו ד בחורותיך
זרלרת	1	0		0	פיוט #59 — אמנות העיבתות והמועדים	רים ¥ .והרים ¥ ד -זרלרת ¥ * .והע י ועיהם ¥
והע	1	0		0	פיוט #59 — אמנות העיבתות והמועדים	רים ¥ .והרים ¥ ד -זרלרת ¥ * .והע י ועיהם ¥
תמיטים	1	0		0	פיוט #59 — אמנות העיבתות והמועדים	־ ■ ק בני שנה תמיטים • שני עשמנים סלח מנחה בלולה בשמן * ונסכיו עלת
עשמנים	1	0		0	פיוט #59 — אמנות העיבתות והמועדים	־ ■ ק בני שנה תמיטים • שני עשמנים סלח מנחה בלולה בשמן * ונסכיו עלת
טובינז	1	0		0	פיוט #61 — השבת • צלי ואקרי וברך בשם יהוה	טובינז ואשרינו י במה נתן יהוה לנו • במשמר זה השבת הקדש • מוראה
טרעותינו	1	0		0	פיוט #62 — ונקרא • ומכל מלאכה נשבת	אתנו טרעותינו ומרעות העמים אשר סביבותינו ואמלא אתנו לשטר ולעשות
ברטשח	1	0		0	פיוט #63 — *עורן כן מן מימר מרקה : עליו הרצון אמן	דלעלם ברישה ובעקבה לית אלה אלא אחד : ברטשח וצפרה לית אלה
תשבחחה	1	0		0	פיוט #63 — *עורן כן מן מימר מרקה : עליו הרצון אמן	; ב •י אלא אחד : תשבחחה לשמך רבה ונצוחה לית אלה אלא אחר : שמע
מחחלפה	1	0		0	פיוט #63 — *עורן כן מן מימר מרקה : עליו הרצון אמן	מחחלפה סהרה קשיטד , דלא בטלה לעלם לית אלה אלא אחד : אמרו
קשיטד	1	0		0	פיוט #63 — *עורן כן מן מימר מרקה : עליו הרצון אמן	מחחלפה סהרה קשיטד , דלא בטלה לעלם לית אלה אלא אחד : אמרו
ריבשתה	1	0		0	פיוט #63 — *עורן כן מן מימר מרקה : עליו הרצון אמן	אל בחורה קרישה דמע ריבשתה : לית אלה אלא אחר ;
שילתן	1	0		0	פיוט #63 — *עורן כן מן מימר מרקה : עליו הרצון אמן	אנן בעים תלי מזה מנן מנן תלי רנזה ופרם רחמיך עלינן שילתן דאתה חכם
תתובחן	1	0		0	פיוט #63 — *עורן כן מן מימר מרקה : עליו הרצון אמן	ז ג. ק וקדם נימרנה מרי תתובחן קבל ולחטאינן סלח מרי תחובתן קבל ולחטאינן
חצנקנה	1	0		0	פיוט #63 — *עורן כן מן מימר מרקה : עליו הרצון אמן	סלח תריח רחמיך מרי לא חצנקנה באפינן לית אלה אלא אחר : לית אלה
וארומסנהו	1	0		0	פיוט #63 — *עורן כן מן מימר מרקה : עליו הרצון אמן	לישועתה : זה אלי ואנוהו אלהי ■ אבי וארומסנהו ; יהוה גבור במלחמה יהוה
ינרל	1	0		0	פיוט #63 — *עורן כן מן מימר מרקה : עליו הרצון אמן	שמו : יהוה גבור במלחמה יהוה שמו יהוד . שמו ברוך שמו ינרל שמו מה רבו
חסתגר	1	0		0	פיוט #63 — *עורן כן מן מימר מרקה : עליו הרצון אמן	יהוד . אל קעים : אדני יהור . אל עולם : תשתבח תתרבי תתרומם חסתגר :
ריבלש	1	0		0	פיוט #63 — *עורן כן מן מימר מרקה : עליו הרצון אמן	ריבלש י ולא תרח רחמיך צנוק באפי ערוק • ולא מריר למסכין דאתי לשובה
טקרתך	1	0		0	פיוט #63 — *עורן כן מן מימר מרקה : עליו הרצון אמן	טקרתך על גדלך ראתה רחום וחנון • אהן הו סמנה דבה אסו בל באש * אה
בשביר	1	0		0	פיוט #64 — תפלה * , אלתפלה ג *-גו אבישע	מפרע : צעק בשביר לבבה : מרי הרחיב לנו מן הצרעה : אשר אנחנו
הנסוח	1	0		0	פיוט #64 — תפלה * , אלתפלה ג *-גו אבישע	על זאת הנסוח : כי זבאה לית בנן : אהיה אשר אהיה : לא תקחנו
הושיענו	1	0		0	פיוט #64 — תפלה * , אלתפלה ג *-גו אבישע	וברתותך הושיענו : והשקף עלינו מן שמיך : במטר רחמיך : עד תרוי
וארתיארתותן	1	0		0	פיוט #64 — תפלה * , אלתפלה ג *-גו אבישע	עלמיך : ותקום לן המלה : וברך את לחמך ואת מי מיך : וארתיארתותן :
חעזב	1	0		0	פיוט #64 — תפלה * , אלתפלה ג *-גו אבישע	חעזב למסכין שאל :
חסלךתסלך	1	0		0	פיוט #64 — תפלה * , אלתפלה ג *-גו אבישע	חסלךתסלך : לעבדיך תעזב : ואתה בראת אתם : וטובך להם ערב : ואוצרי
ורישקף	1	0		0	פיוט #64 — תפלה * , אלתפלה ג *-גו אבישע	צללנו בעננך ; ורישקף על מכה מן רומה : במיני הנשם : וארוי לב הצמא :
בטימרך	1	0		0	פיוט #64 — תפלה * , אלתפלה ג *-גו אבישע	בטימרך לן תרחף : ופסחתי עליכם : ולא יהיה בכם נגף :
חפלה	1	0		0	פיוט #64 — תפלה * , אלתפלה ג *-גו אבישע	שיאלן שמע אה מן : שמך הצור תמים : ולא חנזף חפלה : עבדיך לך קעמים :
חפלותינו	1	0		0	פיוט #64 — תפלה * , אלתפלה ג *-גו אבישע	חפלותינו אליך ןא ה קרוב החח : בחסדיך קבלה : וברחמיך אגיבה : באדם
אחביאר	1	0		0	פיוט #64 — תפלה * , אלתפלה ג *-גו אבישע	אחביאר בספר קדשי : אלהים ׳עמך : בכל אשר אתה עשה : - ק
בחשבחן	1	0		0	פיוט #64 — תפלה * , אלתפלה ג *-גו אבישע	ינתתי דברי : בחשבחן עזי וזמרתי : ויהי לי לישועה : ובו תמיד דביקותי ן
הפחח	1	0		0	פיוט #65 — ופסחתי עליכם : ולא יהיה בכם נגף	והנשים והטף : יקום ופסח יהוה על הפחח : ולא יתן המשחית לבוא
חמז	1	0		0	פיוט #65 — ופסחתי עליכם : ולא יהיה בכם נגף	טרח על עבדיך : חמז ודחלון : וצפרו נביכים : ולית זכאה מנון : יקום על ■ ק
חנרש	1	0		0	פיוט #65 — ופסחתי עליכם : ולא יהיה בכם נגף	יקום על תרחך : חסלך לו חנרש : אגיב והטיב ואיתי : ושמע מן יבקש :
יטנעך	1	0		0	פיוט #65 — ופסחתי עליכם : ולא יהיה בכם נגף	עמך יטנעך : וחסדיך טתיתרה : וכלה בזה ידעך : על בן בשחר הליל :
טתיתרה	1	0		0	פיוט #65 — ופסחתי עליכם : ולא יהיה בכם נגף	עמך יטנעך : וחסדיך טתיתרה : וכלה בזה ידעך : על בן בשחר הליל :
והושיעק	1	0		0	פיוט #65 — ופסחתי עליכם : ולא יהיה בכם נגף	המגיפה : והושיעק מן נקמך : והשקף עליהם : ברחמים מעמך : בי לך
נסתנד	1	0		0	פיוט #65 — ופסחתי עליכם : ולא יהיה בכם נגף	על פתח רחמיך נעמד : ופני נדלך נסתנד : ואליך נשא הקול : ואל צדקתך
בבלקצפותך	1	0		0	פיוט #65 — ופסחתי עליכם : ולא יהיה בכם נגף	ושים לעמך חפצו : בבלקצפותך : ותעצ רמעליהם : מינימנפותך : ותשקע
רמעליהם	1	0		0	פיוט #65 — ופסחתי עליכם : ולא יהיה בכם נגף	ושים לעמך חפצו : בבלקצפותך : ותעצ רמעליהם : מינימנפותך : ותשקע
מינימנפותך	1	0		0	פיוט #65 — ופסחתי עליכם : ולא יהיה בכם נגף	ושים לעמך חפצו : בבלקצפותך : ותעצ רמעליהם : מינימנפותך : ותשקע
ואטפיהאש	1	0		0	פיוט #65 — ופסחתי עליכם : ולא יהיה בכם נגף	הוסיפה * לנו ולבנינו ן והרחק מנן בל חריפה : ורפא מחצינו : ואטפיהאש
השיעי	1	0		0	פיוט #65 — ופסחתי עליכם : ולא יהיה בכם נגף	רפאני * ומכל עמל ביש הרחיקני • ולכל עובד טוב השיעי י וברחמיך וחסדיך
בראכתך	1	0		0	פיוט #65 — ופסחתי עליכם : ולא יהיה בכם נגף	בעלאי * אה לאה אה ראה * בחסדך חדש שמחי * ושים בראכתך במובאי •
לפנעי	1	0		0	פיוט #65 — ופסחתי עליכם : ולא יהיה בכם נגף	טרחי * והסטני לפנעי * ואוזף עלי מן השמח והזהי : מרי ברבותך התדירה •
זברה	1	0		0	פיוט #65 — ופסחתי עליכם : ולא יהיה בכם נגף	פשרה • ורחמיך לעברך זברה * ומלבני למשמר התורה * ומה בה מן חקות
שנרד	1	0		0	פיוט #65 — ופסחתי עליכם : ולא יהיה בכם נגף	ונזרה י ושפיפותי עתירה • וצדקתך עלי שנרד . * וקבל מני כל נדרה • והרחיקני
וסבק	1	0		0	פיוט #65 — ופסחתי עליכם : ולא יהיה בכם נגף	ורתי * אה שמעיו צבעתי • שמע מני צעקותי • והנחם על רעותי • וסבק
צריבותי	1	0		0	פיוט #65 — ופסחתי עליכם : ולא יהיה בכם נגף	צריבותי י ועתיר שפיפותי * וקבל צלותי ותפלותי • ומדרשותי ותריללותי י
ותריללותי	1	0		0	פיוט #65 — ופסחתי עליכם : ולא יהיה בכם נגף	צריבותי י ועתיר שפיפותי * וקבל צלותי ותפלותי • ומדרשותי ותריללותי י
מסבינותי	1	0		0	פיוט #65 — ופסחתי עליכם : ולא יהיה בכם נגף	מסבינותי * ותרוי לכל צמחותי • מרי אשמיד לשנאי דתי • ושרי בון כל
חסח	1	0		0	פיוט #65 — ופסחתי עליכם : ולא יהיה בכם נגף	בקנומה יא ה נבור במלחמה * אה עבור כל חסח • את שופט ארעה ושומה *
רקיאח	1	0		0	פיוט #65 — ופסחתי עליכם : ולא יהיה בכם נגף	בקדוש שמך הרמה * רקיאח עליו יהוד . • תושיעני מכל ארצמה ותטהרני
ועוברי	1	0		0	פיוט #65 — ופסחתי עליכם : ולא יהיה בכם נגף	מכל זמה * ועוברי תהי חמימה • וזרעי יפרי בעלמה * ובטוב הלכוחי ישמר . *
פרעיז	1	0		0	פיוט #66 — עבודה דעלמה תסתגד ותשתבח : וישתבח	פרעיז .ויהזזלל • .דטורו וזזקינים אדקפדף אל ואלה שמות
ויהזזלל	1	0		0	פיוט #66 — עבודה דעלמה תסתגד ותשתבח : וישתבח	פרעיז .ויהזזלל • .דטורו וזזקינים אדקפדף אל ואלה שמות
וזזקינים	1	0		0	פיוט #66 — עבודה דעלמה תסתגד ותשתבח : וישתבח	פרעיז .ויהזזלל • .דטורו וזזקינים אדקפדף אל ואלה שמות
אדקפדף	1	0		0	פיוט #66 — עבודה דעלמה תסתגד ותשתבח : וישתבח	פרעיז .ויהזזלל • .דטורו וזזקינים אדקפדף אל ואלה שמות
נאוחו	1	0		0	פיוט #67 — הכהן הגדול פינחס רצון יהוה עליו אמן אמן	גדול נבור נורא : אלהי השמים והארץ : נאוחו נשאה : ובגאותו שחוקי מעונה :
ייהץ	1	0		0	פיוט #69 — צלות שבת צמות הפסח	שמך ייהץ־ה : אל רחום וחנון : רחום בעלמה : והנון באחרית : **
בפקידותה	1	0		0	פיוט #71 — רב אלה * . * וכי בשם וישרו הקטף	בזה שבתה דצמותה י עמית צפית אלהותה : לישראל בפקידותה * ביד
חגח	1	0		0	פיוט #72 — וילבש מן הפרקן בליל	*מ חגח לע לם יה וה הג דול האחר * . סג ־ י נקי א, ־
רבשנד	1	0		0	פיוט #73 — צלות שבת צמות הפסח	וחשבן ראשי החרשים • רבשנד . מתחדשים : מתיסדים על חרשים * למועדים
אתיפדו	1	0		0	פיוט #73 — צלות שבת צמות הפסח	על הראישון אתיפדו • רבו אבהתן אתפדו : ממנו והלאה יתנגדו * מועדי
רידעו	1	0		0	פיוט #73 — צלות שבת צמות הפסח	הנבונים רידעו * ינצרו לבון ויראו : מימר הרם ביחידאו • מועדי יהוד . דאתקראו :
פקיר	1	0		0	פיוט #74 — לית בבל יוטיה : וטרקה אתהו עבורן * ישתבח	במופתים מתריאמה : ואפרש זה שבת הצמות • *רעם בו פקיר וזכרון
הקסף	1	0		0	פיוט #74 — לית בבל יוטיה : וטרקה אתהו עבורן * ישתבח	רב אלה . - * ■*ויתמר כי בשם וישרו הקסף :
תהוחה	1	0		0	פיוט #74 — לית בבל יוטיה : וטרקה אתהו עבורן * ישתבח	תהוחה הסאה • והתאהבים יתחנו : טובינו אן נעמד : פני יהוה אלהיט :
ראסי	1	0		0	פיוט #75 — צלות שבת צמות הפסח	אלהי נביד . רבה משה : לך ברחמיו יושיע : מכל דבב וקשה : ראסי באשוחך :
חליפוחו	1	0		0	פיוט #75 — צלות שבת צמות הפסח	אלהי אלעזר חליפוחו י יתן לך טב מתנותו : וישם לך ישועתו * * ויספק
רלקח	1	0		0	פיוט #75 — צלות שבת צמות הפסח	אלתי פינחס רלקח הרמח * וקטל הזנים והמגיפה אריטה : לקולך אמן ישמע י
ונרכר	1	0		0	פיוט #77 — צלות שבת צמות הפסח	נעזר ונרכר באשמחותה • זה .שבתה דצמותה : כי מר אלהותה * קרישו
בפריק	1	0		0	פיוט #77 — צלות שבת צמות הפסח	בפריק *
ואסנלם	1	0		0	פיוט #78 — צלות שבת צמות הפסח	מערתה : ואסנלם במועדים • ראשם יום שבתה : שבת מברך עליכם * רבו רוח
ראנישא	1	0		0	פיוט #78 — צלות שבת צמות הפסח	זה משה אחייך • ראנישא ואלבר : אתקדם אליו ושלם עליז * ונשק לו היד :
עליז	1	0		0	פיוט #78 — צלות שבת צמות הפסח	זה משה אחייך • ראנישא ואלבר : אתקדם אליו ושלם עליז * ונשק לו היד :
פיללתי	1	0		0	פיוט #78 — צלות שבת צמות הפסח	האלהים * רליהוה עבד : ראה פניך לא פיללתי . והנה יהוח צמר : זה היום ביני
איביזילימיניסיעישית	1	0		0	פיוט #79 — צלות שבת צמות הפסח	בקטף ־ ייתמר אריק עלינן איביזילימיניסיעישית * וטרי בעמל
ומלפש	1	0		0	פיוט #79 — צלות שבת צמות הפסח	שבחו אה עם קרש • מלב ומלפש : ובנפש רוממו • למשים כל אלם * וכל ׳
תרחםג	1	0		0	פיוט #80 — צלות שבת צמות הפסח	יהוה הוא האלהים * דשם תרחםג זה שבתה רצמותה ושם בו שמח וששו :
ראקים	1	0		0	פיוט #80 — צלות שבת צמות הפסח	אברהם • ובנו יצחק עלה נ ואלהי יעקב • ראקים נרד בבית אלה : ואלהי יוסף •
לברורך	1	0		0	פיוט #81 — הצבעות • בכל יומם ולילה	קהלה י ויתן לך שב מתנים * : וצלותך ובעותך י יהיו מתענים : ויצמת לברורך *
והחוקר	1	0		0	פיוט #81 — הצבעות • בכל יומם ולילה	באיקר * עם סג י השנים : ותרבי והחוקר * כל אבהן ובנים : ותעשו זה שבתה
דצסותה	1	0		0	פיוט #81 — הצבעות • בכל יומם ולילה	דצסותה • אמן סני שנים : ועם זה וזה יסלח * לכל חטא ועונים : בעמל
ובנביוח	1	0		0	פיוט #81 — הצבעות • בכל יומם ולילה	באצלחות בן פרת • פתורה דחלמה : ובנביוח בן עמרם • קטף כל נשטה :
ויבפת	1	0		0	פיוט #81 — הצבעות • בכל יומם ולילה	ויפיק ניר ברזלה י אמן מעל צוארך : ויבפת כל סן ודבב • מקרמיך
כעלילס	1	0		0	פיוט #81 — הצבעות • בכל יומם ולילה	ותני • • , עלמה *כעלילס־ ן • ט * ,שסר הנרול
שסר	1	0		0	פיוט #81 — הצבעות • בכל יומם ולילה	ותני • • , עלמה *כעלילס־ ן • ט * ,שסר הנרול
רדנח	1	0		0	פיוט #84 — בכל שבתה וכל חלה	ימים החל וכלל : החל בנורה רדנח * ולזה יתורך הממלל : וחסול באדם
פרריסה	1	0		0	פיוט #84 — בכל שבתה וכל חלה	בלבו ונפשו ויצרו יע ד ימטי לרן פרריסה מתקבל : דבה עץ החיים ופירו *
ופירו	1	0		0	פיוט #84 — בכל שבתה וכל חלה	בלבו ונפשו ויצרו יע ד ימטי לרן פרריסה מתקבל : דבה עץ החיים ופירו *
יפומר	1	0		0	פיוט #84 — בכל שבתה וכל חלה	וכן יפומר חיינם בלכס * אתון ובכיכון י * ״רב .וסגיל
רברכו	1	0		0	פיוט #85 — צלות שבת צמות הפסח	רברכו סי אמר לא תנזל : בל דשבת בה יתברך י וכל דטחלל לה יתקטל :
תנזל	1	0		0	פיוט #85 — צלות שבת צמות הפסח	רברכו סי אמר לא תנזל : בל דשבת בה יתברך י וכל דטחלל לה יתקטל :
דטחלל	1	0		0	פיוט #85 — צלות שבת צמות הפסח	רברכו סי אמר לא תנזל : בל דשבת בה יתברך י וכל דטחלל לה יתקטל :
רהורר	1	0		0	פיוט #85 — צלות שבת צמות הפסח	יהוה הו האלהים י רהורר לן ספר קרשו : יהוה הו האלהים * דברך שבתה
ושטרתך	1	0		0	פיוט #85 — צלות שבת צמות הפסח	וילך הלך : ומן חזה בחלטה י אמור ושטרתך בכל אשר תלך : ומן אמרו לו
בזתז	1	0		0	פיוט #87 — והוא קטף הברית	ויתמר זפה ויעש האותות וכהנה שלשה ויתמר נשוי כהלן *בזתז בית
ארונף	1	0		0	פיוט #87 — והוא קטף הברית	רומה ובית טכה ויתמר שירה מן טימר ארונף הרבן אבישע בן פינחס בן
ויהיג	1	0		0	פיוט #88 — צלות שבת צמות הפסח	י אור ויהיג אור :
וייקץ	1	0		0	פיוט #88 — צלות שבת צמות הפסח	מה הוא עליו י וייקץ ולא יהי דמך : ויעמי עובד העבור • דלעלמה כ לך :
האסטרוח	1	0		0	פיוט #88 — צלות שבת צמות הפסח	גלד אריה מן ישום * זאת הדבירות : ולמה היא מתיתבה • בזאת האסטרוח ;
פירות	1	0		0	פיוט #88 — צלות שבת צמות הפסח	מה מדרשי אלא מפרט י מעט מן פירות : עודן עדן מסביה * ולהם
ברורות	1	0		0	פיוט #88 — צלות שבת צמות הפסח	ברורות : מידים חלקים * אל ידים שעירות : והנם מושמים * ולח בארץ
ורקיתוח	1	0		0	פיוט #88 — צלות שבת צמות הפסח	המגדלים * והיך אנון מתבנים : ורקיתוח השעות * והך היו מתמנים : על
ראלביש	1	0		0	פיוט #88 — צלות שבת צמות הפסח	האלה : ראלביש אהלין צלם • להאיר ולמלא * על הארץ ולהמשל • ביום
רדכרנח	1	0		0	פיוט #89 — ובלילה	רשמי * הכוכבים שבעה יע ל תנותון נביע : במגדלי השנים • רדכרנח רבי :
הלבותח	1	0		0	פיוט #89 — ובלילה	הקטן * נלינאתו לאדי ; כי על הלבותח • בין מה לנן שוי : וארש פקדתון י
ושימשה	1	0		0	פיוט #90 — צלות שבת צמות הפסח	ושימשה : שלום יהוה עליו • מספר הפרי והדשא : דפקדן פקודים • בקצת
ומסביר	1	0		0	פיוט #90 — צלות שבת צמות הפסח	ישמשו : ומסביר . דבירו * על עמו יתפרשו : ויקחו ויתנו י איש כופר נפשו :
ורתאואן	1	0		0	פיוט #90 — צלות שבת צמות הפסח	נפתח פתח לדש * נליגאתו ריבן : תרח ירח ניסן * תרח רחמים ורתאואן :
ופצדאן	1	0		0	פיוט #90 — צלות שבת צמות הפסח	תרח ירח אביבה * תרח פרקן ופצדאן : ונעבר ממנו • ואנחנו בחרבן : ונעבד
וסצאן	1	0		0	פיוט #90 — צלות שבת צמות הפסח	וסצאן .ודחבן .אתקרי עומר -גסס .השנינה
רתוחה	1	0		0	פיוט #91 — צלות שבת צמות הפסח	* אדני טלל עלינו * בענני רתוחה : אדני צמת ביננו י ביום אחריתה : ושים זה
אלהנז	1	0		0	פיוט #92 — הנכבד ויתמר ישתבח *לאדונן אבישע	כרישה ובעקבה ובריך אלהנז ויהודי אלה *׳** - י ונברך אז ישר
רההלל	1	0		0	פיוט #92 — הנכבד ויתמר ישתבח *לאדונן אבישע	ועל אחר ההורה יחסר הורה נברך 'הה * *׳ רההלל * ל .בטס ך ז *
דצמוחה	1	0		0	פיוט #93 — צלות שבת צמות הפסח	יום שבתה דצמוחה • אתא בשלם יחלף : לחצה ברוח * הך נשר ירחף : הך
ולקחח	1	0		0	פיוט #93 — צלות שבת צמות הפסח	לנן בון אסקף : זכחן ופקד ותרומה * ולקחח את כסף : צמות בתר בדור •
בהפסד	1	0		0	פיוט #93 — צלות שבת צמות הפסח	וזה בסרן בהפסד • ופסחתי עליכם ולא יהיה נגף : תמטי יתה באיקר * ותאמן
שבתרי	1	0		0	פיוט #93 — צלות שבת צמות הפסח	אמנים : ותעשו זה שבתרי * בשטח ושרכנים ן בעמל הנבי משה דמע
רירי	1	0		0	פיוט #93 — צלות שבת צמות הפסח	המדע והחכמה והבינה פרד זה זבן אבי הכהן פינחס בן רירי הכהן יצחק
מאפיר	1	0		0	פיוט #93 — צלות שבת צמות הפסח	לא מתמאנים : גד מאשר יניד * לעת זבח הקרבנים : בשטח מתנזר מאפיר י
הזמונים	1	0		0	פיוט #93 — צלות שבת צמות הפסח	ויגש * ופניו עבד הסמנים : על כן הוה רכרן מפרש • בין עדת הזמונים : ובו
תחפליט	1	0		0	פיוט #94 — צלות שבת צמות הפסח	וישכילו הקשט * ולא ירעו דעת עליונים : לך ואעיצך מה בו תחפליט י בעולמך
ויוכו	1	0		0	פיוט #94 — צלות שבת צמות הפסח	עמך • ויוכו בהלון כנים : ולא תרחק אתם ממך י ויהיו בך מאמנים : ויתחמו
הששיח	1	0		0	פיוט #94 — צלות שבת צמות הפסח	הששיח : אדני יהוה אן ראית ברב גרל חסדך זכור לנו תפלות אדונן משה
וטנדילו	1	0		0	פיוט #95 — צלות שבת צמות הפסח	דגל בתר דגל * וטנדילו ינידלו : ומן אכה ואזל * נפרש מה ישכילו : מן מובא
ינידלו	1	0		0	פיוט #95 — צלות שבת צמות הפסח	דגל בתר דגל * וטנדילו ינידלו : ומן אכה ואזל * נפרש מה ישכילו : מן מובא
אגלח	1	0		0	פיוט #95 — צלות שבת צמות הפסח	בעובד סימניה י אגלח בגללו : על יד רום גבייה * ויהי כאשר כלו : שרא שרב
ללבילו	1	0		0	פיוט #95 — צלות שבת צמות הפסח	קעם ללבילו : עד יכה אויב * ויהי שם ומשלו: ן למביא תמחים • בכל שבוע £
צפרדעים	1	0		0	פיוט #95 — צלות שבת צמות הפסח	ומן כלולו ; בזה בא צפרדעים י ושרץ היאר ועלו : וניעל מזה למדבר * מה
וקשוריו	1	0		0	פיוט #95 — צלות שבת צמות הפסח	אבדילו ; מדבר חשבן קדש • וקשוריו לא יפלו : * כהנה רבה אשר * בחרו יהוה
אסחבק	1	0		0	פיוט #96 — צלות שבת צמות הפסח	בזה אתקשט • ושימו לך מקלט • ובצדק תשפט וביהוה אסחבק * ועל נסותו
ושובחך	1	0		0	פיוט #96 — צלות שבת צמות הפסח	אתחבק • וחמץ וחזק : ואלה לא תתנשו: • ושובחך חרש וחובך נרש * והטוב
יפיץ	1	0		0	פיוט #96 — צלות שבת צמות הפסח	אפרשו • נדחך יקבץ מכל פאת ארץ ושנאך יפיץ וחהבה יקום באישות
וחהבה	1	0		0	פיוט #96 — צלות שבת צמות הפסח	אפרשו • נדחך יקבץ מכל פאת ארץ ושנאך יפיץ וחהבה יקום באישות
לאבוחך	1	0		0	פיוט #96 — צלות שבת צמות הפסח	אתה בבסרן לירח ניסן ומוערך טבן דבו קרבן תקריב בחרבן לאבוחך
רנביותו	1	0		0	פיוט #96 — צלות שבת צמות הפסח	משה נבינו * רנביותו לעלם נומיקה דאנרה לך תורה • למן רחש ספקה
שטור	1	0		0	פיוט #96 — צלות שבת צמות הפסח	שטור חקותה ונזרה * רטנון דן התקה צפי בקצת כ ' תשא התרומה תשקח
רטנון	1	0		0	פיוט #96 — צלות שבת צמות הפסח	שטור חקותה ונזרה * רטנון דן התקה צפי בקצת כ ' תשא התרומה תשקח
טיתוביתך	1	0		0	פיוט #97 — צלות שבת צמות הפסח	דצטותה * תהי טיתוביתך שחוקה : רבו אתפונגו אבותך ימ ן מצרים נפוקה :
אתפונגו	1	0		0	פיוט #97 — צלות שבת צמות הפסח	דצטותה * תהי טיתוביתך שחוקה : רבו אתפונגו אבותך ימ ן מצרים נפוקה :
יפונג	1	0		0	פיוט #97 — צלות שבת צמות הפסח	וכן יפונג מפיתך * במקרום לך פרוקה : ויסני יהוה פרותה * ורחמיו עליך
חשתבח	1	0		0	פיוט #97 — צלות שבת צמות הפסח	ולעלם תסתנד ולעלם חשתבח ותתחסל הצלוח בטוב וחסר :
דררווחהי	1	0		0	פיוט #98 — צלות לילת חדש הראישון רטשה	בארבע עסר יומין ל ירחה • אקבע ארשה דררווחהי י והזה לילי קצף על פניו •
סנוריון	1	0		0	פיוט #98 — צלות לילת חדש הראישון רטשה	דיאן רדאין אלהין י וקטל סנוריון אקרון • ואלף לטחולה קמיו קרי י כתבין
לטחולה	1	0		0	פיוט #98 — צלות לילת חדש הראישון רטשה	דיאן רדאין אלהין י וקטל סנוריון אקרון • ואלף לטחולה קמיו קרי י כתבין
רכתבין	1	0		0	פיוט #98 — צלות לילת חדש הראישון רטשה	רכתבין באדם :
בטישרי	1	0		0	פיוט #98 — צלות לילת חדש הראישון רטשה	חזי בטישרי * ממרא • מבנלל זכותה ראבררם דרשה * למשה מיכל לבניו
ראבררם	1	0		0	פיוט #98 — צלות לילת חדש הראישון רטשה	חזי בטישרי * ממרא • מבנלל זכותה ראבררם דרשה * למשה מיכל לבניו
דענולה	1	0		0	פיוט #99 — פמיר * ברמשה בארע מצרים	והוו נכסים ורבחים * ברמשה ואבלים ומודים * ואלה אמר דן מרוקה * *דענולה
רכרנה	1	0		0	פיוט #100 — ואלה פסח על בתיון	טרו רכרנה דמסרכון יל א תתנשון יתה לילה * רנפקו בל חילי יהוד . * מן ארע
רנפקו	1	0		0	פיוט #100 — ואלה פסח על בתיון	טרו רכרנה דמסרכון יל א תתנשון יתה לילה * רנפקו בל חילי יהוד . * מן ארע
רבולה	1	0		0	פיוט #100 — ואלה פסח על בתיון	שנאי י רבלוה רבולה ׳ , * . במי * סורי י . ררוחהה
ררוחהה	1	0		0	פיוט #100 — ואלה פסח על בתיון	שנאי י רבלוה רבולה ׳ , * . במי * סורי י . ררוחהה
רפסח	1	0		0	פיוט #101 — צלות לילת חדש הראישוץ רמשה	יומה דפסח אלה על העם * יומה דאתון מתקרין בה • רפסח אלה על בתיון •
בנרול	1	0		0	פיוט #102 — דפסח אלה על בתיון	ויתפנו הכהנים אל הקהל במכתבים ויקדמו ינשקו המכתב בנרול החל
ביוטיביז	1	0		0	פיוט #102 — דפסח אלה על בתיון	ובקטן כלה ויימרו לכהנים מאה שנה ביוטיביז ויתמר **י־
ינזלו	1	0		0	פיוט #102 — דפסח אלה על בתיון	עד יעבר עמך יהוה ינזלו הכהנים אל הטבעית ויחתמו אז ישר
נפשק	1	0		0	פיוט #103 — צלות לילה חדש הראישון רמשה	נפשק מן עקיה ימ ן בעלי הנפשות הקשים' : ובתר זד . אמר אלהיכם * • עני
משתבים	1	0		0	פיוט #103 — צלות לילה חדש הראישון רמשה	בשנה משתבים * *מה דבתוכו שמעו : לכם מן הבשביםג * ומן העזים תקתו :
הבשביםג	1	0		0	פיוט #103 — צלות לילה חדש הראישון רמשה	בשנה משתבים * *מה דבתוכו שמעו : לכם מן הבשביםג * ומן העזים תקתו :
דאסניל	1	0		0	פיוט #103 — צלות לילה חדש הראישון רמשה	יהוה הו האלהים יחש הירושים : י ״ ה ״ ה ״ דאסניל לבני שם : י ה ד
דאסנלון	1	0		0	פיוט #103 — צלות לילה חדש הראישון רמשה	לאלה דשם עדתו על כל העמים עליונה : לאלה דאסנלון במועדים לון
רערק	1	0		0	פיוט #103 — צלות לילה חדש הראישון רמשה	הגבעים : ויעקב הנדור * בליל המצחים , * : *ויוסף הפתור * י רערק מן הזנאים :
ידידזה	1	0		0	פיוט #103 — צלות לילה חדש הראישון רמשה	רמי להלפיה ■הפוצאים ׳ י קרש * .ידידזה *
טתנבים	1	0		0	פיוט #104 — צלות לילת חדש הראישון רמשה	בעמל שנים גברו • אנון שנים אחים טתנבים :
וירביעליכון	1	0		0	פיוט #104 — צלות לילת חדש הראישון רמשה	שלומים • אמנים *מן הקצף : ולכם ישע ויושיע • וירביעליכון הזהב והכסף :
תצטמתו	1	0		0	פיוט #104 — צלות לילת חדש הראישון רמשה	תתוזף עליכון טבהתו • ויעלי לרכון המכון : וכל שנה במכתב אבישע • תצטמתו
בסוניבם	1	0		0	פיוט #105 — יעמר אתריכון ן וחתמת מימרי • כן ירתי חייכון	* ■למקוממיה .מכל קצף * ■בסוניבם * * .אל פורה
חידנו	1	0		0	פיוט #106 — צלות לילת חדש הראישון רמשה	היכולה : דנבא למשה נבינו * ולפרות ישראל אתו שלח : מן יד שנאו חידנו •
וצפרדעים	1	0		0	פיוט #106 — צלות לילת חדש הראישון רמשה	בפליאן וסימנים נדלה : בתנין ורם וצפרדעים בונו * ובתי מצרים ממו מלא :
אזמגו	1	0		0	פיוט #106 — צלות לילת חדש הראישון רמשה	וכנים וערב אזמגו * *ומקנה ושחין לון חלא : וברד והארבה אכל מזונו *
ראסגלן	1	0		0	פיוט #106 — צלות לילת חדש הראישון רמשה	אנשים : י ״ ה ״ ה דהציל עמו מיר מי פניון כושים : י ר. ה ראסגלן בזבנים
דאסנלן	1	0		0	פיוט #107 — חדש הזה לכם ראש חרשים	פרקנה : לאלה דאושט על ידו קרש כל אלפנה : לאלה דאסנלן במשמר
אברז	1	0		0	פיוט #108 — צלות לילת חדש הראישון רטשה	אברז בשם האלהים • הצדיק והישר : ואתפלל בזכאים מלוים • דגלנון יתר :
הטשרוים	1	0		0	פיוט #108 — צלות לילת חדש הראישון רטשה	הטשרוים * וישב יצחק בגרר : ומי הזה המלאכים נעתים ועלוים ־ * ויקץ
טשמעוים	1	0		0	פיוט #108 — צלות לילת חדש הראישון רטשה	דלפניו עבר : בהם צבעתך תהי טשמעוים * בכל רמש וצפר :
רשמש	1	0		0	פיוט #108 — צלות לילת חדש הראישון רטשה	אלהי אקר הנהנה * אריק תלים משה : רשמש במשכנה * ואקטיר ריח
יזבר	1	0		0	פיוט #108 — צלות לילת חדש הראישון רטשה	נהנתה לקח : בהם בריתון לך יזבר * ורחמיו עליך יריקה : דרוח לך מכל
וטיייד	1	0		0	פיוט #108 — צלות לילת חדש הראישון רטשה	ישטי * וטיייד ימתיקה : ובטל רחמיו לך יכמר • ואוצרו בפניך יבקע : בעמל
הסתוקר	1	0		0	פיוט #108 — צלות לילת חדש הראישון רטשה	אברהם ויצחק הסתוקר • ויעקב דבף ירבו תקע : ויוסף דלחלמים פתר • ומשה
דבף	1	0		0	פיוט #108 — צלות לילת חדש הראישון רטשה	אברהם ויצחק הסתוקר • ויעקב דבף ירבו תקע : ויוסף דלחלמים פתר • ומשה
ררעות	1	0		0	פיוט #108 — צלות לילת חדש הראישון רטשה	מידי שנאו ודבבו • דקשו נפשון ; ררעות לישראל חשבו * והם שרו
וששח	1	0		0	פיוט #108 — צלות לילת חדש הראישון רטשה	עליכון בשמח וששח : ותראו אמן בו • פצות ורוח מתחדשון : ותפרו ותשרצו
ובאהק	1	0		0	פיוט #108 — צלות לילת חדש הראישון רטשה	וביוסף ומשה אהבו * ובאהק ובניו דאקדשון : ובקדוש שמו ובטובו * מכל
תתנפשק	1	0		0	פיוט #108 — צלות לילת חדש הראישון רטשה	עקה תתנפשק :
ערר	1	0		0	פיוט #108 — צלות לילת חדש הראישון רטשה	ואשול מכם אה סדרי • תפשטו ערר עברבק : יצחק דמן כהנה אקרי * שמש
עברבק	1	0		0	פיוט #108 — צלות לילת חדש הראישון רטשה	ואשול מכם אה סדרי • תפשטו ערר עברבק : יצחק דמן כהנה אקרי * שמש
סמיכק	1	0		0	פיוט #108 — צלות לילת חדש הראישון רטשה	מכתב אבישע סמיכק : כי מדרשי מן מרי * יסני מספריכח : בעמל אברהם
מספריכח	1	0		0	פיוט #108 — צלות לילת חדש הראישון רטשה	מכתב אבישע סמיכק : כי מדרשי מן מרי * יסני מספריכח : בעמל אברהם
אביכק	1	0		0	פיוט #108 — צלות לילת חדש הראישון רטשה	ויצחק התרי י ויעקב אביכק : ויוסף ומשה העברי • והמשחים כתניבון : ובקדוש
כתניבון	1	0		0	פיוט #108 — צלות לילת חדש הראישון רטשה	ויצחק התרי י ויעקב אביכק : ויוסף ומשה העברי • והמשחים כתניבון : ובקדוש
פח	1	0		0	פיוט #109 — גלות לילה חדש הראישון רמשה	והבינה פח ־ זה זבן אבי הכהן פינחס בן םהב י הכהן יצחק בן שלמר
שלמר	1	0		0	פיוט #109 — גלות לילה חדש הראישון רמשה	והבינה פח ־ זה זבן אבי הכהן פינחס בן םהב י הכהן יצחק בן שלמר
נמילו	1	0		0	פיוט #109 — גלות לילה חדש הראישון רמשה	הלב נמילו : ער תתורך לכם חייה * ותפרו ותרבו ותגדלו : טובי שמור התורה •
בנויס	1	0		0	פיוט #109 — גלות לילה חדש הראישון רמשה	לק בסלו : ומשלת בנויס רבים י ובך לא ימשלו :
מרקדקה	1	0		0	פיוט #109 — גלות לילה חדש הראישון רמשה	תורה * כבדה צדיקה : בכל גויה אמרה * אן היא מן פם אלה מרקדקה : ומן
בכתביק	1	0		0	פיוט #109 — גלות לילה חדש הראישון רמשה	עשקה : ובחזותי חזית י בכתביק מתשקח : כי התורה דבידן האטת * ודברה
ראלסך	1	0		0	פיוט #109 — גלות לילה חדש הראישון רמשה	ראלסך ז *
המתיקה	1	0		0	פיוט #110 — צלות לילה חדש הראישוץ רמשה	הא ריקה : והפמים המרדים * ינברו טעם המים המתיקה : לא יבנע לבבם
יבנע	1	0		0	פיוט #110 — צלות לילה חדש הראישוץ רמשה	הא ריקה : והפמים המרדים * ינברו טעם המים המתיקה : לא יבנע לבבם
נאצך	1	0		0	פיוט #110 — צלות לילה חדש הראישוץ רמשה	שמע מני אעיציך יע ם יהוה רפני קעמו : לא תחשבני נאצך * ולא לך מן
הזידטו	1	0		0	פיוט #110 — צלות לילה חדש הראישוץ רמשה	הזידטו : אבל מן מאהבותי בך * שמעתיך דן הפתנמו : בחייך דני מחשבך *
ברור	1	0		0	פיוט #110 — צלות לילה חדש הראישוץ רמשה	והדבק באלהיך ורוממו : אולי יקבץ נדחך • ברור אחיך ראתרמו : בארץ
ראתרמו	1	0		0	פיוט #110 — צלות לילה חדש הראישוץ רמשה	והדבק באלהיך ורוממו : אולי יקבץ נדחך • ברור אחיך ראתרמו : בארץ
יזדרמו	1	0		0	פיוט #110 — צלות לילה חדש הראישוץ רמשה	אחרית בשמעך • ועמך בהרנריזים יזדרמו : ותזבחו זביח צדק ויפסח * עליבון
ינחצך	1	0		0	פיוט #110 — צלות לילה חדש הראישוץ רמשה	במקומו : ולא יוכל רבב ינחצך * וחרר בבטח ושלמו ן תמצא בל אשר לך
דטבהחה	1	0		0	פיוט #110 — צלות לילה חדש הראישוץ רמשה	יסכמו : מוראה לאלה מוראה לאלה • דלית שם כשמו : דטבהחה נדלה • ולית
רפשר	1	0		0	פיוט #110 — צלות לילה חדש הראישוץ רמשה	לדבבכם : לאלה רפשר אתכם מן צרותיכם : לאלה אשר אפרש השמח בדן
צרותיכם	1	0		0	פיוט #110 — צלות לילה חדש הראישוץ רמשה	לדבבכם : לאלה רפשר אתכם מן צרותיכם : לאלה אשר אפרש השמח בדן
ארצטה	1	0		0	פיוט #111 — צלות לילת חדש הראישון רמשה	אלהי אהרן ובניו י צבעת עטך שמע : ורחטו וחנניו ־ והרחיב לו ארצטה :
תשחיח	1	0		0	פיוט #111 — צלות לילת חדש הראישון רמשה	כיאמה : אל תשחיח עמך ונחלתך • בעלי הקיאטה : וחרד עמון בריתך * הטרם
הקיאטה	1	0		0	פיוט #111 — צלות לילת חדש הראישון רמשה	כיאמה : אל תשחיח עמך ונחלתך • בעלי הקיאטה : וחרד עמון בריתך * הטרם
ואחנברו	1	0		0	פיוט #111 — צלות לילת חדש הראישון רמשה	מאבדון יתמה : אבדנו כלנו אברנו • מן נכרים והעלמה : ואחנברו עלינו
שטטה	1	0		0	פיוט #111 — צלות לילת חדש הראישון רמשה	רבבנו * ואחרינו שטטה : ועד טתי אה מרן * רבות אהן הנקמה : בבריתך
דטבתר	1	0		0	פיוט #111 — צלות לילת חדש הראישון רמשה	דברן י ושם לדתך קוממה : ודכר דברך למשה י דטבתר וכל העם שמע * :
טלטלה	1	0		0	פיוט #111 — צלות לילת חדש הראישון רמשה	ובטובאו ברצונך אישי • ופנותה תצא * טלטלה : ויקום מימרך ההוא * נביא
ומשטרו	1	0		0	פיוט #111 — צלות לילת חדש הראישון רמשה	קשטה ומשטרו • ביסודים לא תכרית : על ארך ורחב המרמים • ברב תבונה
הבוננית	1	0		0	פיוט #111 — צלות לילת חדש הראישון רמשה	צדיקה • וטובות מוקרית : ועני תפקח • ותנתן לו הבוננית : בי משטרו ולאף •
משטרו	1	0		0	פיוט #111 — צלות לילת חדש הראישון רמשה	צדיקה • וטובות מוקרית : ועני תפקח • ותנתן לו הבוננית : בי משטרו ולאף •
והברבים	1	0		0	פיוט #111 — צלות לילת חדש הראישון רמשה	ודמי שרתו נדלה * והברבים עליו תת : ומי אשר חטא לאלה * לא ישמר אן
ימנבם	1	0		0	פיוט #111 — צלות לילת חדש הראישון רמשה	לא עם נבל ולא ארור • ולא מענן ולא מכשפית : אלה ימנבם על האמת • וחונו
והששוני	1	0		0	פיוט #111 — צלות לילת חדש הראישון רמשה	כי הוא תרח הנפוש * ופתח השמחות והששוני : ובו הרצון ננוש * ופנותה בו
ראישק	1	0		0	פיוט #111 — צלות לילת חדש הראישון רמשה	תפני : ובו קם משבנה * וכן יקום בו שני : ראישק הוא לכם לחדשי דישנה *
יננוהה	1	0		0	פיוט #111 — צלות לילת חדש הראישון רמשה	יננוהה
הזידני	1	0		0	פיוט #112 — צלות לילת חדש הראישון רמשה	יומי רחותה אתלת • והנפוש מן הזידני : ובו הקיאמות אתקסרת • והוה ריש
אתקסרת	1	0		0	פיוט #112 — צלות לילת חדש הראישון רמשה	יומי רחותה אתלת • והנפוש מן הזידני : ובו הקיאמות אתקסרת • והוה ריש
אבותימץ	1	0		0	פיוט #112 — צלות לילת חדש הראישון רמשה	וכן יתעבד לוכון * אה קהל זימוני : ותירשו ארץ אבותימץ • כאשר בתחלה
ותכפח	1	0		0	פיוט #112 — צלות לילת חדש הראישון רמשה	ותכפח איביך קדמיך * ותרכב כסא שלטני:ון והעמים יקראו ההרך • ועמך
רוחיבון	1	0		0	פיוט #112 — צלות לילת חדש הראישון רמשה	רוחיבון : אהבי הקשטת אתם * יהוה יפרי פחתיבון : והדבבים יזה במיזלותם •
פחתיבון	1	0		0	פיוט #112 — צלות לילת חדש הראישון רמשה	רוחיבון : אהבי הקשטת אתם * יהוה יפרי פחתיבון : והדבבים יזה במיזלותם •
טנעריכון	1	0		0	פיוט #112 — צלות לילת חדש הראישון רמשה	אה סדר ישראל • רבי יעמר אתריכון : וישם לבם שלום י טנעריכון ועד
בעבוריבון	1	0		0	פיוט #112 — צלות לילת חדש הראישון רמשה	ובניו שרתים לבניכון : מתפלל לאלה בעבוריבון • אן ירבי מספריבון : פינחס
מספריבון	1	0		0	פיוט #112 — צלות לילת חדש הראישון רמשה	ובניו שרתים לבניכון : מתפלל לאלה בעבוריבון • אן ירבי מספריבון : פינחס
אתהז	1	0		0	פיוט #113 — צלוה לילת חדש הראישון רמשה	י . רסקו מן הטבעת לגו בשעבוד א * ב • נ • ר * ה * ו • ז ■ ויתמר אתהז כתבה רבה
תטאותינו	1	0		0	פיוט #114 — קטף הזכאים	משה עבדך אל תפן אל קשה נו ואל רשענו ואל תטאותינו אנחנו הרשעים
בזנרונם	1	0		0	פיוט #114 — קטף הזכאים	שבוני מערת המכפלה דכל צלות בשמון מתקבלת בזנרונם אה אלהיהם
שטעון	1	0		0	פיוט #114 — קטף הזכאים	* שטעון ותניו , * ״״ ־ ויתהלל , . * *,* כי בשם ושמע ישראל
מנוכח	1	0		0	פיוט #114 — קטף הזכאים	חסר ואמת י״ענ , , * ג. אלה יקבל מנוכח
עליכרן	1	0		0	פיוט #114 — קטף הזכאים	נ ז ריש ירד . מברך עליכרן כע ועליך יסי יהוה לא יכרת לישראל אמבות אמן ;
כע	1	0		0	פיוט #114 — קטף הזכאים	נ ז ריש ירד . מברך עליכרן כע ועליך יסי יהוה לא יכרת לישראל אמבות אמן ;
סנולי	1	0		0	פיוט #116 — ישתבח	חילה דבחר אדם • מבל הבתים : ובחר מן זרעו ישראל * סנולי העמים
רכלד	1	0		0	פיוט #116 — ישתבח	רכלד . ומרקד . אתהו אלהנן והב לן משבחה וישתבח :
דטיט	1	0		0	פיוט #116 — ישתבח	דטיט בומרקה הבו תשבתתה ואתהו רחמנה וישתבח דשמה אל אמונה :
ראסניל	1	0		0	פיוט #116 — ישתבח	חילה ראסניל ואפרש עמו ישראל • והצילון מיד מי לון שנא : על יד נבי
שנד	1	0		0	פיוט #119 — כותה וטרקה אחהו עבורה דעלמה וטובינן ואלהים קמאה וישתבח	שה חמים זכר בן שנד , יהיה לכם : מן הכשבים ומן העזים חקחו :
יאישונר	1	0		0	פיוט #120 — רב אלה וכי בשם וישרו אלקטף	יאישונר , יסעו ויכהן אלעזי וגו
אלעזי	1	0		0	פיוט #120 — רב אלה וכי בשם וישרו אלקטף	יאישונר , יסעו ויכהן אלעזי וגו
אסנלתנו	1	0		0	פיוט #120 — רב אלה וכי בשם וישרו אלקטף	על יד אדונן משה נבינו • ובראשי חדשים אסנלתנו • בחשבן צדיק צויתנו י
ומקרודנו	1	0		0	פיוט #120 — רב אלה וכי בשם וישרו אלקטף	עזים לחטאת * זח ברח ותה • ובזאת הימים צלותינו ומקרודנו ותפלותינו תחת
ותפלותינו	1	0		0	פיוט #120 — רב אלה וכי בשם וישרו אלקטף	עזים לחטאת * זח ברח ותה • ובזאת הימים צלותינו ומקרודנו ותפלותינו תחת
שובתיגו	1	0		0	פיוט #121 — צלות ירם חדש הראישון צפרה	*ישועתך קויתי * יהוה אלהים * * לנו מן פנותה הושיט * וקבל שובתיגו :
ברזנרי	1	0		0	פיוט #123 — צלות יום חדש הראישון צפרה	״ .־ ויתמר ברזנרי שלשה ויתהלל ובריך אלהנו ויהוה אלה - ונברך
רסשה	1	0		0	פיוט #123 — צלות יום חדש הראישון צפרה	והמוסף בה כמה מתקדם רסשה ואלהי אברהם לך נברך ואז ישר
חירח	1	0		0	פיוט #124 — אלהים רחמנה ואחר הוא יהודי הנכבר וישתבח	טובך תתפלל בתפלותו : להתמיד ביחראותו : דצמת בחכמתו : בין חירח
עקחה	1	0		0	פיוט #125 — החרש בחדשו לחרשי השנה	ברתוחך עמי לחצן ולא תעביר על עקחה אבהן ובנים מתחנן למלכותך מרי
דטיטב	1	0		0	פיוט #126 — צלוי ת יום חדש הראישון צפרה אן אתא בשבת	ויתמר יתהלל , . ויתמר דראן טבה דטיטב ומרקה הבו
קעיטד	1	0		0	פיוט #127 — ואלהים קמאה וישתבח	אלה ים קעיטד . ואלהים יחידאי ויתמר ישתבח
אפשיט	1	0		0	פיוט #129 — צלות יום חדש הראישון אן אתא בשבת	אלהי מן בגדיו באהב מרו אפשיט • ולכל הארצות השביר ועביט • ויוסף הוא
ועביט	1	0		0	פיוט #129 — צלות יום חדש הראישון אן אתא בשבת	אלהי מן בגדיו באהב מרו אפשיט • ולכל הארצות השביר ועביט • ויוסף הוא
ושסך	1	0		0	פיוט #131 — צלות יום חדש הראישון אן אתא בשבת	ושסך עם קדש : ואסנלך בארבע אקרים • בל אקר לו שרש : מכתב וגבי
סתפתרים	1	0		0	פיוט #131 — צלות יום חדש הראישון אן אתא בשבת	לחרשי השנה י ולו שמות תתפרש : ובו סורים סתפתרים יב ל סוד ולו שרש :
עש	1	0		0	פיוט #131 — צלות יום חדש הראישון אן אתא בשבת	עש : ר וכל ישראל אל * מקום הסהרה יתכנש : ותקום רחותה ביום ההוא *
ובדקטים	1	0		0	פיוט #131 — צלות יום חדש הראישון אן אתא בשבת	ובדקטים יתחדש : מוסף קרבן הפסח * ותיכלו צלי אש : על מצות ומרורים ׳
אזכירו	1	0		0	פיוט #131 — צלות יום חדש הראישון אן אתא בשבת	המימר בזה ס: י * בעורן זה העדן נימרו : כי בזה חדש חים * רבים אזכירו :
אתטסרו	1	0		0	פיוט #131 — צלות יום חדש הראישון אן אתא בשבת	חדש האביב * בו מופתים אתטסרו : .ומות בבורים ומגיפות • בכל בית צררו :
וחררש	1	0		0	פיוט #131 — צלות יום חדש הראישון אן אתא בשבת	תשמרו : ותפש מה בידך מן אימנות משה • תמטי בל מסברו : * וחררש מרךג
מרךג	1	0		0	פיוט #131 — צלות יום חדש הראישון אן אתא בשבת	תשמרו : ותפש מה בידך מן אימנות משה • תמטי בל מסברו : * וחררש מרךג
בנציח	1	0		0	פיוט #131 — צלות יום חדש הראישון אן אתא בשבת	תמיד • בכל עת בנציח : אולי יקבלך י וישם לך פשרו : ושביבון טבין מן
דאסתררו	1	0		0	פיוט #131 — צלות יום חדש הראישון אן אתא בשבת	אלה * סדרה דאסתררו : ותנים יומה חדים * מאה שנה באיקרו :
ועקובתו	1	0		0	פיוט #131 — צלות יום חדש הראישון אן אתא בשבת	יום השביעי קרש * ועקובתו רמה : מן רישה ועד עקבה י והוא קדש
יצמטו	1	0		0	פיוט #131 — צלות יום חדש הראישון אן אתא בשבת	קעמה : ויוטיה 'בתשמישותו * הך צבאות ריאמה : יצמטו מה יצרך אליו י
משתוחה	1	0		0	פיוט #131 — צלות יום חדש הראישון אן אתא בשבת	מן משתוחה ולחמה : סניל בקדישותו * מן יומה דאשתמה : ושמירות קדשו *
ושמירות	1	0		0	פיוט #131 — צלות יום חדש הראישון אן אתא בשבת	מן משתוחה ולחמה : סניל בקדישותו * מן יומה דאשתמה : ושמירות קדשו *
סהבדי	1	0		0	פיוט #131 — צלות יום חדש הראישון אן אתא בשבת	קעמה : ותעשו יתד . בשמח * ושדכה ושלמה : ואתון שלומים מכל רע • סהבדי
ויאמנבון	1	0		0	פיוט #132 — צלות יום הדש הראישון אן אתא בשבת	ז תדרשו : ויקבל יהוה מכם * טמו מה תבלשו : *ויאמנבון ממה תיראו *
חייבוך	1	0		0	פיוט #132 — צלות יום הדש הראישון אן אתא בשבת	תעשו מועדיכם י בעמל משה אישו : *וישמר יהוד . חייבוך * ומן טובו לא
אחכנשו	1	0		0	פיוט #132 — צלות יום הדש הראישון אן אתא בשבת	תמושו : ושביכון טבין מן אלה י מי אנה אחכנשו :
ויחנוז	1	0		0	פיוט #132 — צלות יום הדש הראישון אן אתא בשבת	ויתמר נברך והמוסף בה ויתמר אלה ' אברהם לך נברך ואז ישר ויחנוז אל
אייק	1	0		0	פיוט #132 — צלות יום הדש הראישון אן אתא בשבת	מחרון אפך ושמע ישראל ויתמר מן אייק עלינן מרו , *
בינידיהיויזיליעירישיח	1	0		0	פיוט #132 — צלות יום הדש הראישון אן אתא בשבת	א־בינידיהיויזיליעירישיח * וילבו וינחו בני ישראל מן העברה
בזמירות	1	0		0	פיוט #132 — צלות יום הדש הראישון אן אתא בשבת	בזמירות ורוממו :
יהוזז	1	0		0	פיוט #132 — צלות יום הדש הראישון אן אתא בשבת	י י נ .הרב אשר י בחרו יהוזז וקרשו : יאריך אלה בחייו ולא יומסי בחרו ועושו ; ויפזמר וגו
יומסי	1	0		0	פיוט #132 — צלות יום הדש הראישון אן אתא בשבת	י י נ .הרב אשר י בחרו יהוזז וקרשו : יאריך אלה בחייו ולא יומסי בחרו ועושו ; ויפזמר וגו
ועושו	1	0		0	פיוט #132 — צלות יום הדש הראישון אן אתא בשבת	י י נ .הרב אשר י בחרו יהוזז וקרשו : יאריך אלה בחייו ולא יומסי בחרו ועושו ; ויפזמר וגו
ויפזמר	1	0		0	פיוט #132 — צלות יום הדש הראישון אן אתא בשבת	י י נ .הרב אשר י בחרו יהוזז וקרשו : יאריך אלה בחייו ולא יומסי בחרו ועושו ; ויפזמר וגו
מזס	1	0		0	פיוט #132 — צלות יום הדש הראישון אן אתא בשבת	יהכים יום וב ״ אל ״ * .אה כץ .יק ישמר חייבם כלרס .מזס
להרנריויס	1	0		0	פיוט #132 — צלות יום הדש הראישון אן אתא בשבת	ם:יו וקרא יהרה י הוה אל רחום והנון הלח לעמך ישראל הסגורים להרנריויס אמר סריה יהוזץ *
יהוזץ	1	0		0	פיוט #132 — צלות יום הדש הראישון אן אתא בשבת	ם:יו וקרא יהרה י הוה אל רחום והנון הלח לעמך ישראל הסגורים להרנריויס אמר סריה יהוזץ *
והרגרידם	1	0		0	פיוט #133 — צלות יום חדש הראישון אן אתא בשבת	באלפנה : א לפן קדש מתיריאם י והרגרידם ומשבנה : על יד בני עמרם • משה
אננדם	1	0		0	פיוט #133 — צלות יום חדש הראישון אן אתא בשבת	ואהק כהנה : אשר הוציאו על ירם • מידי כל שנא : במופתים אננדם * למות
בספיכס	1	0		0	פיוט #133 — צלות יום חדש הראישון אן אתא בשבת	כל זירנה : בחדש הזה ופקדם • בעשות קרבנה : ואמר בספיכס • לנגלאית
המגיב	1	0		0	פיוט #134 — לחדש הזה	לאלה המרות המיטיב : לאלה היהוב היצוב המגיב : לאלה דשלח משה
במנרל	1	0		0	פיוט #134 — לחדש הזה	בתורה ומה לגוה כתיב : לאלה דצמת בין הירח והשמש במנרל כמה אתחשב :
משטר	1	0		0	פיוט #135 — צלית יו □ חדש הראישון אן אהא בשבת	ירחק אתך : ויסערך על משטר * זבני אמנותך : בכל פקוד ונזר * על פי
חבוטה	1	0		0	פיוט #135 — צלית יו □ חדש הראישון אן אהא בשבת	כנות כשית : שלשה זבנים לו צמר ־ ולון חבוטה לצמיתית : וכמה במעלה
דכק	1	0		0	פיוט #135 — צלית יו □ חדש הראישון אן אהא בשבת	וישבת דכק רבביכם * וחמס משפטון יכפית : ויקים מיטרו בששי • בעשור
ממצאבם	1	0		0	פיוט #135 — צלית יו □ חדש הראישון אן אהא בשבת	ויהי אתכם וירבנוכון ; ויותיר ממצאבם * לעולם בקיאם אלפניכון ן ומוער
ומוער	1	0		0	פיוט #135 — צלית יו □ חדש הראישון אן אהא בשבת	ויהי אתכם וירבנוכון ; ויותיר ממצאבם * לעולם בקיאם אלפניכון ן ומוער
תפשסו	1	0		0	פיוט #135 — צלית יו □ חדש הראישון אן אהא בשבת	ופינחס כהניבון : ובעמל רמע כל הבשר • ארונן משה נביכו ; : ואשול תפשסו
נרל	1	0		0	פיוט #136 — מימרי * כן ירוד חיינון	בשם יהוה אקרא ־ והבו נרל לאלהינו :
חורוחך	1	0		0	פיוט #136 — מימרי * כן ירוד חיינון	בך נאמן תמיר * ונמות על חורוחך : ובנביך משר , * עבדך ובן ביתך : ובכהנים
שכושי	1	0		0	פיוט #136 — מימרי * כן ירוד חיינון	המשהים י שכושי קדישותך : ובהרנריזים הקרוש • ביתך והר נחלתך :
ישתחוו	1	0		0	פיוט #137 — צלות יום חדש הראישון אז אתא בשבת	ישתחוו לך • אה משה אה משה :
ברכאחו	1	0		0	פיוט #138 — וקדש : בחדש הראישון * בארבעה עשר יום לחרש	פינחס • דמע המימנים : מן ברכאחו ישיב עלינף * ועליכון אה זימונים :
עלינף	1	0		0	פיוט #138 — וקדש : בחדש הראישון * בארבעה עשר יום לחרש	פינחס • דמע המימנים : מן ברכאחו ישיב עלינף * ועליכון אה זימונים :
הסשיירים	1	0		0	פיוט #139 — צלות יום הדש הראישון אן אתא בשבת	□הבי יוסף • זה הסשיירים ; בחייבו לא תסבו עליו * בזאת המימרים :
בחייבו	1	0		0	פיוט #139 — צלות יום הדש הראישון אן אתא בשבת	□הבי יוסף • זה הסשיירים ; בחייבו לא תסבו עליו * בזאת המימרים :
תעשונר	1	0		0	פיוט #139 — צלות יום הדש הראישון אן אתא בשבת	תנים יומה תנים י מאה שנה אה זימונים ; תנים יומה תנים * תעשונר. סני
אתנלג	1	0		0	פיוט #139 — צלות יום הדש הראישון אן אתא בשבת	גלוג עלמה המדע * גלו נ מור נצנץ • על מן אתנלג בו • ובפאתיו* אתפרק :
אחקבץ	1	0		0	פיוט #139 — צלות יום הדש הראישון אן אתא בשבת	וחשק למימריו * ועורי כן חפץ : מלי הנבי בתורה * ומה בו* אחקבץ :
האלזזים	1	0		0	פיוט #139 — צלות יום הדש הראישון אן אתא בשבת	יתן לך האלזזים מטל השמים * ומשמני הארץ :
רכרנו	1	0		0	פיוט #139 — צלות יום הדש הראישון אן אתא בשבת	אשר על רכרנו יק ם דמים בניאני : ועל זכרון מופתיו י דבאו על כל
ולרביע	1	0		0	פיוט #139 — צלות יום הדש הראישון אן אתא בשבת	ולרביע .ובכל פאתי .החכמה ,כבספהי ־ לאוי
חיקו	1	0		0	פיוט #140 — צלות יום חדש הראישון אן אתא בשבת	חיקו * ובחר אהן דברה : ויאמר יהוה אל אהרן • לך לקראת משה
ראהבו	1	0		0	פיוט #140 — צלות יום חדש הראישון אן אתא בשבת	ראהבו : ובי ראה את ענים * ויקרו וישתחוו :
למנוז	1	0		0	פיוט #140 — צלות יום חדש הראישון אן אתא בשבת	זרח משה וזח *למנוז • על מצרים הכפויים : ופרט המופתים * על פי מרן
תכ	1	0		0	פיוט #140 — צלות יום חדש הראישון אן אתא בשבת	והשחין והברד • לארם והזרע צררים : והארבה אכל יא תכ ל הנשארים :
עקובת	1	0		0	פיוט #140 — צלות יום חדש הראישון אן אתא בשבת	מה רב עקובת זה החדש * ומה רב העובדה : ריתעבד בו לבם * אה העם
ריתעבד	1	0		0	פיוט #140 — צלות יום חדש הראישון אן אתא בשבת	מה רב עקובת זה החדש * ומה רב העובדה : ריתעבד בו לבם * אה העם
ואנישון	1	0		0	פיוט #141 — התקה * הזאת למועדה	נסע רוח מאת יהודי * ונשא את עטו ואנישון : שפתי ים סוף • והמצרים
ולהדבב	1	0		0	פיוט #141 — התקה * הזאת למועדה	סמן מעבר ים סוף • לישראל והרו : נאלה להם הוה * ולהדבב אש כקש
הכנוורים	1	0		0	פיוט #141 — התקה * הזאת למועדה	ממצרי □ גר י ,ולזרע *על הכנוורים יבוזזסוחם
יבוזזסוחם	1	0		0	פיוט #141 — התקה * הזאת למועדה	ממצרי □ גר י ,ולזרע *על הכנוורים יבוזזסוחם
סשו	1	0		0	פיוט #141 — התקה * הזאת למועדה	סשו .אל ■ ננ .היום ראי □ להם לרב ״ ג .אל שפת
אתננדו	1	0		0	פיוט #141 — התקה * הזאת למועדה	מזה ומזה אתננדו : וצאו מנה שלומים ־ ורבבון *אבירו : ובנדבות כמו' *
חכידות	1	0		0	פיוט #141 — התקה * הזאת למועדה	חכידות : שני לנו בן עסרם ־ בנזרים ופקודות : ואנרה לנו חודה * ושני
ראתטי	1	0		0	פיוט #141 — התקה * הזאת למועדה	לוחות הערות : שלום יהוה עליו * טן פממים כברות : ראתטי ברילו *
טטללה	1	0		0	פיוט #141 — התקה * הזאת למועדה	במועדיו • ואת החקים האלה : תעשה אתם בשמח • ורתות טטללה :
כעושרה	1	0		0	פיוט #142 — עשר יום לחרש : בי ; הערבים פסח ליהוד	הנבדות .כל מלה .רוו .בז אשהמרו כעושרה יכמר
ררב	1	0		0	פיוט #142 — עשר יום לחרש : בי ; הערבים פסח ליהוד	י ררב לך בו £לא ,רשם גו לך שאלה ד .לך בו .בגלל ג
אלקמף	1	0		0	פיוט #143 — צלות יום חדש הראישון אץ אתא בשבת	ג החדש הזה לכם * * וישרו ״״ ס אלקמף . ן
ויימח	1	0		0	פיוט #143 — צלות יום חדש הראישון אץ אתא בשבת	אל הקהל וינשקו המכתבים בנדול החל ובקטן כלה ויימח לנהנים מאה
ביומיבם	1	0		0	פיוט #143 — צלות יום חדש הראישון אץ אתא בשבת	שנה ביומיבם יפי ' עד יעבר עמך יהוה יתפנו הנהנים אל המזבח
הסנודות	1	0		0	פיוט #144 — צלית ידם חדש הר אישון אן אתא בשבת	הסנודות ששה *
לסורע	1	0		0	פיוט #144 — צלית ידם חדש הר אישון אן אתא בשבת	מרע • עד ידע • במודע * לסורע ־ אן תדע • בדעות הקרש :
ויסתגר	1	0		0	פיוט #146 — מועדי יהוה אשר תקראו אתם מקראי קרש	החי הפרד • הקדם הכבד • הרב המכבד • הקרוב התמיר י 'דתורי ויסתגר *
עוברו	1	0		0	פיוט #147 — צלות יום חדש הראישון אז אתא בשבת	סה טב עוברו ־ ומה רם כבודו ־ ומדי תם חסרו * ומה רב 'חסרו * דעלינו
אורירו	1	0		0	פיוט #147 — צלות יום חדש הראישון אז אתא בשבת	אורירו • מוראה לו לבדו * ניסר ברביות לענה :
ואסנלנן	1	0		0	פיוט #147 — צלות יום חדש הראישון אז אתא בשבת	על מה יהבנן • ובו אה בג ן * וקדשנן • ואסנלנן * ועם קרע •טמנן ־ ודת מעה
נעמענר	1	0		0	פיוט #147 — צלות יום חדש הראישון אז אתא בשבת	חכמנן • נעמענר . ונעשנה :
בחעבן	1	0		0	פיוט #147 — צלות יום חדש הראישון אז אתא בשבת	בחעבן מתנטר * ם ; הבייה משתמר * מן אב הבער * אל נח אל שם אל
חעבנה	1	0		0	פיוט #147 — צלות יום חדש הראישון אז אתא בשבת	עבר * לירושי היער • לזרע בעל הנדר • מואקם חעבנה *
אוריד	1	0		0	פיוט #147 — צלות יום חדש הראישון אז אתא בשבת	ועשה הך דאדפקר י וליד עמו אוריד ־ מה על ידו אורד י וצוהון בטבבד *
בטבבד	1	0		0	פיוט #147 — צלות יום חדש הראישון אז אתא בשבת	ועשה הך דאדפקר י וליד עמו אוריד ־ מה על ידו אורד י וצוהון בטבבד *
קריעות	1	0		0	פיוט #147 — צלות יום חדש הראישון אז אתא בשבת	זה יע ם קריעות הזה ־ ועליכון בזה ובזה * תרחף רוח הננה :
ותקשיט	1	0		0	פיוט #147 — צלות יום חדש הראישון אז אתא בשבת	ויעזר לך המשפט * וצדק צדק תשפט * ותקשיט ותתקשט * ותלך דרך המקלט *
בשמחיבו	1	0		0	פיוט #147 — צלות יום חדש הראישון אז אתא בשבת	ובל שנה ישוב לוכון י ואתם ' בשמחיבו ; * אמנים מכל רינה :
בשטחי	1	0		0	פיוט #147 — צלות יום חדש הראישון אז אתא בשבת	*ומועדיך תעבר ״ אה אחי * עליך בחרי וזהי * ואת מתחף בשטחי * בעמל
תתנאל	1	0		0	פיוט #148 — צלות יום חדש הראישון אץ אתא בשבת	ומרן צלותך יקבל * ובעותך יכפל * ותמטי מה את שאל * ומכל רע תתנאל *
הסביל	1	0		0	פיוט #148 — צלות יום חדש הראישון אץ אתא בשבת	ותתצלח * בכל פעל • בעמל בן עמרם הסביל י ובקדוש מן באר באלפנה :
הראושים	1	0		0	פיוט #148 — צלות יום חדש הראישון אץ אתא בשבת	מוצאו מן מדע הראושים :
בדעותיהם	1	0		0	פיוט #148 — צלות יום חדש הראישון אץ אתא בשבת	ידברו על פיהם • *מעננים חשים : ויחשבו בדעותיהם • אן יבטלו
ירושים	1	0		0	פיוט #148 — צלות יום חדש הראישון אץ אתא בשבת	המדרשים כל זה וישראל ירבו * וברית אבהתון ירושים : ער אתא משה
הנפילם	1	0		0	פיוט #148 — צלות יום חדש הראישון אץ אתא בשבת	ויבד בני הנרגשים י הנפילם בארץ מצרים * הרעים הנששים : ויעש האותות
רשפט	1	0		0	פיוט #148 — צלות יום חדש הראישון אץ אתא בשבת	מופת רשמו גובה • הארבה על המרטושים : בזה היום רשפט • בו ארבע
כגושים	1	0		0	פיוט #148 — צלות יום חדש הראישון אץ אתא בשבת	מאומים כגושים ; אחר בשמים מקלט * דמים הדת לאשר מבקשים : כנוש
וספרסוה	1	0		0	פיוט #148 — צלות יום חדש הראישון אץ אתא בשבת	*וספרסוה . הנורון .זזזזכובד □ .וההעלע
זזזזכובד	1	0		0	פיוט #148 — צלות יום חדש הראישון אץ אתא בשבת	*וספרסוה . הנורון .זזזזכובד □ .וההעלע
וההעלע	1	0		0	פיוט #148 — צלות יום חדש הראישון אץ אתא בשבת	*וספרסוה . הנורון .זזזזכובד □ .וההעלע
בופדעסוים	1	0		0	פיוט #148 — צלות יום חדש הראישון אץ אתא בשבת	בופדעסוים .מאבר הבארים וה ״ .וגן .סרך נ
צלוחך	1	0		0	פיוט #149 — צלות יום חדש הראישון אן אתא בשבת	והנשים * . ומרן יקבל צלוחך * ויעני בעותך ברנישים : וישמע קלין דצבעתך •
ברנישים	1	0		0	פיוט #149 — צלות יום חדש הראישון אן אתא בשבת	והנשים * . ומרן יקבל צלוחך * ויעני בעותך ברנישים : וישמע קלין דצבעתך •
אבהחך	1	0		0	פיוט #149 — צלות יום חדש הראישון אן אתא בשבת	אה עמה המתכנשים : בעמל השלשה אבהחך * ומי אתמלך בן שלשים :
דעותינו	1	0		0	פיוט #149 — צלות יום חדש הראישון אן אתא בשבת	פשרן • וסלח לבל עון ואשמה : והנחם על דעותינו • וראה בעין חסדך הרמה :
ובנרלך	1	0		0	פיוט #149 — צלות יום חדש הראישון אן אתא בשבת	מטר רחמיך • וארוי הלב הצמא : בעמל זכאיך ושלמיך * ובנרלך אה קמאה
לרחוחך	1	0		0	פיוט #149 — צלות יום חדש הראישון אן אתא בשבת	קיעמה : כלה צריך לרחוחך י וכלה מביט ממך תרחמה : צדק עליכן מן
טרילך	1	0		0	פיוט #149 — צלות יום חדש הראישון אן אתא בשבת	צדקתך • צדקה טרילך תמימה * ולא תמי לן נטלינן * כי רחמיך עלינו
רטבלעריך	1	0		0	פיוט #149 — צלות יום חדש הראישון אן אתא בשבת	אבותיך • אשר נשבע להם : אדני רחם הנשארים ־ רטבלעריך לית לון
ועומע	1	0		0	פיוט #149 — צלות יום חדש הראישון אן אתא בשבת	יכי בסם ועומע יסראל ועוכר והורה נ .וכי בסם יל״וב לנ ו. מ * .נמס
יסראל	1	0		0	פיוט #149 — צלות יום חדש הראישון אן אתא בשבת	יכי בסם ועומע יסראל ועוכר והורה נ .וכי בסם יל״וב לנ ו. מ * .נמס
ועוכר	1	0		0	פיוט #149 — צלות יום חדש הראישון אן אתא בשבת	יכי בסם ועומע יסראל ועוכר והורה נ .וכי בסם יל״וב לנ ו. מ * .נמס
קעסנן	1	0		0	פיוט #150 — צלות השבת הראש דמן חדש הראישוץ	ויטע יתמר דראן קעסנן מן שנתן . ומרקה עבודה רעלמה מן ישום
הנוסיק	1	0		0	פיוט #150 — צלות השבת הראש דמן חדש הראישוץ	הו משה השליח הנוסיק : דבו כל עלמה מדביק : ראמר בספרו הצדיק :
מדביק	1	0		0	פיוט #150 — צלות השבת הראש דמן חדש הראישוץ	הו משה השליח הנוסיק : דבו כל עלמה מדביק : ראמר בספרו הצדיק :
רזכר	1	0		0	פיוט #150 — צלות השבת הראש דמן חדש הראישוץ	חילה רזכר בריתו * עם השלשה אבותיכם : והציל בניון ממצרים * מירי
קטרתחלבו	1	0		0	פיוט #151 — החדשים	רפסה • וריח ניחח קטרתחלבו : ורוח אלהים ביט ויבא ויסע • מרחפת
ממפריסי	1	0		0	פיוט #151 — החדשים	על המבוא : ואבדילו ממפריסי הפרסה • ומן * השסע הך מה אמר בכתבו :
הזיש	1	0		0	פיוט #151 — החדשים	מן .מגס י .הזיש ׳ .יומה ״ ■
החרט	1	0		0	פיוט #152 — צלות השבת הראש דמן חדש הראישון	חילה דאבדיל זה החרט • ואשטח בו נפשך ורוחך : ועם בו עדתך
יאעץ	1	0		0	פיוט #153 — האביב : ועשית פסח ליהוד • אלהיך	אלהי אברהם ירחטנו • ואל רצונו לא יאעץ ; אלהי יצחק יברכנו • ומן
יושיענו	1	0		0	פיוט #153 — האביב : ועשית פסח ליהוד • אלהיך	מיד מי לן ילחץ : אלהי משת יושיענו * ויאסנן מכל מחץ : אלהי אהרן ובניו
לאבהחן	1	0		0	פיוט #153 — האביב : ועשית פסח ליהוד • אלהיך	ויקם לן מה באלפנו • הך מה לאבהחן חפץ : עתה הרחיב יהוד . לנו •
אתקסר	1	0		0	פיוט #153 — האביב : ועשית פסח ליהוד • אלהיך	הברית בו אתקסר *
עשוח	1	0		0	פיוט #154 — למועד חרש האביב	ישראל • מתחת יר פרעה המסתיב : בתר עשוח מופתים * על יד מן נזרו מלבלב :
והסימר	1	0		0	פיוט #154 — למועד חרש האביב	נצבו יהושע * על המרידם מננב : והסימר אכה לו ער • זברון מבן מניב : ותעזר
ננרלו	1	0		0	פיוט #154 — למועד חרש האביב	■*ם ' .ינש יא ל . י .ננרלו . ב .סרך ובר י י .ושזמך . י
ושזמך	1	0		0	פיוט #154 — למועד חרש האביב	■*ם ' .ינש יא ל . י .ננרלו . ב .סרך ובר י י .ושזמך . י
רניר	1	0		0	פיוט #155 — צלות השבת הראש דמן חדש הראישון	בו רחותה י רקום בו התהב : יסעדך אלה על קוממותו * רניר לך החזב : ויתן
מרחוק	1	0		0	פיוט #155 — צלות השבת הראש דמן חדש הראישון	ודבבך מרחוק * יכפתו הך בלב : ותרום ותרבי *עליון * ומים חיים לך לשאב :
בפקורים	1	0		0	פיוט #157 — וישתבח לא נדע בעלה	ודרי • ובמצרים הכה דבבה : ופקד על משמרו זרעם בפקורים ונזרי * בחרש
צדבה	1	0		0	פיוט #157 — וישתבח לא נדע בעלה	אביבה דבו ארוח צדבה : אלה יקבלך וקרבנך בניחח יריח * ויוריד ענני רצונו
ויוריד	1	0		0	פיוט #157 — וישתבח לא נדע בעלה	אביבה דבו ארוח צדבה : אלה יקבלך וקרבנך בניחח יריח * ויוריד ענני רצונו
ראודלד	1	0		0	פיוט #158 — צלות השבת הראש דמן חדש הראישון	הך מה רחנת חכמתו ואריח * סובא רן ילידה ראודלד מן עלם הנפשות
הח	1	0		0	פיוט #158 — צלות השבת הראש דמן חדש הראישון	לעלמה הח בטובה : ער יתיבי ויתלמד קרש כל ספרי * רחבונן בכל מרע
שיטז	1	0		0	פיוט #158 — צלות השבת הראש דמן חדש הראישון	ו־שיטז יהוד לחייה אמן ויסיבה : ושם פניו בריך על אביו ועל בל בד
עכיבו	1	0		0	פיוט #158 — צלות השבת הראש דמן חדש הראישון	עכיבו ועל כל סדרי י הסנורים להרנריזים בית אל דמק לשכינה בארי ;
רהורד	1	0		0	פיוט #158 — צלות השבת הראש דמן חדש הראישון	אתבה : בעמל משה העברי * רהורד על ירו קדש כל כתבה :
איביניריהיו	1	0		0	פיוט #158 — צלות השבת הראש דמן חדש הראישון	ז ויתמר אריק עלינן מרן ' • ומן אתהו דבריך עלמה איביניריהיו ׳
הזוטר	1	0		0	פיוט #159 — תשתבח ותתחסל הצלות בטוב	צלות השבת הזוטר צהרים • * ״
גרוש	1	0		0	פיוט #159 — תשתבח ותתחסל הצלות בטוב	והמועד עליך ננוש : למען תזכר את יום * צאתך * זבן הרבב גרוש : מה
אלארבה	1	0		0	פיוט #159 — תשתבח ותתחסל הצלות בטוב	אלארבה - * לך נ ך נ .עו: י מברגים , נ
אצגי	1	0		0	פיוט #159 — תשתבח ותתחסל הצלות בטוב	■ציא עה ־ £ ג יב ' אי: ה ד אצגי אכאן * *
ותחצלח	1	0		0	פיוט #160 — צלות השבת הראש דמן חדש הראישון	המשכן • ותחצלח בכל מה את תפוש : רסני מניאנך • ויקבלך בכל פגוש :
פגוש	1	0		0	פיוט #160 — צלות השבת הראש דמן חדש הראישון	המשכן • ותחצלח בכל מה את תפוש : רסני מניאנך • ויקבלך בכל פגוש :
בספח	1	0		0	פיוט #160 — צלות השבת הראש דמן חדש הראישון	ותתברך במימרו • בספח הקדוש : ונתן מטר ארצך בעתו ־ יורא ומלקוש :
רהמאהבה	1	0		0	פיוט #161 — צ* ב שבת וראישון	רהמאהבה גבורה *
והטמלל	1	0		0	פיוט #162 — צלות השבת הראש דם ; חדש הראישוץ	אלפנה : והטמלל הטב • והקביל בכל זבנה : לא מוסף ולא מנרע • על פי
דאודעיק	1	0		0	פיוט #162 — צלות השבת הראש דם ; חדש הראישוץ	דאודעיק צפינתי פענה : ובברית השלשה • ובקרוש שמו וברביאנה :
קדילינן	1	0		0	פיוט #163 — צלות השבת השני דמן חדש הראישה	משריו הכבוד ומושבה : אשרי לכם אה קדילינן • בראות מוראו ומה לגוה :
רלטובו	1	0		0	פיוט #163 — צלות השבת השני דמן חדש הראישה	הקרבן רלטובו נקריבה : כי חג יתקארי זביחינן * מנחה מן האבן אל אבה :
יתקארי	1	0		0	פיוט #163 — צלות השבת השני דמן חדש הראישה	הקרבן רלטובו נקריבה : כי חג יתקארי זביחינן * מנחה מן האבן אל אבה :
זביחינן	1	0		0	פיוט #163 — צלות השבת השני דמן חדש הראישה	הקרבן רלטובו נקריבה : כי חג יתקארי זביחינן * מנחה מן האבן אל אבה :
וידיח	1	0		0	פיוט #163 — צלות השבת השני דמן חדש הראישה	בגדלו על עשותו יסעדנן • וידיח ריח קטרת חלבה * . 'בתפלות סוברות לבבינן •
רמשיל	1	0		0	פיוט #163 — צלות השבת השני דמן חדש הראישה	קהל יעקב יהי קרוב : קהלה 'רמשיל עליו כתוב : מברך הוא ביתה דיעקב ;
ראנדד	1	0		0	פיוט #163 — צלות השבת השני דמן חדש הראישה	ראנדד , לן ספר מליו טלואים : מורי דרך בינת הרוחים ; ברז ויטע יהוד
חילד	1	0		0	פיוט #163 — צלות השבת השני דמן חדש הראישה	־ חילד , דשם ישראל * עליונים ועליון השקף : ואלבשון ברן ירחה בליל *
קעמרי	1	0		0	פיוט #164 — ופסחתי עליכם : ולא יהיה בכם ננף	ודבבון רחוק מזה : והשבתות והמועדים דבר ׳ קעמרי * טלבשיף זה לזה :
טלבשיף	1	0		0	פיוט #164 — ופסחתי עליכם : ולא יהיה בכם ננף	ודבבון רחוק מזה : והשבתות והמועדים דבר ׳ קעמרי * טלבשיף זה לזה :
ונקוסה	1	0		0	פיוט #164 — ופסחתי עליכם : ולא יהיה בכם ננף	ובאו עליך ימי הרצון והתהב : ונקוסה ונעלה בית אל במה כתיב : שמור
רמבני	1	0		0	פיוט #165 — את חרש האביב : ועשית פסח ליהוה אלהיך	יתמר בימי מן מיטר זקן ישראל אברהם בן יעקב רמבני דנפתה
רבחהז	1	0		0	פיוט #165 — את חרש האביב : ועשית פסח ליהוה אלהיך	רבחהז באמירוחך : אלהי אקר כל האזרח * יעקב אב ישראל עדתך : אלהי
באמירוחך	1	0		0	פיוט #165 — את חרש האביב : ועשית פסח ליהוה אלהיך	רבחהז באמירוחך : אלהי אקר כל האזרח * יעקב אב ישראל עדתך : אלהי
בטדרשון	1	0		0	פיוט #165 — את חרש האביב : ועשית פסח ליהוה אלהיך	פתח מדרש צדקת מק * פתיח למנצירים בטדרשון : ברוך מן שבחה
הקמל	1	0		0	פיוט #165 — את חרש האביב : ועשית פסח ליהוה אלהיך	ואהן עדן הקמל * ניסום הקרשים ושרשון : הא יום קריש ומקדש • טובי עמר
יפנשון	1	0		0	פיוט #165 — את חרש האביב : ועשית פסח ליהוה אלהיך	בה אתקרשון : אן יטעו אשל המדרש פה * שם התנופה יפנשון : אם על
מתכסרים	1	0		0	פיוט #165 — את חרש האביב : ועשית פסח ליהוה אלהיך	קרשו ; : סמיכים בכבורות * זהו רב ושמח וששון : מתכסרים מטו והלאה *
רבשון	1	0		0	פיוט #166 — צלות השבת השני דמן חדש הראישון	אהלו בהר • מה טב קהלה ומה רבשון : והם בבגדי המתרה * התכלת יי
סלבשון	1	0		0	פיוט #166 — צלות השבת השני דמן חדש הראישון	והארגמן סלבשון : ויצא ויבא מאהל לאהל • הך המכבים במפרשון : דין ־
ינישון	1	0		0	פיוט #166 — צלות השבת השני דמן חדש הראישון	בחמש עשר ינישון ; ברז ולא תותירו והנותר • העד הער בנו בראישזן : הו
בראישזן	1	0		0	פיוט #166 — צלות השבת השני דמן חדש הראישון	בחמש עשר ינישון ; ברז ולא תותירו והנותר • העד הער בנו בראישזן : הו
ותתימב	1	0		0	פיוט #166 — צלות השבת השני דמן חדש הראישון	הלילה הזה ליהוה שמיר • לכל בני ישראל יעשון ; תמתק ותתימב בעיניהם * ־
יחניבם	1	0		0	פיוט #166 — צלות השבת השני דמן חדש הראישון	*לובון ששונו : במקדום יום טבה * וזניח עדן פרקנו : ובו יחניבם יהודי י
רחניאך	1	0		0	פיוט #166 — צלות השבת השני דמן חדש הראישון	־מנם .בו - .רחניאך במשמר ה השבת
בבקוש	1	0		0	פיוט #167 — צלות השבת השני דמן חדש הראישוץ	אימנותה יהיו בלבך דלא טפים : ותהי המריבה בלבך תזרח על חבריך בבקוש *
רחופים	1	0		0	פיוט #167 — צלות השבת השני דמן חדש הראישוץ	עליך מ ער הפסח ברתות רחופים : ונתן מטר ארצך בעתו יורא ומלקוש *
ראתילד	1	0		0	פיוט #167 — צלות השבת השני דמן חדש הראישוץ	מובא דן ילירה ראתילד מן עלס הנפשות לעלמה הדן בשמחות ניאספים :
עלס	1	0		0	פיוט #167 — צלות השבת השני דמן חדש הראישוץ	מובא דן ילירה ראתילד מן עלס הנפשות לעלמה הדן בשמחות ניאספים :
ויחלמר	1	0		0	פיוט #167 — צלות השבת השני דמן חדש הראישוץ	ער יתיבי ויחלמר ספר התורה ויהי לה פרוש • שמור דרך השמרים לא דרך
והזהביב	1	0		0	פיוט #167 — צלות השבת השני דמן חדש הראישוץ	ידיו והזהביב והכספים : וישים פניו ברך ומברך על אביו ועל עביכו ועל כל
שפיפם	1	0		0	פיוט #167 — צלות השבת השני דמן חדש הראישוץ	ז.;, צריך ישיג למה הו בלוש יע ר יהי כל בשמחות שפיפם ־ : בעמל מי קבל מרו
קמורים	1	0		0	פיוט #167 — צלות השבת השני דמן חדש הראישוץ	תפלותו ממהג במה הו דרוש • והוו דבביו באש קמורים י שחפים :
ארחתותף	1	0		0	פיוט #168 — צלות השבת השני דמן חדש הראישון	ארחתותף : אלהי יעקב בתמימותה * ספק צריבותן : אלהי יוסף ברחותה *
צריבותן	1	0		0	פיוט #168 — צלות השבת השני דמן חדש הראישון	ארחתותף : אלהי יעקב בתמימותה * ספק צריבותן : אלהי יוסף ברחותה *
משנבים	1	0		0	פיוט #168 — צלות השבת השני דמן חדש הראישון	מאד אתנזרו : והם חלק ישראל * ולית נמי בון לסרוע : משנבים בשמח
רימתק	1	0		0	פיוט #168 — צלות השבת השני דמן חדש הראישון	והששון * והיגונות בון יסורו ז התלם שריו החרש * רימתק מעברו : על לב
יבסירו	1	0		0	פיוט #168 — צלות השבת השני דמן חדש הראישון	הישראילי י וביום טבח יבסירו ; טובי עמה דשוין בה • ולעובד טוב ימסרו ן
שופירו	1	0		0	פיוט #168 — צלות השבת השני דמן חדש הראישון	ישרו : תמירה לא תסור ממך * והפסח יתקע שופירו : יפסח אלה על בתיכון *
יכסח	1	0		0	פיוט #168 — צלות השבת השני דמן חדש הראישון	ומכל רע תתפשרו : וטובות רבות מאד * לוכון יכסח : ומועד ברית לא
ובלעיל	1	0		0	פיוט #168 — צלות השבת השני דמן חדש הראישון	ובלעיל טריד מלטה * ולנו *צררו : לאוי עלוי עמה * לפני יהוד , יטהרו : ועלת
תשתיארו	1	0		0	פיוט #168 — צלות השבת השני דמן חדש הראישון	ובטובות מרן תשתיארו : בל האזרח בישראל * וחייכון על לבי ישתמרו :
ישתמרו	1	0		0	פיוט #168 — צלות השבת השני דמן חדש הראישון	ובטובות מרן תשתיארו : בל האזרח בישראל * וחייכון על לבי ישתמרו :
ידזידז	1	0		0	פיוט #168 — צלות השבת השני דמן חדש הראישון	רעל ידזידז אל ה ־ י * י ;ועל אחר התורה . , ;נרה העוברי הראש י
חציצרי	1	0		0	פיוט #168 — צלות השבת השני דמן חדש הראישון	•יהרה ,חציצרי * *בחריתה * , * .ארדזוחן
ארדזוחן	1	0		0	פיוט #168 — צלות השבת השני דמן חדש הראישון	•יהרה ,חציצרי * *בחריתה * , * .ארדזוחן
יגליאל	1	0		0	פיוט #168 — צלות השבת השני דמן חדש הראישון	•ישביי יילי * * -יגליאל .בחווון ;באפורן *
בחווון	1	0		0	פיוט #168 — צלות השבת השני דמן חדש הראישון	•ישביי יילי * * -יגליאל .בחווון ;באפורן *
אלקיבן	1	0		0	פיוט #169 — צלות השבת השני דמן חדש הראישון	ן צ ־ מועד הפסח ** י אלקיבן
חמאותינו	1	0		0	פיוט #170 — אם יראו ביום השבת	ובעמל משה עבדך אל תפן אל קשהנו ואל רשענו ואל חמאותינו אנחנו
ביוטיכם	1	0		0	פיוט #170 — אם יראו ביום השבת	ביוטיכם כלכם מאה שנה ביומיך יסי ג״ ע
טצרים	1	0		0	פיוט #171 — צלות מועד הפסח	־ ויאמר יהוד ■ אל משה ואל אהרן באר* ן טצרים ונו״
ויסיקו	1	0		0	פיוט #174 — צלית לילה מועך הפסח רמשה	*י • ■ ויסיקו טן הטבעית נ־טוי כהלן . ־ ואה רבה ואתנו כתבה רבה
והסנודוח	1	0		0	פיוט #174 — צלית לילה מועך הפסח רמשה	רחמיך והסנודוח שלשה :
וחתחסל	1	0		0	פיוט #175 — הו הלילה הזה ליהוה שמירים לכל כני ישראל לדרותם	תסתנד ולעלם תשתבח • וחתחסל הצלות בטוב
וזכחן	1	0		0	פיוט #176 — צלות מועד הפסח צפרה בדקטם	אלקטף ברית וזכחן וראישון רוסף ומופתים ומצות ושבת וקרבן : שריו הצלות
רוסף	1	0		0	פיוט #176 — צלות מועד הפסח צפרה בדקטם	אלקטף ברית וזכחן וראישון רוסף ומופתים ומצות ושבת וקרבן : שריו הצלות
ךראןג	1	0		0	פיוט #176 — צלות מועד הפסח צפרה בדקטם	ויטע ךראןג * מד לית אלה אלא אחד * ומרקה עבודה דעלטה אלהים
יההלל	1	0		0	פיוט #176 — צלות מועד הפסח צפרה בדקטם	יההלל ודראן ממנה דבלה ומרקה אתהו אלהנן והב לן • ז
מרעמסם	1	0		0	פיוט #178 — אש ליל * וענן יומם	ייסעו בני ישראל מרעמסם ונו
אשתנקת	1	0		0	פיוט #178 — אש ליל * וענן יומם	הים אשתנקת :
אלהינוב	1	0		0	פיוט #178 — אש ליל * וענן יומם	בכל עת תשתבח * ואלהים אלהינוב :
רלרלותך	1	0		0	פיוט #178 — אש ליל * וענן יומם	קל תבכה מזבח גדול * קל בקרש כל גבול : קל רלרלותך עגול : קרי
בשמחייזה	1	0		0	פיוט #179 — צלות מועך הפסח צפרה בדקטס	ישוב אמן בשמחייזה מועד רצונה ; עליך אה עבראי ־ ותנים יומה מאה שנה ;
קמארר	1	0		0	פיוט #179 — צלות מועך הפסח צפרה בדקטס	עבודה ואלהים קמארר :
קעיסר	1	0		0	פיוט #180 — רב אלה וכי בשם ושרו הזקנים אלקטף	סיאנים ומרקה אלהים קעיסר . ואלהים יחידאי ' ישתבח ;
קרבניבם	1	0		0	פיוט #182 — צלות מועך הפסח צפרה בדקטס	וכל שנה ביומיכם ; תקריבו קרבניבם : ויקום ופסחתי עליכם ; ולא יהיה
מחעדדים	1	0		0	פיוט #182 — צלות מועך הפסח צפרה בדקטס	־ תנים יומה במועדים : ובברוכים מחעדדים : באיקר וטובות וחסדים :
והסנורות	1	0		0	פיוט #184 — צלות מועד הפסח צפרה בדקטס	ויתמר אתהו דבריך עלטה כלה ־ והסנורות שלשה ;
הטקום	1	0		0	פיוט #184 — צלות מועד הפסח צפרה בדקטס	ויקרא אברהם את שם הטקום ההוא יהוד , יראה אשר יאמר היום
וישטרך	1	0		0	פיוט #184 — צלות מועד הפסח צפרה בדקטס	מועדיך רבקן ברחמיך : יברכך יהוה וישטרך יאיר יהוה פניו אליך ויחנך * ישא
בתועפות	1	0		0	פיוט #185 — צלות מועד הפסח במדינה	אלהי אבינו אברהם • עליך בחסדו יתרחם ן וישימך בתועפות ראם •
פוקר	1	0		0	פיוט #186 — צלות מועד הפסח במדינה	אלהי פוקר הלוים • ישימך כמספר הכוכבים י וישם כל עובדיך טבים :
יננרו	1	0		0	פיוט #186 — צלות מועד הפסח במדינה	אלהי מן לקח הרמח בידו * כל טוב אליך יננרו : וברית שלום לך יחרדו י
טדוים	1	0		0	פיוט #186 — צלות מועד הפסח במדינה	באהלין אדרש אלהים ־ ירפאך מכל טדוים : וישם עובדיך טלואים ־ וררך
אופעג	1	0		0	פיוט #186 — צלות מועד הפסח במדינה	עליו עוד לו עוד נ* * אופעג
ובזברונך	1	0		0	פיוט #186 — צלות מועד הפסח במדינה	על פיך אדני טליתי : ובסוד שמך החלת' ; ובזברונך הנה נתתי : תשבחן
זאו	1	0		0	פיוט #186 — צלות מועד הפסח במדינה	זע לי ד בני עמרם : משה וארק ומרים : בפליאן וסימנים ושם : להם זאו
לזימונר	1	0		0	פיוט #187 — צלות מועד הפסח במדינה	לזימונר . קוו :
רשכילך	1	0		0	פיוט #187 — צלות מועד הפסח במדינה	חקח הקרבן ותלך : להטור הטבן רשכילך : ותקריב ויהי מיכלך : בקבול
דטעתרה	1	0		0	פיוט #189 — כיועד הפסח פרווז	פימתה דטעתרה דמים •
אדיץ	1	0		0	פיוט #189 — כיועד הפסח פרווז	קבול הקרבן אדיץ •
תחצלח	1	0		0	פיוט #189 — כיועד הפסח פרווז	תחצלח מן אלה ברואה :
צמחינז	1	0		0	פיוט #189 — כיועד הפסח פרווז	קוינו : אנמי ממי הרחמים צמחינז * וראה אח ענינו : ואן לית נתרחץ עליך
נלטד	1	0		0	פיוט #190 — צלות מועך הפסח במדינה	שמך בפיאנו • ובפי כל קהלינ ו:,ובספרך הגדול נלטד * כל ימי חיינו ד
ואלקסף	1	0		0	פיוט #190 — צלות מועך הפסח במדינה	רב אלה . - * ויקטפו עשרת הדברים • וקטף הזכאים י ואלקסף מן ואל
זיתמר	1	0		0	פיוט #191 — צלות כועד הפסח במדינה	זיתמר אחהו דבריך עלמה * כלה • רתמר דכור מן מימר זקן ישראל
זבאד	1	0		0	פיוט #191 — צלות כועד הפסח במדינה	בין דורות עם זבאד . •
תהלח	1	0		0	פיוט #191 — צלות כועד הפסח במדינה	נורא תהלח עשה •
קיבל	1	0		0	פיוט #191 — צלות כועד הפסח במדינה	קיבל ' עמה חלילי •
חלילי	1	0		0	פיוט #191 — צלות כועד הפסח במדינה	קיבל ' עמה חלילי •
מסנרי	1	0		0	פיוט #192 — שמו לי פסחי	נורי לאלה נודי ■ אני ואתה אה אחי ז פנים בקדש מסנרי י וכל מנן
תדיללות	1	0		0	פיוט #194 — צלות מועד הפסח במדינה	תדיללות • ותשבחות י דיירות * וזמירות י וכבדות * ותפחרות • אולי אנשם
טחעשים	1	0		0	פיוט #194 — צלות מועד הפסח במדינה	ומכפיתים ואנון טחעשים * ומתפרשים * ושמשים • לקדשים * ומאבדים
הטיס	1	0		0	פיוט #194 — צלות מועד הפסח במדינה	הטיס נכתך * לא לח יבולה על מנעך ; מן עשית * דן חקתה * ומצותה * בזהותה *
חימונך	1	0		0	פיוט #194 — צלות מועד הפסח במדינה	ועת תעבד קרבנך * במכונך י בכוננך * אח ובנך • וכל כרנך * חימונך : הר
בחדבך	1	0		0	פיוט #194 — צלות מועד הפסח במדינה	לא יקרבך * במושבך ■ רק יהי כות בלבך • ואת חדי בחדבך • בנפשך ולבבך *
בפצוחך	1	0		0	פיוט #195 — ועליך מברך שבתה * והלכת ופנית משם	מרן יקבל צלותך ויעני בעוחך וישמע קל צבעתך * ויזרז בפצוחך מן סנאי
עקובאחך	1	0		0	פיוט #195 — ועליך מברך שבתה * והלכת ופנית משם	רתך ויחיל מיתוביתך : ויחדש שטחותך .ויטיב עקובאחך ויוסף לטבהתך
ונצענדי	1	0		0	פיוט #197 — צלות מועד הפסח במדינה	לא יברת כד יסנד : בהפסח ונצענדי * על השנאים ואתפרד : במכות פרעה
אחנדד	1	0		0	פיוט #197 — צלות מועד הפסח במדינה	יי . ז, - ועציאנה * ועל ימה אחנדד : עד יעבד הוא ועבדיו ■ ואכלסיו הוה נא ונד :
אצתמד	1	0		0	פיוט #197 — צלות מועד הפסח במדינה	עשות הפסח אצתמד : כאשר מרן צוהו •'בקרבניו דאתעקד : על עובדים
טביס	1	0		0	פיוט #197 — צלות מועד הפסח במדינה	טביס • נור הרצון עליון אבד : יתעשו כלם בשבים * וכל עובד בון לא יעבד :
חדעם	1	0		0	פיוט #197 — צלות מועד הפסח במדינה	אלא עובדי אלדיים * ראנון על כל עובד קדקד : חדעם בבינת הרוחים * הן
נצתמר	1	0		0	פיוט #197 — צלות מועד הפסח במדינה	לבב נצתמר : בחקותיו ותורותיו • דבון קומה בה נעמד : ומק יקבל צלותן י
ויחתדד	1	0		0	פיוט #197 — צלות מועד הפסח במדינה	ובמימר החל ותת פחדך • לטוב כאשר שש ויחתדד : יהוה כוננו ידך • יהוד
ושטועין	1	0		0	פיוט #197 — צלות מועד הפסח במדינה	■• , . ויתהלל ובי בשם וקטף הזכאים י ושטועין ותניו * ואלה יקבל
לצטים	1	0		0	פיוט #198 — מנוחה * ישימך עליה מועד	אלהי יעקב אבי השבטים * דמן קשטה לצטים ; לא תסורו לבריתו צמים •
הקירישים	1	0		0	פיוט #198 — מנוחה * ישימך עליה מועד	אלהי הנהנים הקדושים * ואתר קרש הקירישים : בהם תהיו יחשים י
הקשיע	1	0		0	פיוט #198 — מנוחה * ישימך עליה מועד	עד קם מנה משה * ועל בניו ממצרים הושיע : ורד לפרעה הקשיע * הרע
וברתוח	1	0		0	פיוט #200 — צלות מועך הפסח במדינה	היא לנפש הנפש * בכל שמח ורגש : היא לישראל תקדש ־ וברתוח מק תרחף :
תניד	1	0		0	פיוט #202 — ויעשו הפסח בחוזון	תורת משר . לנו תניד : כי בעשור לחרש הזר עתיר : לארבעה עשר ותפרד :
בשלמאתך	1	0		0	פיוט #203 — צלות מרעד הפסח במדינה	ממצרים רנלים וצבאות * משראיך בשלמאתך צרחת : ושמרת את החקה
חתקבצון	1	0		0	פיוט #203 — צלות מרעד הפסח במדינה	וריטור * מאה שנה בדן יומה חתקבצון :
ממלבוחה	1	0		0	פיוט #203 — צלות מרעד הפסח במדינה	אחיך חדי מועד רחוחה : אחיך חדי מועד ממלבוחה ; דבך זכחן
וטקרחו	1	0		0	פיוט #204 — לאשמחוחה : עם סדר קהל עבראוחה	וטקרחו * עדן ויאמר שחטו אתו :
שחטו	1	0		0	פיוט #204 — לאשמחוחה : עם סדר קהל עבראוחה	וטקרחו * עדן ויאמר שחטו אתו :
הטצרי	1	0		0	פיוט #205 — צלות מועד הפסח במדינה	עירה על אתי בעלם טן מימר מתנה הטצרי נ יסלח תו
חדע	1	0		0	פיוט #205 — צלות מועד הפסח במדינה	מוראה לאלהינו מוראה * רפקד עטו ישראל בארה : חדע הראישון בחסד *
יוטין	1	0		0	פיוט #205 — צלות מועד הפסח במדינה	עסר יוטין לירחה :
רבטבפלה	1	0		0	פיוט #205 — צלות מועד הפסח במדינה	רחמיו המבים רבטבפלה • זכר בריתם אלה : האל הרם המכבד * גלנים
רברביס	1	0		0	פיוט #205 — צלות מועד הפסח במדינה	רברביס לאלה :
טשחרי	1	0		0	פיוט #205 — צלות מועד הפסח במדינה	לא טשחרי לעלם :
דטסרכון	1	0		0	פיוט #205 — צלות מועד הפסח במדינה	סרו דכרנה דטסרכון :
מזדבר	1	0		0	פיוט #205 — צלות מועד הפסח במדינה	מחבלה בתוך בחי המצרים * ובתי ישראל באיקרים : ומצראי מצרר מזדבר •
מחאלך	1	0		0	פיוט #205 — צלות מועד הפסח במדינה	אתי בשלם ושלם לך • לך מוראה לפעלך * עד חסולך מחאלך • זה רז
ציאחך	1	0		0	פיוט #206 — צלות מועד הפסח במדינה	ביום ציאחך פניך כתיב * מחידע ביד צדיק חשיב * בחשבן על זבנים סביב *
מחידע	1	0		0	פיוט #206 — צלות מועד הפסח במדינה	ביום ציאחך פניך כתיב * מחידע ביד צדיק חשיב * בחשבן על זבנים סביב *
משמיע	1	0		0	פיוט #208 — שבת ומועד ורצון	לא תראו * וירא ׳ בלא עינים : משמיע לכל אזן * שמעיו בלא אזנים : ״ ״
יחעתק	1	0		0	פיוט #209 — צלות מועך הפסח במדינה	ולא יחעתק • ני אין לו משכנים : אהיה אמון אזרח * אדון האדונים ן
והצריקה	1	0		0	פיוט #209 — צלות מועך הפסח במדינה	יהוד . * ברבות אותותו : ונביות אחרו שקר • והצריקה נביותו : כל דרי
תיו	1	0		0	פיוט #209 — צלות מועך הפסח במדינה	כדל משה אשר • ראשית דברו : אחרית אבה תיו • כי שני שמוח אתקרו :
שמוח	1	0		0	פיוט #209 — צלות מועך הפסח במדינה	כדל משה אשר • ראשית דברו : אחרית אבה תיו • כי שני שמוח אתקרו :
עיסה	1	0		0	פיוט #209 — צלות מועך הפסח במדינה	ולמדו ידיוה • כל שפה חדשה : ושם עמו אחיו • כמה דרש עיסה :
והנרילו	1	0		0	פיוט #209 — צלות מועך הפסח במדינה	ס . ז חרטמי מצרים • מן משה נבהלו : והכבידו את שטו * ורמו והנרילו : ותמלא
בנפשוחם	1	0		0	פיוט #210 — צלות מועך הפסח במדינה	טובות אחר רעות • את ישראל ראים : ומצרים יראו * בנפשוחם הרעים ןע ת
ונביוחו	1	0		0	פיוט #210 — צלות מועך הפסח במדינה	פי הכוכבים * הבאים יצאים : במו מופת הדם ולמשה נסהים : ונביוחו
ושטח	1	0		0	פיוט #210 — צלות מועך הפסח במדינה	לישראל בזח כל טובות ושטח : בתולדות אשר פרעה להם ישימה : ן
שטר	1	0		0	פיוט #210 — צלות מועך הפסח במדינה	הצדיק ואין לטובו מדר : ואני ועמי הרשעים וכל רשע שטר : אתפלל
להשכילד	1	0		0	פיוט #210 — צלות מועך הפסח במדינה	מאור להשכילד . :
לטימרי	1	0		0	פיוט #210 — צלות מועך הפסח במדינה	סבב עמוד הענן במקום הכפור ; עת אתמר למשה לטימרי שמור ; הרע
טתפלטים	1	0		0	פיוט #211 — צלות מועך הפסח במדינה	טתפלטים : ותחנו על הרנריזים * מקום השבטים : והברכות תקחו *
רתמותו	1	0		0	פיוט #211 — צלות מועך הפסח במדינה	בשמח בחפזון : ונברך שם יהוה י אשר זה לנו נתון : ונדרש רתמותו * בי
וטצוקנו	1	0		0	פיוט #211 — צלות מועך הפסח במדינה	קרוב הקרובים • קריב .רוחנו : והסיר צררנו * וטצוקנו מידענו : אם לא
אבותיבם	1	0		0	פיוט #211 — צלות מועך הפסח במדינה	שמחו בזאת הלילה ■ והיו לה שמרים : בי בה צאו אבותיבם * מבית
ויו	1	0		0	פיוט #212 — צלית מועך הפסח במדינה	יהוה פניו * אל עדתו ויחנה : וירבה את טובה • ויו־בך חננה : וישמע את
טעשיו	1	0		0	פיוט #212 — צלית מועך הפסח במדינה	בלא עין • לא כדמות חזוים : כל טעשיו חכמה • וכל דרכיו רצוים : עשה
משתתף	1	0		0	פיוט #212 — צלית מועך הפסח במדינה	* שלשה לא יטנותה • פני עמה אתוים : ואחד * משתתף • בין שני
ואתהפבת	1	0		0	פיוט #212 — צלית מועך הפסח במדינה	מן הסנה נגלת • מטה האלהים : ואתהפבת נחש * ברב הזרועים : ובלעת
הזלועים	1	0		0	פיוט #212 — צלית מועך הפסח במדינה	המים • והבדלו הזלועים : והצפרדעים אשר • על הבתים עלו ים : והכנים
פרוחים	1	0		0	פיוט #212 — צלית מועך הפסח במדינה	יד יהוה היתה * במקנים והקנוים : והשחין בתרו • אבעבעות פרוחים :
מסהפף	1	0		0	פיוט #212 — צלית מועך הפסח במדינה	לאצוים * .מסהפף ■גיך ־ ג .מנס , .ומסודזים
ומסודזים	1	0		0	פיוט #212 — צלית מועך הפסח במדינה	לאצוים * .מסהפף ■גיך ־ ג .מנס , .ומסודזים
מןג	1	0		0	פיוט #213 — צלות מועד הפסח במדינה	ואמנו מןג מחים : ויקדו העם וישתחוו • בלבבים זכרם* : בנציר פם אחר :
לזבוחים	1	0		0	פיוט #213 — צלות מועד הפסח במדינה	לזבוחים : בין הערבים בל הקהל * קעום בזהוים : בשירות וחהללות • וקולות
וחהללות	1	0		0	פיוט #213 — צלות מועד הפסח במדינה	לזבוחים : בין הערבים בל הקהל * קעום בזהוים : בשירות וחהללות • וקולות
דשתרו	1	0		0	פיוט #213 — צלות מועד הפסח במדינה	הפסח לו סורים • ידעום הידועים : אשר לבביון ימ ן הדעת מלוים : דשתרו
זלועים	1	0		0	פיוט #213 — צלות מועד הפסח במדינה	הליל • ולא על משכב יצועים דהולו בראות * ומן הבינה זלועים : ידעו
הפקירו	1	0		0	פיוט #213 — צלות מועד הפסח במדינה	הסוד • אשר הפקירו אלהים : במלת * הפסח כי בה י מאומות קווים נ דרג
זבזים	1	0		0	פיוט #213 — צלות מועד הפסח במדינה	המצות • ליהוה עשוים ; חג ליהוה ־ בנפשות זבזים : בנציר נימר פם אחד •
ריתקה	1	0		0	פיוט #213 — צלות מועד הפסח במדינה	תנים יומה אה עמה • דבצלותה חמים ; מאה שנה לזאת • ריתקה עשוים :
מסליחי	1	0		0	פיוט #213 — צלות מועד הפסח במדינה	והנבי הנאמן משה • דקבל שני הלותוים ; ואהק ובניו * מסליחי הסלחוים :
רלכלב	1	0		0	פיוט #213 — צלות מועד הפסח במדינה	רלכלב, .רבסב״גי
רבסב	1	0		0	פיוט #213 — צלות מועד הפסח במדינה	רלכלב, .רבסב״גי
ישכלח	1	0		0	פיוט #214 — צלות מועך הפסח במדינה	הא זכרון יהי ישכלח הלב י מתעתק מטי לבן מן אב : מתקשט מתכונן
טתנלי	1	0		0	פיוט #214 — צלות מועך הפסח במדינה	מתיתב * טתנלי בין השמרים :
והעוברים	1	0		0	פיוט #214 — צלות מועך הפסח במדינה	דשמרו הפקודים * והעוברים החסידים : דייעשו במועדים * אשר לון
קתו	1	0		0	פיוט #214 — צלות מועך הפסח במדינה	סדרה בלבם קתו • ברכה ורצון ואצלתו : ועל המימר לא תקחו * וחייכון
יננר	1	0		0	פיוט #214 — צלות מועך הפסח במדינה	משעיר י .זי וס ם * טס , ,אשור יננר בץ דזנורים * -לוסינוך י
בץ	1	0		0	פיוט #214 — צלות מועך הפסח במדינה	משעיר י .זי וס ם * טס , ,אשור יננר בץ דזנורים * -לוסינוך י
דזנורים	1	0		0	פיוט #214 — צלות מועך הפסח במדינה	משעיר י .זי וס ם * טס , ,אשור יננר בץ דזנורים * -לוסינוך י
השוקדים	1	0		0	פיוט #214 — צלות מועך הפסח במדינה	בזה . * .השוקדים .האלין הדירים ;אהלי גירים *
דאסחדרו	1	0		0	פיוט #215 — צלות מועך הפסח במדינה	תנים יוטה דאסחדרו • אורו למרכק ועזרו : תלו אפיכון ואמרו • פניו
למרכק	1	0		0	פיוט #215 — צלות מועך הפסח במדינה	תנים יוטה דאסחדרו • אורו למרכק ועזרו : תלו אפיכון ואמרו • פניו
רקטים	1	0		0	פיוט #215 — צלות מועך הפסח במדינה	לבי עלה אל רקטים • וראה רצון יהוה רבה פרים • וקרבן יהוה מנכים *
ועסבר	1	0		0	פיוט #215 — צלות מועך הפסח במדינה	ועסבר • מן נוי קדש ונוי נכר :
הרבירה	1	0		0	פיוט #215 — צלות מועך הפסח במדינה	ועת יחסל הרבירה * יימר כי בשם יהוה אקרא * ויקרי ואל אהרן בחרה *
טאכלותו	1	0		0	פיוט #215 — צלות מועך הפסח במדינה	מה רב שעתה רבה יימר ושחטו אתו ־ כל מי יקח טאכלותו * וישחט קרבנו
ניחחוחו	1	0		0	פיוט #215 — צלות מועך הפסח במדינה	בחדותו * ויריח יהוה את ריח ניחחוחו * :
מרררור	1	0		0	פיוט #215 — צלות מועך הפסח במדינה	ראו ריח הקרבן אה חכומים * סליק כריח הבשמים י קדה עם מרררור
ונחמלי	1	0		0	פיוט #215 — צלות מועך הפסח במדינה	ונחמלי ונתדי לבבן :
מןצאוטות	1	0		0	פיוט #216 — חפה הו הלילה * וכחנה שלשה	נערך השלחן ׳בשמח : מן בשול טב דמע : מןצאוטות רבות תתמח :
הססותיכם	1	0		0	פיוט #216 — חפה הו הלילה * וכחנה שלשה	השלחן יהוד . לא יברת הססותיכם :
עונותינו	1	0		0	פיוט #217 — ויקבלבם וירחטכם ומועד מברך עליכם	עונותינו חסרתנו : מתנות יהוה אלהינו : וירצי יהוד . עלינו ; ויחתם בטובו
טפנותיכם	1	0		0	פיוט #217 — ויקבלבם וירחטכם ומועד מברך עליכם	טפנותיכם :
בטרור	1	0		0	פיוט #218 — צלות מועד הפסח במדינה	בטרור יתודע המתוק ובמחוק יתודע המרור : ובמצור יתודע הרוח וברוח
ובמחוק	1	0		0	פיוט #218 — צלות מועד הפסח במדינה	בטרור יתודע המתוק ובמחוק יתודע המרור : ובמצור יתודע הרוח וברוח
בקולותיכם	1	0		0	פיוט #218 — צלות מועד הפסח במדינה	והשירו ותרננו בקולותיכם : וחודו ליהוה אלה יכם :
אשמעבם	1	0		0	פיוט #218 — צלות מועד הפסח במדינה	אה ארבונים תנו לי קשט הזית * עד אשמעבם בית בתר בית • כל בית
אניפו	1	0		0	פיוט #218 — צלות מועד הפסח במדינה	זה המפתר ־ אניפו ואמרו אלף ישר :
שבזי	1	0		0	פיוט #218 — צלות מועד הפסח במדינה	זבני * לזה הוה שבזי לחם עני :
ויהעון	1	0		0	פיוט #218 — צלות מועד הפסח במדינה	וחלב בתמר אמר החטא עלי עבר * ויהעון טפטף על פני האבר * וחלף
טפטף	1	0		0	פיוט #218 — צלות מועד הפסח במדינה	וחלב בתמר אמר החטא עלי עבר * ויהעון טפטף על פני האבר * וחלף
זמירותי	1	0		0	פיוט #218 — צלות מועד הפסח במדינה	והאח בדבש אמר שמעו זמירותי * ם ימת הקרובים בסימתי * מן הוה קרוב
ידעד	1	0		0	פיוט #218 — צלות מועד הפסח במדינה	הנבון ידעד קשיטות מימרי : . ז
ההיוזי	1	0		0	פיוט #219 — יומה זעורן ורברבן	החרם £ .ההיוזי * .ורבקיזים י םע ־ הוסרו
ורבקיזים	1	0		0	פיוט #219 — יומה זעורן ורברבן	החרם £ .ההיוזי * .ורבקיזים י םע ־ הוסרו
םע	1	0	לשמוע	0.192	פיוט #219 — יומה זעורן ורברבן	החרם £ .ההיוזי * .ורבקיזים י םע ־ הוסרו
בשלישו	1	0		0	פיוט #220 — צלות מועד הפסח במדינה	ברישו הו בעקבו בשלישו הו בלבו • *או בראש זה בזה בקרבו • וכן כל
הרטס	1	0		0	פיוט #220 — צלות מועד הפסח במדינה	ירע זה הרטס * כל בהן נדול מן פינחס ־ ואני פינחס מן פינחס • לחשבן
וישתג	1	0		0	פיוט #220 — צלות מועד הפסח במדינה	צדיק וישתג
טצררו	1	0		0	פיוט #220 — צלות מועד הפסח במדינה	דברו יהוד . מן הסנה * אה עבדי ומימני • לך אל פרעה הסני * והציל עמי טצררו :
עבירותה	1	0		0	פיוט #220 — צלות מועד הפסח במדינה	נופי ארשי זכותה * צעקו אלי בנצירותה * מלנו לחץ עבירותה * ביד רטה
רטה	1	0		0	פיוט #220 — צלות מועד הפסח במדינה	נופי ארשי זכותה * צעקו אלי בנצירותה * מלנו לחץ עבירותה * ביד רטה
החרטומים	1	0		0	פיוט #222 — צלות מרעד הפסח במדינה	ותנין בלעת מטה החרטומים * והיאר התפך בדמים * והצפרדעים סלק מן
למשטר	1	0		0	פיוט #222 — צלות מרעד הפסח במדינה	כבשים * בעשור והיה לכם למשטר :
דאתברוז	1	0		0	פיוט #222 — צלות מרעד הפסח במדינה	טובך אצית ישראל * שמורי מצות האל • דאתברוז על יד הנבי הסניל *
שוטיר	1	0		0	פיוט #222 — צלות מרעד הפסח במדינה	־ . ז ומות בכורים כמה זוכיר • בחצי הליל לית הו שוטיר • והננף והמשחית
טודו	1	0		0	פיוט #222 — צלות מרעד הפסח במדינה	בו אתכנש י וישראל טודו למרו ומשיר :
וקרשק	1	0		0	פיוט #224 — למשטרת ער ארבעה עשר יום לחדש הזה	יתברך ראש כל ראישון * רבחר ישראל וקרשק • דפק דק בכתב קדשו ; י
לטיטפות	1	0		0	פיוט #225 — צלות מועך הפסח במדינה	לטיטפות בין עינים :
הטיפ	1	0		0	פיוט #225 — צלות מועך הפסח במדינה	ישתבח הטיפ ב הרחוק הקריב * דבבתבו אכתיב ופרעה הקריב : . £
חפוז	1	0		0	פיוט #225 — צלות מועך הפסח במדינה	חפוז הו הלילה הזה ליהוה '*
וצדבים	1	0		0	פיוט #225 — צלות מועך הפסח במדינה	בצרר וצדבים :
אצטסדו	1	0		0	פיוט #227 — מועדה יקירה	מן אנה אצטסדו :
עגע	1	0		0	פיוט #227 — מועדה יקירה	* ס •׳ זן י. י־ עגע• ני־י •
רירף	1	0		0	פיוט #227 — מועדה יקירה	ז רירף פרעה וכל צבאו יא ל ימה ומנה מה צאו * ומשדי ועמו צאו ושבחו י
ערח	1	0		0	פיוט #227 — מועדה יקירה	באו ערח פרעה הרשע * בים וקצף ונדושה ־ ורבתוך הים הלכו ביבשה •
אחלח	1	0		0	פיוט #227 — מועדה יקירה	עדת המצרים אציקת * וממלכותם אזלת * וממלכות ישראל אחלח * זכות
חצצחת	1	0		0	פיוט #229 — תנים יוטה מועדיכם	תתקע חצצחת ;
עעות	1	0		0	פיוט #230 — ופסחו	בתר עעות סימנים * :יעשו לננף הסנים * אבהן מנון ובדם יע ד אער
יעראל	1	0		0	פיוט #230 — ופסחו	דבר לנביו מעה * הן לעם יעראל ידעי י 'קחו להם איע עה * ובין
פיעד	1	0		0	פיוט #230 — ופסחו	פיעד . הקשה עם בישו * וישא ננעו בראשו • ועמדי גבותיו בנפשו *
עלח	1	0		0	פיוט #230 — ופסחו	ויהי בחצי הלילה * עלח צעקה גדלה • וקעם פרעה ושלח • אהק ומשה אחו :
וחצצחח	1	0		0	פיוט #230 — ופסחו	וחצצחח התרועה יתקעו :
טט	1	0		0	פיוט #230 — ופסחו	טט טלי טב נפרט * במאום לו כלה יתקשט * יכם ף הלב וימלט * הו דאמר
שט	1	0		0	פיוט #231 — צלות מועך הפסח במדינה	מן שט :
יזבוח	1	0		0	פיוט #231 — צלות מועך הפסח במדינה	רחט הכבש ואניבו לחמי רטיב יקריבו ועל כרזות הכהן יזבוח
כדז	1	0		0	פיוט #231 — צלות מועך הפסח במדינה	זח הגדי בלבו כדז בעתו קטן מנך העז * שרא בי טובות בחפז מעלי
נט	1	0		0	פיוט #231 — צלות מועך הפסח במדינה	ומעטי נט :
לזטה	1	0		0	פיוט #231 — צלות מועך הפסח במדינה	קם הכבש על רגליו מעלה מעלה על עליו את משתלח לזטה ונביליו
אתפנשו	1	0		0	פיוט #232 — צלות מועד הפסח במדינה	ומשה ואריק ברנשו * בהר האלהים אתפנשו * ולפני פרעה כר ננשו •
וחתמחון	1	0		0	פיוט #232 — צלות מועד הפסח במדינה	וחתמחון ננף היה * בבכורי זירניה * ובכורי ישראל בשלמיה * ישתבח
זירניה	1	0		0	פיוט #232 — צלות מועד הפסח במדינה	וחתמחון ננף היה * בבכורי זירניה * ובכורי ישראל בשלמיה * ישתבח
חקוחיו	1	0		0	פיוט #232 — צלות מועד הפסח במדינה	וזבחו הפסח בריאמו * על חקוחיו רהוקמו * ועל המשקוף הדם שמו * ופסח
רהוקמו	1	0		0	פיוט #232 — צלות מועד הפסח במדינה	וזבחו הפסח בריאמו * על חקוחיו רהוקמו * ועל המשקוף הדם שמו * ופסח
ךא	1	0		0	פיוט #232 — צלות מועד הפסח במדינה	כן יפסח יהוד . אמן אמן יל ךא ה ישראל עטה מזדמן י הקרוב מכם והרחוק
והרחוק	1	0		0	פיוט #232 — צלות מועד הפסח במדינה	כן יפסח יהוד . אמן אמן יל ךא ה ישראל עטה מזדמן י הקרוב מכם והרחוק
ושביר	1	0		0	פיוט #232 — צלות מועד הפסח במדינה	ושביר לבבך אולי יטיב :
ינרע	1	0		0	פיוט #232 — צלות מועד הפסח במדינה	ג נ . ז וחייך אמן ישמרה * ואמנותיכון לא ינרע • וחקה מכם לא יפירה * ובל
שביקים	1	0		0	פיוט #233 — חדש האביב	מצות מרך הקים * אוי מן לון שביקים * פקר בני צדקים י ולא יראו
דאשתבח	1	0		0	פיוט #233 — חדש האביב	תוך התורה דאתרבת * פקודיה דאשתבח * אמר דרבותה אתרבת * וביום
סץ	1	0		0	פיוט #234 — השביעי תשבת	נ סץ ג נרול הבחנים מברכו ג
בחזיק	1	0		0	פיוט #237 — צלות שבעת יומי חג המצות רמשה	ואמר ני בחזיק יד הוציאך ; יהוה ממצרים :
הצילבם	1	0		0	פיוט #237 — צלות שבעת יומי חג המצות רמשה	הוא משה רעל ידו הצילבם : ומימת סוברות לבביכם : יהוה ילחם לבם :
ורביקותך	1	0		0	פיוט #237 — צלות שבעת יומי חג המצות רמשה	בגדלו ייטיב אימנותך * ורביקותך באטנותה יכבדו ; ולא יגרע לך
ימיצא	1	0		0	פיוט #237 — צלות שבעת יומי חג המצות רמשה	ימיצא בך לא 'שקר ולא זדו ; בעמל הנביא רבו אימנותך • רעל ירו
רבגללו	1	0		0	פיוט #237 — צלות שבעת יומי חג המצות רמשה	ך . זה ו משה רבגללו שם לך מרך רחמה : ובמטהו בקע לך מי ימה : ויאמנו
ועיד	1	0		0	פיוט #237 — צלות שבעת יומי חג המצות רמשה	ידך ; יהוה ימלך עולם ועיד :
גבירות	1	0		0	פיוט #237 — צלות שבעת יומי חג המצות רמשה	חרבך * ומן גבירות הדבבים תתפדה : וחקוחיו רבקשט כתבך • על האמת
וחקוחיו	1	0		0	פיוט #237 — צלות שבעת יומי חג המצות רמשה	חרבך * ומן גבירות הדבבים תתפדה : וחקוחיו רבקשט כתבך • על האמת
רבקשט	1	0		0	פיוט #237 — צלות שבעת יומי חג המצות רמשה	חרבך * ומן גבירות הדבבים תתפדה : וחקוחיו רבקשט כתבך • על האמת
בטועדיך	1	0		0	פיוט #238 — צלות שבעת יומי חג המצות רמשה	תעשנה ותלמדה : ותתחני בטועדיך ויסיר צדבך • וקבץ לך כל נדח :
צדבך	1	0		0	פיוט #238 — צלות שבעת יומי חג המצות רמשה	תעשנה ותלמדה : ותתחני בטועדיך ויסיר צדבך • וקבץ לך כל נדח :
יזיכר	1	0		0	פיוט #238 — צלות שבעת יומי חג המצות רמשה	יתב דן פתנמה * ער יזיכר שמו ׳ברחמה : אולי מקרא טוב ישתטע • ישים
ישתטע	1	0		0	פיוט #238 — צלות שבעת יומי חג המצות רמשה	יתב דן פתנמה * ער יזיכר שמו ׳ברחמה : אולי מקרא טוב ישתטע • ישים
וזברון	1	0		0	פיוט #239 — צלוח שבעת ממי תנ המצות צפרה	■ לעדתו * ושם בהם פצות וזברון ומוקר : ופקחן יחנו בון על הר נחלתו י
ייקשט	1	0		0	פיוט #239 — צלוח שבעת ממי תנ המצות צפרה	טובך אה עם ישר : על דתך ייקשט תשתמר : ותקום בפקוריו דעליך קשר ;
בפקוריו	1	0		0	פיוט #239 — צלוח שבעת ממי תנ המצות צפרה	טובך אה עם ישר : על דתך ייקשט תשתמר : ותקום בפקוריו דעליך קשר ;
קשר	1	0		0	פיוט #239 — צלוח שבעת ממי תנ המצות צפרה	טובך אה עם ישר : על דתך ייקשט תשתמר : ותקום בפקוריו דעליך קשר ;
זאמשילו	1	0		0	פיוט #241 — צלות שבעת יומי חג המצות צפרה	חילה רברא אבינו ארם * זאמשילו על בוראיה סדרה : ושמו בנן עדן
אלהיפרחטנה	1	0		0	פיוט #241 — צלות שבעת יומי חג המצות צפרה	ץ נ אלהיפרחטנה ויתטר ישתבח מן מימר אברהם בן
רסרו	1	0		0	פיוט #242 — חג המצות : זכרון לפרקן בני כשמה	על יד משה רסרו בחרו ואהבו : ושגרו לעמו יפרקו מן דבבו : וצוהו
שלישה	1	0		0	פיוט #243 — צלות שבעת יומי חג המצות צפרה	* בנדלו קוה מיה * ביומה שלישה : בתקון חכמה ייה • ותראה היבשה :
רמרו	1	0		0	פיוט #244 — יומי חג המצות : שמח לנפוש העם הנושע	הוא משה רמרו לו אהב ; ובמשמר רן מועדה עליך חיב : הך מה בתורות ו
והרנריזים	1	0		0	פיוט #244 — יומי חג המצות : שמח לנפוש העם הנושע	חילה רשם אדונן משה נבינו • והתורה מכתבנו : והרנריזים מסנרנו *
מסנרנו	1	0		0	פיוט #244 — יומי חג המצות : שמח לנפוש העם הנושע	חילה רשם אדונן משה נבינו • והתורה מכתבנו : והרנריזים מסנרנו *
ופקק	1	0		0	פיוט #245 — צלות שבעה יומי חג המצות צפרה	שני כוכבי : ואפריש שבעת יומי המצות * ופקק נחג להמריזים בשמח וחדבי :
וחדבי	1	0		0	פיוט #245 — צלות שבעה יומי חג המצות צפרה	שני כוכבי : ואפריש שבעת יומי המצות * ופקק נחג להמריזים בשמח וחדבי :
הרביע	1	0		0	פיוט #245 — צלות שבעה יומי חג המצות צפרה	בגדלו ברא המאורות ביום הרביע * וברקיע שומיה לון אקים : ן מנון גדלים
ומהעני	1	0		0	פיוט #245 — צלות שבעה יומי חג המצות צפרה	שטון בריה י ולית בריה בטלה : דמצלי ומדכר לון * שוי ומהעני :
טשבחין	1	0		0	פיוט #246 — צלות שבעת יומי חג המצות צפרה	אלהים אל עליון * לך אגן טשבחין : וגו
דאחקדם	1	0		0	פיוט #246 — צלות שבעת יומי חג המצות צפרה	רב אלד . י עליו עוד ישתכח דאחקדם מדברה והיא מן טימר
והמשילו	1	0		0	פיוט #246 — צלות שבעת יומי חג המצות צפרה	והמשילו על סדר בריאתה * ושלשל מן זרעו דמעי כל עמה : ואפריש לון דן
המשילך	1	0		0	פיוט #247 — צלות שבעת יומי חג המצות צפרה	בעמל אדונן משה תמיך והוייך : דעל הקשט המשילך ובתפלותו יקבלך
סת	1	0		0	פיוט #247 — צלות שבעת יומי חג המצות צפרה	א • ג- סת ׳ מרי בעמל תלתי שלמיה :
בלתנווז	1	0		0	פיוט #248 — צלות שבעת יומי חג המצות צפרה	בלתנווז חן וחסד * מן סנאי טבהתך :
ורחאר	1	0		0	פיוט #248 — צלות שבעת יומי חג המצות צפרה	רחמן אתה בדיניך * ורחאר , בטנביאתך :
בטנביאתך	1	0		0	פיוט #248 — צלות שבעת יומי חג המצות צפרה	רחמן אתה בדיניך * ורחאר , בטנביאתך :
לחשבחן	1	0		0	פיוט #248 — צלות שבעת יומי חג המצות צפרה	ישלחה לשונינו • לחשבחן יחראותך : נשאלך תרצי עלינו * במשמר תורותך :
יקירוחך	1	0		0	פיוט #248 — צלות שבעת יומי חג המצות צפרה	ופקח עינינו י לרעת מי יקירוחך ג והולכנו הדרך הדרך * דתרצי לאלהוחך :
לאלהוחך	1	0		0	פיוט #248 — צלות שבעת יומי חג המצות צפרה	ופקח עינינו י לרעת מי יקירוחך ג והולכנו הדרך הדרך * דתרצי לאלהוחך :
בקרישוחך	1	0		0	פיוט #248 — צלות שבעת יומי חג המצות צפרה	וסהר יצרינו • וקדשנו ׳בקרישוחך : חבור הזכאים ארשינו * דכרת עמון
חבור	1	0		0	פיוט #248 — צלות שבעת יומי חג המצות צפרה	וסהר יצרינו • וקדשנו ׳בקרישוחך : חבור הזכאים ארשינו * דכרת עמון
מהבוחך	1	0		0	פיוט #248 — צלות שבעת יומי חג המצות צפרה	ברוך אתה בציאתך ו ואשבין בלבינו * מהבוחך ויראתך : אחנו הזעורים *
אודיענו	1	0		0	פיוט #248 — צלות שבעת יומי חג המצות צפרה	נשאלך ונבקש יתך : אודיענו נא את דרכיך • ואמתן את חמתך : ושא מעלינו
והטפנס	1	0		0	פיוט #248 — צלות שבעת יומי חג המצות צפרה	המזבח • ועשה את חטאתך ואת עלתך ; ובכהנת אלעזר ואיתמר • והטפנס
רתוח	1	0		0	פיוט #248 — צלות שבעת יומי חג המצות צפרה	מן צדקתך • צדקה מן רתוח ך :
שימעיו	1	0		0	פיוט #248 — צלות שבעת יומי חג המצות צפרה	הרחומים : אה שימעיו צבעתה * אה חבום ׳בסיאתה : אה מלוך מנה ורומה *
זתעתו	1	0		0	פיוט #248 — צלות שבעת יומי חג המצות צפרה	שחוקים מעונה י אלהי קדם מתחת זתעתו עולם * אל עליון שטו * וכל העולם
ונשתחויי	1	0		0	פיוט #248 — צלות שבעת יומי חג המצות צפרה	ארצה ונשתחויי * ונתפלל * ונתנפל י ונתחנן * ונאמר בקל רם * אהיה אשר
יסתירני	1	0		0	פיוט #249 — צלית שבעה יומי חג המצות צפרה	גלי קדמיך * וריך אוכל הסתיר פני מטך * ולאהן אברח מפניך * מן יסתירני
וסליחתך	1	0		0	פיוט #249 — צלית שבעה יומי חג המצות צפרה	העצום רחם עבדך הקעום בין ידיך ידרש רחמיך וסליחתך * כי בך דביקותו •
אימנוחו	1	0		0	פיוט #249 — צלית שבעה יומי חג המצות צפרה	שמני מן הסמוכים בדתו י התפושים 'בדגלי שער אימנוחו * וסעדני על משמר
מבריכאחו	1	0		0	פיוט #249 — צלית שבעה יומי חג המצות צפרה	תורותו * והשיב עלי מבריכאחו * עם ברבת שמשי משכנך הקרוש י אהרן
אט	1	0		0	פיוט #249 — צלית שבעה יומי חג המצות צפרה	מרי עתיר שפיפותי • טרי ספק צריכותי * מרי אט ; יראתי י כ רי אצליח שבלי *
אצליח	1	0		0	פיוט #249 — צלית שבעה יומי חג המצות צפרה	מרי עתיר שפיפותי • טרי ספק צריכותי * מרי אט ; יראתי י כ רי אצליח שבלי *
קשעי	1	0		0	פיוט #250 — צלות שבעת יומי חג המצות צפרה	עונותי י מרי אל תפן אל עונותי • וראה את דלותי • מרי אל תפן אל קשעי •
בף	1	0	לבית	0.529	פיוט #250 — צלות שבעת יומי חג המצות צפרה	טרי הסתירני לגו בף רתוחך • טרי טלל בענני רחמיך * מרי עזרני בכוחך
רתוחך	1	0		0	פיוט #250 — צלות שבעת יומי חג המצות צפרה	טרי הסתירני לגו בף רתוחך • טרי טלל בענני רחמיך * מרי עזרני בכוחך
להרנרידם	1	0		0	פיוט #250 — צלות שבעת יומי חג המצות צפרה	ולבני ואל משפחתי י ולכל קהל ישראל הסנודים להרנרידם בית אל •
ושוזבני	1	0		0	פיוט #250 — צלות שבעת יומי חג המצות צפרה	ושוזבני • מכל דבב ופני * וטבל עקה נפשני * והושיעני * וזכרני * ולא
והושיעני	1	0		0	פיוט #250 — צלות שבעת יומי חג המצות צפרה	ושוזבני • מכל דבב ופני * וטבל עקה נפשני * והושיעני * וזכרני * ולא
ריחקני	1	0		0	פיוט #250 — צלות שבעת יומי חג המצות צפרה	ח סרך לא תרתקני • וקרב ריחקני * ועל משמר חומתך ם עדני * ועזמי •
ובברכאתך	1	0		0	פיוט #250 — צלות שבעת יומי חג המצות צפרה	ובברכאתך ברכני * ובקדשיך קדשני י ובשחר הליל איקצני * ופוררני ושמע
איקצני	1	0		0	פיוט #250 — צלות שבעת יומי חג המצות צפרה	ובברכאתך ברכני * ובקדשיך קדשני י ובשחר הליל איקצני * ופוררני ושמע
שגבוגי	1	0		0	פיוט #250 — צלות שבעת יומי חג המצות צפרה	תפלותי י ומורדי * וזכרוני * וקרע שגבותי * דמנך שגבוגי י ועסר ערף הקשה
וברחטסג	1	0		0	פיוט #250 — צלות שבעת יומי חג המצות צפרה	ועניני • וברחטסג ־ אסתירני * וברצונך אריצני * ואשמחני * וטררשי אמטני •
וטררשי	1	0		0	פיוט #250 — צלות שבעת יומי חג המצות צפרה	ועניני • וברחטסג ־ אסתירני * וברצונך אריצני * ואשמחני * וטררשי אמטני •
תטיף	1	0		0	פיוט #251 — צלות שבעת יומי חג המצות צפרה	אלא פתחך אה אדני • דרשתך אלהי השמים בלב שביר בניע * לא תטיף
חשברני	1	0		0	פיוט #251 — צלות שבעת יומי חג המצות צפרה	דרשתו ׳בבהניך ואהביך י ושלטיך ורחמיך נבר שברי ולא חשברני • קראתך
זימני	1	0		0	פיוט #251 — צלות שבעת יומי חג המצות צפרה	ולאבהתי • ולכל קהל ישראל זימני * ולסדר אהבך מן נל הכלני • אמן אהיה
טקרא	1	0		0	פיוט #251 — צלות שבעת יומי חג המצות צפרה	טקרא טוב מן מיטר אבי הכהן עמרם בן שלמה הכהן אלה על
טבלוש	1	0		0	פיוט #251 — צלות שבעת יומי חג המצות צפרה	הוי עטרי בדרך • דלה אני טבלוש :
תגיב	1	0		0	פיוט #251 — צלות שבעת יומי חג המצות צפרה	והן לית תגיב שיאלי * מנו דלי מנפש :
פחש	1	0		0	פיוט #253 — צדקה מדלך על עבדך * שובה טובה לי חדש	זבאה זכור זאון * פחש פני פלי :
מסבילי	1	0		0	פיוט #253 — צדקה מדלך על עבדך * שובה טובה לי חדש	טעי ׳בים העונות * טרח עלי מסבילי :
אתגברח	1	0		0	פיוט #254 — מימר כי כל דרכיו משפט עשה משפט 'רלא בלי	פנותה עליון אתגברח ולא יתם לון עמלי :
אצילני	1	0		0	פיוט #255 — צלית שבעת יומי הג המצות צפרה	ז טרי ברב רחמיך וחסדיך * מכל לחץ אצילני :
תנזיאני	1	0		0	פיוט #255 — צלית שבעת יומי הג המצות צפרה	מרי צדק עלי בצדקתך • ובפי עמלי לא תנזיאני :
סיגדים	1	0		0	פיוט #255 — צלית שבעת יומי הג המצות צפרה	נשבחך וברבותך נתני ־ ונגעו לך סיגדים :
הריץ	1	0		0	פיוט #256 — צלות שבעת יומי הו . המצות צפרה	פנותה לן הריץ * בברית אברהם בן תרח : דמאור כשדים טובך לה
התפריץ	1	0		0	פיוט #256 — צלות שבעת יומי הו . המצות צפרה	רץ * והתינר ׳בדן אתרה ; ובברכתך רבתה התפריץ * ומליך הצדק
זטרתיה	1	0		0	פיוט #256 — צלות שבעת יומי הו . המצות צפרה	רעתה יהוה לאוי לך זטרתיה ־ ולא נבטל מן תשבחך : דסנלתנן מכל אמיה * יי . £
געזה	1	0		0	פיוט #256 — צלות שבעת יומי הו . המצות צפרה	זכאי ביטיבות נפשה געזה * ותרחי שומיה לה מנה ׳ פתוחים : ומלאביה עליו
ראסיד	1	0		0	פיוט #256 — צלות שבעת יומי הו . המצות צפרה	ישראל ולזה * אקר רמע כל המים : ראסיד בעבור ההר הזה * במלים
המציבה	1	0		0	פיוט #257 — צלות שבעת יומי חג המצות צפרה	זב א * אבינו התם ישראל ; והקים בו המציבה * והמזבח ממנו פסל : וקרא
יעזממו	1	0		0	פיוט #257 — צלות שבעת יומי חג המצות צפרה	יעזממו * וזלז במגלי רחותך : ואגלי משכנך וקוממו * במקום דדחנת בו
וזלז	1	0		0	פיוט #257 — צלות שבעת יומי חג המצות צפרה	יעזממו * וזלז במגלי רחותך : ואגלי משכנך וקוממו * במקום דדחנת בו
ונרלך	1	0		0	פיוט #258 — ותטעמו • בהר נחלתך מבון לשבתך	כבודך ונרלך יתקדש • נרכן ונשתעבד במעבדך ; מן רחמיך וחסדך יבלש *
יפינש	1	0		0	פיוט #258 — ותטעמו • בהר נחלתך מבון לשבתך	הזעור הצריך עבדך : פגעו ומדרשו יפינש * ולא השלח בי צדך : והרבב
למסגירך	1	0		0	פיוט #258 — ותטעמו • בהר נחלתך מבון לשבתך	פנים למסגירך : דבו מלאכיך חכנ ש • והוא תרח למעון כבודך ן פעלת '
לנונלת	1	0		0	פיוט #258 — ותטעמו • בהר נחלתך מבון לשבתך	לנונלת מקדשך אה רבה * שאלים ומרננים : זכר ההרך טורה טבה * המבחר
יאידחך	1	0		0	פיוט #258 — ותטעמו • בהר נחלתך מבון לשבתך	הך מה צוה יאידחך : בנבעת עלמה • ונביא לו כל סנחך : 'בשלמות
סנחך	1	0		0	פיוט #258 — ותטעמו • בהר נחלתך מבון לשבתך	הך מה צוה יאידחך : בנבעת עלמה • ונביא לו כל סנחך : 'בשלמות
שינאך	1	0		0	פיוט #258 — ותטעמו • בהר נחלתך מבון לשבתך	לבב ורב שמח * על כעסות כל שינאך : לי תיפיר מנן דן קימה י במשה
במודעך	1	0		0	פיוט #259 — צלות שבעת עמי חג המצות צפרה	נביאך ודמעך : מביא התורה התמימה * וכתב בה במודעך : וזבחת שלמים
מזצרה	1	0		0	פיוט #259 — צלות שבעת עמי חג המצות צפרה	מזצרה * בלוחות ביד אלה 'מדכים : ההר הרי וא בע בר היר דן
ומזיח	1	0		0	פיוט #259 — צלות שבעת עמי חג המצות צפרה	מפתרה י ועליו מלאכיה נסכים : אחרי דרך מבוא השמש ומזיח * דעליו
ענל	1	0		0	פיוט #259 — צלות שבעת עמי חג המצות צפרה	׳ ענל מרי שאלי ורוח ארצמי * ורבי עלי רחמיך : ראתה אח יעני £ עמי * הגבני
בזברונך	1	0		0	פיוט #259 — צלות שבעת עמי חג המצות צפרה	הן עמיך : וסלח לחטאי ואשמי * ואפתח באפי שמיך : כי בזברונך אורי
נזביח	1	0		0	פיוט #259 — צלות שבעת עמי חג המצות צפרה	ושלמיו בו נזביח • ובבל תחלה נקום עליו : ובמזבחו נצלי ונרנן ונשוי • על
ערוחך	1	0		0	פיוט #259 — צלות שבעת עמי חג המצות צפרה	לא תעלה במעלות על מזבחי * אשר לא תגל ־ ז ערוחך אליו
נריזים	1	0		0	פיוט #259 — צלות שבעת עמי חג המצות צפרה	נריזים י ואת הקללה על הר עיכל :
עיכל	1	0		0	פיוט #259 — צלות שבעת עמי חג המצות צפרה	נריזים י ואת הקללה על הר עיכל :
זידמה	1	0		0	פיוט #259 — צלות שבעת עמי חג המצות צפרה	עלמה * הטדבקים בטור קדשיך : והניח אתנו מכל זידמה * וסעדנן ננדי
תרוטתיך	1	0		0	פיוט #259 — צלות שבעת עמי חג המצות צפרה	תרוטתיך : לפניך ברום כל מקומה * הך מה כרת עמן קיאמיך : על יד
המתפריק	1	0		0	פיוט #260 — צלות שבעת יומי חג המצות צפרה	■ יטעו • ויקב־ ןב ו עמו המתפריק : ויקים מימרו אשר בעדו נשאו • על פי
ובזמירות	1	0		0	פיוט #260 — צלות שבעת יומי חג המצות צפרה	ובזמירות לך קראי :
ותודיע	1	0		0	פיוט #260 — צלות שבעת יומי חג המצות צפרה	ותודיע עבדך התעי :
קמב	1	0		0	פיוט #260 — צלות שבעת יומי חג המצות צפרה	ואליך שמני קמב * בברית קטעי : אברהם ויצחק ויעקב • דריחותון ריח ניחי :
ומרלך	1	0		0	פיוט #261 — צלות שבעת יומי חג המצות צפרה	ושים לי בטובך קוממה * ומרלך כוח לי יהי : לעשות משמר דתך הדמע *
תצרבני	1	0		0	פיוט #261 — צלות שבעת יומי חג המצות צפרה	תצרבני לנכרהי :
עקבעי	1	0		0	פיוט #261 — צלות שבעת יומי חג המצות צפרה	וחתם לי בטוב * והיטיב לי עקבעי : ואל אבותי בשלום אשוב י ובנן ערן
פורעי	1	0		0	פיוט #262 — ומן חרונך פסחי	פורעי :
פירש	1	0		0	פיוט #262 — ומן חרונך פסחי	השם פירש * ריבוא אליו האל הנראה :
דאתפיש	1	0		0	פיוט #267 — קמאה י ויחסר ישתבח	גלגיון מתפרש : מנון זה שבת מועד חג המצות * דאתפיש על יד מי
גגש	1	0		0	פיוט #267 — קמאה י ויחסר ישתבח	לערפלה גגש :
ופקרץ	1	0		0	פיוט #267 — קמאה י ויחסר ישתבח	חלה רהציל אבההן ממצרים * בשמח וברגש : ופקרץ במשמר וה היום * ועל הדר הימים ך
מנוץ	1	0		0	פיוט #268 — צלות שבת מועך חג המצות	המועדים : מנוץ מה היום שני • זבנים צמידים : שבת ומועד פרות בני • ״ ■
מצרימח	1	0		0	פיוט #268 — צלות שבת מועך חג המצות	ואלה שמות הבאים מצרימח : ונו
רנע	1	0		0	פיוט #268 — צלות שבת מועך חג המצות	נשוב ונהללך * בכל רנע ובכל אורע : כי אתה אלהינו * מר דלעל ולרע :
כט	1	0		0	פיוט #269 — צלות שבת מועד חג המצות	אלהי ׳נצירה בת • אשר דר׳שו אלה : זבח במקום כט׳ימרו • והעלהו שם ׳
ארשוח	1	0		0	פיוט #269 — צלות שבת מועד חג המצות	ז , עלה : ולא אמנע נפשו מן ארשוח מרו • וערפו * למשפך דמו שלח : ואתפרר
ואסתקף	1	0		0	פיוט #269 — צלות שבת מועד חג המצות	ואסתקף ואתרים : ובא אל בית אל י וישכב ויחלם : וחזה מלאכי רומה • ויקץ
וקרקדה	1	0		0	פיוט #269 — צלות שבת מועד חג המצות	לוי : וקם בן יוכבד ועמרם רו משה הנבי : נשיא עלמה וקרקדה ונזרה :
אוצק	1	0		0	פיוט #269 — צלות שבת מועד חג המצות	אלהי אהרן הכהן אקר הכהנה וארשה : אשר אוצק על ראשו שמן *
טתשרשרה	1	0		0	פיוט #269 — צלות שבת מועד חג המצות	טתשרשרה ג
ראזברו	1	0		0	פיוט #269 — צלות שבת מועד חג המצות	באהלין סיעתה ראזברו אה קהלה ישמרך : ויפתח לך אוצרו * ומן מזון
סתלקחי	1	0		0	פיוט #270 — צלות שבת מועד חג המצות	ושחק : וברד ואש סתלקחי ; : בו הו ת למצרים מניפתה : ׳'
והווז	1	0		0	פיוט #270 — צלות שבת מועד חג המצות	והווז לח יבשתה :
יתכק	1	0		0	פיוט #270 — צלות שבת מועד חג המצות	כמה פרק יתון י יפיק יתכק כותון : ותנילח ותפרח * אמן ותצטמתון :
ותנילח	1	0		0	פיוט #270 — צלות שבת מועד חג המצות	כמה פרק יתון י יפיק יתכק כותון : ותנילח ותפרח * אמן ותצטמתון :
ותצטמתון	1	0		0	פיוט #270 — צלות שבת מועד חג המצות	כמה פרק יתון י יפיק יתכק כותון : ותנילח ותפרח * אמן ותצטמתון :
עציבו	1	0		0	פיוט #270 — צלות שבת מועד חג המצות	והרצון ישיבו • והמשכן עציבו : עד אשר תקריבו • קרבנים יטיבו : אמן
שטרי	1	0		0	פיוט #270 — צלות שבת מועד חג המצות	ישמר יהוד . חיי מן דאבה אהן : מן שטרי ובהן : וברן יומה אהן : הטוב
רררגיו	1	0		0	פיוט #272 — צלות שבת מועך חג המצות	אלהי נשיא אלהים * ואב המון הנוים : ׳רררגיו נלוים * ראטר לו אל קני :
מחוקר	1	0		0	פיוט #272 — צלות שבת מועך חג המצות	אתפשר : והוה בעלטה מחוקר * ובברכה אתותר : וממו קם שני לאמים :
זנוחה	1	0		0	פיוט #272 — צלות שבת מועך חג המצות	אלתי מן שבק * בנריו ואתפרק : ומן זנוחה ערק י ודרך קשטה דרש :
אתפירש	1	0		0	פיוט #272 — צלות שבת מועך חג המצות	ובעובדיו אתפירש * וכליל שלטנותה לבש : ופתר חרי התלמים :
ובסיטנים	1	0		0	פיוט #272 — צלות שבת מועך חג המצות	לישראל מושיע : ובסיטנים לון אושיע • דו נביה רבה משה : נבי כל העולמים :
טתנותו	1	0		0	פיוט #272 — צלות שבת מועך חג המצות	ויתן לך טב טתנותו * וישים לך ישועתו : וינפש לך מכל ארצמים :
אצסמתו	1	0		0	פיוט #272 — צלות שבת מועך חג המצות	סדרה ראכה אצסמתו * עם יהוד ועדתו : דעתבון הבו ואציתו * אק משמע
דעתבון	1	0		0	פיוט #272 — צלות שבת מועך חג המצות	סדרה ראכה אצסמתו * עם יהוד ועדתו : דעתבון הבו ואציתו * אק משמע
החבטה	1	0		0	פיוט #272 — צלות שבת מועך חג המצות	זה המימר : דבו סורים תתפתר • לנבון אשר : לבו מלי מן החבטה :
רכוננו	1	0		0	פיוט #272 — צלות שבת מועך חג המצות	הבל בארם : רכוננו מן עצם ואדם * ואקיטו נבר שלם : ולממלל פתח לו פמה :
ובדילז	1	0		0	פיוט #273 — צלות שבת מועד חג המצות	הצלם : ואתבסר בו העולם • מאז אתקרי בשנם : ובדילז איסתירת עלמה*
איסתירת	1	0		0	פיוט #273 — צלות שבת מועד חג המצות	הצלם : ואתבסר בו העולם • מאז אתקרי בשנם : ובדילז איסתירת עלמה*
תשטישות	1	0		0	פיוט #275 — צלות שנת מועך חנ המצות	ופרקה אקוו • ובינם חשבו : אן אנון ישובו • אל תשטישות דבביהם : ומשה
צלטה	1	0		0	פיוט #275 — צלות שנת מועך חנ המצות	אניבם ־ לא תוסיפון בעיניכם : תעמון טנק צלטה :
רריק	1	0		0	פיוט #275 — צלות שנת מועך חנ המצות	אניב ואטר אליהם י יהודי ילחם לכם : רריק עליכון מן טעונה רמה :
תשליסה	1	0		0	פיוט #275 — צלות שנת מועך חנ המצות	תשליסה :
ארשוחה	1	0		0	פיוט #275 — צלות שנת מועך חנ המצות	וכד אתת ארשוחה • בזאת פקידותה : טן מר אלריותה י למשה ברה דעמרם :
הסינר	1	0		0	פיוט #275 — צלות שנת מועך חנ המצות	במצלות על פניהם * והים הסינר עליהם : ומה צא אנש מהם * וישראל כלם
ופחורה	1	0		0	פיוט #275 — צלות שנת מועך חנ המצות	פצותה : מן לחץ פנותה • בעמל ארשי זכותה : ופחורה רחלמה :
וחתורי	1	0		0	פיוט #276 — וחתמת המימר לוכון י נימר תנים יומה	עור כימי אבות ובנים • תשתבח וחתורי : בכל הימים והשנים י בלשן
טתנאתך	1	0		0	פיוט #277 — צלות שבת מועד חג המצות	עוד נשוב ונהללך • בי אתה אלהינו : על טתנאתך גורי לך י בבל יומינו :
טודאה	1	0		0	פיוט #277 — צלות שבת מועד חג המצות	ותהללות נתן לך * ונימר בפיאנו : לך טודאה על גרלך * יהוה אלהינו : על מה
רלבש	1	0		0	פיוט #277 — צלות שבת מועד חג המצות	אלהי יעקב ישראל • רלבש מן הזכו בליל : ואתא אל בית אל * ודמן •
קעזם	1	0		0	פיוט #277 — צלות שבת מועד חג המצות	במקום : ויחלם וראה בחלום * והנה סלם בארץ קעזם : וראשו מניע השטים •
ראכהנו	1	0		0	פיוט #277 — צלות שבת מועד חג המצות	אלהי בניו השנים • ראכהנו בקדש הטשכנים : והקריבו הקרבנים • ופינחס
הסרכר	1	0		0	פיוט #277 — צלות שבת מועד חג המצות	המעמר ־ ישבנו הסרכר : והלב המחרב ־ יעלנו הערב : והבינה ריק ממו ;
הטניד	1	0		0	פיוט #277 — צלות שבת מועד חג המצות	יפה לך תשים לבך * הלוך בדרך דעת רבך : אה דרוש עין הטניד * שוב
תכלבלנך	1	0		0	פיוט #277 — צלות שבת מועד חג המצות	'לנפשך והניר : בוננותך בך תכלבלנך * ותודיעך מן עשך ויכוננך : ברוך הוא
ותודיעך	1	0		0	פיוט #277 — צלות שבת מועד חג המצות	'לנפשך והניר : בוננותך בך תכלבלנך * ותודיעך מן עשך ויכוננך : ברוך הוא
קוטמית	1	0		0	פיוט #277 — צלות שבת מועד חג המצות	וקשת הברית • הנבות רבך קוטמית : ובפניך הושמו :
רצדקה	1	0		0	פיוט #277 — צלות שבת מועד חג המצות	מתרכב : וצבאות הקדש * הרוח בך והנפש : ומלכה פלנה רצדקה * הכבר
והקפיל	1	0		0	פיוט #277 — צלות שבת מועד חג המצות	והיום והליל * כוח הלב המניר והקפיל : ורע אן השמים והארץ ומה בק •
נלינאתך	1	0		0	פיוט #277 — צלות שבת מועד חג המצות	מה זה אלא את צפין יתר * ואת ישן ולא תתפורר ; ומה מן נלינאתך זכרתי •
ואפשיט	1	0		0	פיוט #277 — צלות שבת מועד חג המצות	הקרש צלא : והוא בינם כהן * בשם דבלבו שיכן : ואפשיט טרו עליו מלבש *
ועבב	1	0		0	פיוט #277 — צלות שבת מועד חג המצות	וערפל וענן ועבב : וסב מן מעון הקרש הצפין הטמיר • מן יומה תליתה הך
נויותו	1	0		0	פיוט #277 — צלות שבת מועד חג המצות	מה דאמיר : ראה מה בשמים עבר * ובתר זה ירד : מכלל בנור נויותו וצלמו :
חשמישוהו	1	0		0	פיוט #277 — צלות שבת מועד חג המצות	כל מנון מה חשמישוהו לא משו : ירום רברא מפסל רמים * וחלץ מנה חילין
סנרים	1	0		0	פיוט #277 — צלות שבת מועד חג המצות	סנרים : מביטים מה ירשי * כל מנון בזרוז לו יעשה : ארשה לים יבקע * אבקע
ותהוטיו	1	0		0	פיוט #278 — צלות שבת מועך חנ המצות	ותהוטיו קפעו • ודבביו טבעו : צללו בעופרת * בתקון חבטת : תהומות יבסיטו :
יבסיטו	1	0		0	פיוט #278 — צלות שבת מועך חנ המצות	ותהוטיו קפעו • ודבביו טבעו : צללו בעופרת * בתקון חבטת : תהומות יבסיטו :
המוביל	1	0		0	פיוט #278 — צלות שבת מועך חנ המצות	כד בא עסיר פרעה המוביל * אחרי עסכר ישראל ; הנביא על הים ידו יט •
רחד	1	0		0	פיוט #278 — צלות שבת מועך חנ המצות	רחד יאחזמו :
דלשנבים	1	0		0	פיוט #278 — צלות שבת מועך חנ המצות	בות * הנביא דבלבו מגלגל גזרים ופקודים הך נהר פרת ; הנביא דלשנבים קרע •
רלמיני	1	0		0	פיוט #278 — צלות שבת מועך חנ המצות	הנביא רלמיני רבואתה מפרע : הנביא דצעם מאה ואשתין עדנים • הנביא
תוכר	1	0		0	פיוט #278 — צלות שבת מועך חנ המצות	דמע : תוך בין שני קצות * תוכר במקומה : בין מופתי המדבר * ומופתי
להתריזים	1	0		0	פיוט #280 — למועדה לימים ימימה	קדש נקיבו : בו מקרא קדש ליהוד . * הר לא יקרבו : ובו חני להתריזים י
ומחתטה	1	0		0	פיוט #280 — למועדה לימים ימימה	הפסח • ומחתטה חג ליהוד . ונצען וישובו : ישראל ובחר • לספר חמשים יום
מצטמדים	1	0		0	פיוט #281 — צלות שבת מועד חג המצות	המסנדים : וכן ישמר חייכם בלבם * מי אנה מצטמדים : ואשול חסדיבון * • אה
חסדיבון	1	0		0	פיוט #281 — צלות שבת מועד חג המצות	המסנדים : וכן ישמר חייכם בלבם * מי אנה מצטמדים : ואשול חסדיבון * • אה
פירו	1	0		0	פיוט #282 — השבת הזוביר • להרבן יוסף עליו הרצון	תרח הברכות * וזה בו הברכות יתמרו : זה עץ החיים י וזה אכל מן פירו : זה
אוזו	1	0		0	פיוט #282 — השבת הזוביר • להרבן יוסף עליו הרצון	ישים לי שלום בבל מאום * בו חן בעיני יהוה אמצא אוזו :
בעזלשו	1	0		0	פיוט #282 — השבת הזוביר • להרבן יוסף עליו הרצון	בעזלשו סעמים בעונה * .מסים .על . נ
בברבאחו	1	0		0	פיוט #282 — השבת הזוביר • להרבן יוסף עליו הרצון	*י . ויברך תבם בברבאחו , : וישא אהרן את ידו על העם ויברכם • שבע מלים
סוער	1	0		0	פיוט #282 — השבת הזוביר • להרבן יוסף עליו הרצון	כברכה בהרני־יזים שבינותו : ויבא משה ואהרן * אל אהל סוער ושרתו : ויצאו
בטובוחו	1	0		0	פיוט #282 — השבת הזוביר • להרבן יוסף עליו הרצון	כל הברכות האלה והשינוך • ברוך אתה בעיר וברוך אתה בשדה 'בטובוחו :
סארתך	1	0		0	פיוט #282 — השבת הזוביר • להרבן יוסף עליו הרצון	ברוך פרי בטנך ופרי אלמתך * ופרי בהמתך מחנותו : ברוך טאנך ומ סארתך *
פנע	1	0		0	פיוט #282 — השבת הזוביר • להרבן יוסף עליו הרצון	כאצטר זה הבית הקראו יהוה 'בלא פנע בטובותו : וזאת הברכה • ער לפני
הזובירה	1	0		0	פיוט #282 — השבת הזוביר • להרבן יוסף עליו הרצון	הזובירה 'בתומתו : 'עם ברכת אדונן משה י אשר שלח בה ישראל עדתו :
ייעמד	1	0		0	פיוט #283 — צלות שבת מועד חג המצות	מסנרינו : ובו הברכה מתקבלה • מפם רום בהנינו ג ייעמד שם ' וסביבותו יב ל
ןט	1	0		0	פיוט #285 — צלות שבת מועך חג המצית	ל ״ מן אריק ע ינ ןט קא • ב * ז • ל • מי נ ■ ס • ר • ש • ת •
בטיטר	1	0		0	פיוט #285 — צלות שבת מועך חג המצית	אפתח פטי בטיטר תשבחן י טלב ומנפש : לשטעיו כל צבען • נאדרי
טלב	1	0		0	פיוט #285 — צלות שבת מועך חג המצית	אפתח פטי בטיטר תשבחן י טלב ומנפש : לשטעיו כל צבען • נאדרי
לשטעיו	1	0		0	פיוט #285 — צלות שבת מועך חג המצית	אפתח פטי בטיטר תשבחן י טלב ומנפש : לשטעיו כל צבען • נאדרי
טקרש	1	0		0	פיוט #285 — צלות שבת מועך חג המצית	בקדש : ואשבח להצור הצעור יד ו טקרש כל קדש : ואה מבה דלית סבור *
למסכק	1	0		0	פיוט #285 — צלות שבת מועך חג המצית	מן טבהחך מואש ; דו לכל טוב טכין • וטבל רע מנפש : ולא טרף למסכק י
וסנול	1	0		0	פיוט #285 — צלות שבת מועך חג המצית	דאתי לצדקה בלש : וסנול בזה היום בחסד • רבו ׳נ בת ויניפש : דו זימון לכל
ויניפש	1	0		0	פיוט #285 — צלות שבת מועך חג המצית	דאתי לצדקה בלש : וסנול בזה היום בחסד • רבו ׳נ בת ויניפש : דו זימון לכל
ברירי	1	0		0	פיוט #286 — מועד • וננד לכל קרש	מד לאוי ועבד * יסתנד וישתבח : הו עבודה דעבד * לכל ברירי באצבע : ברב
וטרבת	1	0		0	פיוט #286 — מועד • וננד לכל קרש	יכלותה • דלא יאחז בארבע : הך די אמנותה • ריתי ומיטב וטרבת : ובנקטותו
וטלחמותו	1	0		0	פיוט #286 — מועד • וננד לכל קרש	ילו ם * וטלחמותו חקר אש בה : מנה נדחל ויתה נרחם * ולה נשתעבד ונשבח :
חקר	1	0		0	פיוט #286 — מועד • וננד לכל קרש	ילו ם * וטלחמותו חקר אש בה : מנה נדחל ויתה נרחם * ולה נשתעבד ונשבח :
חידושים	1	0		0	פיוט #286 — מועד • וננד לכל קרש	יהוה הו האלתים ירוש חידושים : י ״ ה ״ ה ״ קדוש הקדושים : י ה ה
בריזאן	1	0		0	פיוט #286 — מועד • וננד לכל קרש	תלת בריזאן • פני אלהינו אלה : משמון התלתה * שבוני מערת המכפלה :
גזייןטוגבנ	1	0		0	פיוט #286 — מועד • וננד לכל קרש	גזייןטוגבנ מ
ושימיט	1	0		0	פיוט #286 — מועד • וננד לכל קרש	אלה י אהרן הכהן * איטר אמשח לשמן : הקדש ושימיט • משכנה ואנתן • והו ׳*
בקידוש	1	0		0	פיוט #286 — מועד • וננד לכל קרש	אוצרי קדשו : בקידוש מן דאמר לכם * כל מלאכת עברה לא תעשו :
לקוממר	1	0		0	פיוט #287 — צלות שבת מועד חג המצות	ולא ראש ולא ׳ישותף לקוממר •
ברבוחו	1	0		0	פיוט #287 — צלות שבת מועד חג המצות	התמיד ברבוחו :
הבוראוח	1	0		0	פיוט #287 — צלות שבת מועד חג המצות	כל הבוראוח בארשותו :
זריעתו	1	0		0	פיוט #287 — צלות שבת מועד חג המצות	הבל תחת זריעתו :
במטלבותו	1	0		0	פיוט #287 — צלות שבת מועד חג המצות	היבול במטלבותו :
שלטנוחו	1	0		0	פיוט #287 — צלות שבת מועד חג המצות	ולא תתחלף שלטנוחו :
טבאתו	1	0		0	פיוט #287 — צלות שבת מועד חג המצות	יתודי על טבאתו :
וזאנן	1	0		0	פיוט #288 — צלות שבת מועך חג המצות	ואפה נשמת היינן • במת בדול רבותה : וזאנן ומוחינן * הב לן משבחתה :
אסנלנן	1	0		0	פיוט #288 — צלות שבת מועך חג המצות	אסנלנן * דנלא אימנותה : ועל ידו חכמנן • מועדים ושבתה : על זה טובינן
להק	1	0		0	פיוט #288 — צלות שבת מועך חג המצות	טובינן י נקום בנצירותה : ונודי לא להק * על זאת מתנאתה :
ארתאתותן	1	0		0	פיוט #288 — צלות שבת מועך חג המצות	ארתאתותן : יום דנקום קמיך י ולא תחסך יתן : רתותך ורחמיך • שעתה
דבורש	1	0		0	פיוט #289 — חג המצות	כל נשמה : לאלה דבורש על ירו שבתות ומועדים גלניון עצומה : *לאלה
בצריקות	1	0		0	פיוט #290 — תאכל מצות וביום השביעי חג ליהוה	וחכם : ומי אתכלל בצריקות * ובחרה לבוראות שאם : ומי בנה בבית אל
ישטע	1	0		0	פיוט #291 — צלות שבת מועך חג המצות	לוחות • כתיבים מם ם : בקדושה ישטע קל הצבעות * ומכל ינע לובון ינשם :
בסשכן	1	0		0	פיוט #291 — צלות שבת מועך חג המצות	* . £ אלהי אהרן תלים טשה • דהוה בסשכן כהן : ונבי קדש ונשיא * ולבש
והקרבטת	1	0		0	פיוט #291 — צלות שבת מועך חג המצות	הוה נטור : ועובדיו במשכן טבים • ואתרחץ בכיור : והקרבטת בידו
המשטר	1	0		0	פיוט #291 — צלות שבת מועך חג המצות	המשטר : ובאהל מועד יעבר • עבדת הקדש ויעטר • המחתות ויוקד • ויקטר
דאורר	1	0		0	פיוט #291 — צלות שבת מועך חג המצות	ויאכל מן הנותר : כן יאכילך מן המן דאורר * מטל השמים ויכפר :ך
ובעטל	1	0		0	פיוט #292 — צלות שבת מועך חג המצות	יקרא אני אני : בעמל זכאי עלם י ומי ברח מן הזני : ובעטל זרוקי הדם • ׳* י
וישיבבם	1	0		0	פיוט #292 — צלות שבת מועך חג המצות	ואתם אמנים באתריבם : וישיבבם לאלפי רבבות * ויבד רבביכם ז ויוליכון
ביוטיכון	1	0		0	פיוט #293 — ופסחתי עליכם	עליבון ועל כל קהלימן : ומאה שנה כות * זה השבת ביוטיכון : והשמחות
טימרותה	1	0		0	פיוט #295 — צלות שבת מועך חג המצות	נקמותה : בתשבחות אשים ראש אמירותי • בבל טימרותה : עזי וזמרתי *
תביאטו	1	0		0	פיוט #295 — צלות שבת מועך חג המצות	יושבי כנען בעד • קם לון רבי אב הת ה : תביאטו ותטעמו בהר נחלתך •
סנרתה	1	0		0	פיוט #295 — צלות שבת מועך חג המצות	הרנריזים אתר סנרתה : מכון לשבתך • פעלת יהוד מקר שותה : יהוה כוננו ירך *
וריצרר	1	0		0	פיוט #296 — צלות שבת מועך חג המצות	לאיתנו ומצרים : נסעים לקריאת הנגף וריצרר * והטצוק והצררים : אתחסלת
והטצוק	1	0		0	פיוט #296 — צלות שבת מועך חג המצות	לאיתנו ומצרים : נסעים לקריאת הנגף וריצרר * והטצוק והצררים : אתחסלת
הרוזנים	1	0		0	פיוט #296 — צלות שבת מועך חג המצות	סוף אנון הרוזנים הגברים : תהומות יכסיאמו • ירדו במצלות כות הכיפים
יכסיאמו	1	0		0	פיוט #296 — צלות שבת מועך חג המצות	סוף אנון הרוזנים הגברים : תהומות יכסיאמו • ירדו במצלות כות הכיפים
נשבתג	1	0		0	פיוט #296 — צלות שבת מועך חג המצות	והצורים : תשלח חרונך יאכלמו י כקש אנון הנגישים והבפורים : נשבתג
דאננדון	1	0		0	פיוט #297 — צלות שבת מועך חג המצות	י ה ה דהוציאנו מלכים בתר נרות וענות ועבדות : י ה ר. דאננדון
בשדבה	1	0		0	פיוט #298 — חג המצות	* דננד עמו אל ים סוף בשדבה ושלמה : לאלה דעבר עמו בימה
ראשר	1	0		0	פיוט #298 — חג המצות	וצאו מנה בשלמה : לאלה ראשר ששת ימים תאכל מצות וביום השביעי
עליכק	1	0		0	פיוט #298 — חג המצות	דאשיר אז ישר על ימה : אן ישמע קל הצבעות • וידיק עליכק מן
ואלעז	1	0		0	פיוט #298 — חג המצות	אלהי אהרן ואלעז ר ואיתמר • מקטירי הקטרה : ופינחס דלזנים דקר *
פירה	1	0		0	פיוט #298 — חג המצות	ואבל מן פירה : ושתה מן מעין זכותה * וצבע בים הטהרה : ודער במשכן
והזמירה	1	0		0	פיוט #298 — חג המצות	שובתה • ולבש בגרי היראה ; וצמח בשדה יצרותו * זרע התשבחן והזמירה :
שבירה	1	0		0	פיוט #298 — חג המצות	כל דרוש שבירה : וישקי ננח הלב • ממי חכמת התורה : זה מעט מן מפתר
והרארשר	1	0		0	פיוט #298 — חג המצות	ונזרה : דאתמר באישות ארונן אבוה זה הטימר * והרארשר . לי בביורד :
זקינותי	1	0		0	פיוט #299 — צלות שבת מועד חג המצות	חלקותי : ועת יסכם כל חלק ידם * ויגיבו סדר זקינותי : אשית ליהוה היבול
מרכתתי	1	0		0	פיוט #299 — צלות שבת מועד חג המצות	בתפים ובמחלות' : בל חלק וחלק על זה היתוב • דאתקרמו לו מרכתתי :
שמחותיבון	1	0		0	פיוט #299 — צלות שבת מועד חג המצות	ויחדש שמחותיבון : ואלה יחני * יתכון בסדר מועריכון : ובזה המועד השני ־
במועדיבוך	1	0		0	פיוט #299 — צלות שבת מועד חג המצות	במועדיבוך ; ובו חג אל הר השכינה * והנחלה קדש טבריכון : ובו תשתמע
במדכיבון	1	0		0	פיוט #299 — צלות שבת מועד חג המצות	במדכיבון
דבצרק	1	0		0	פיוט #299 — צלות שבת מועד חג המצות	ביכלו * וקרא בינינן משפט : על כן נגדלו * דבצרק ישפט : הצור תמים
ברקטיס	1	0		0	פיוט #299 — צלות שבת מועד חג המצות	בבל צפר ורמש • ובכל לילה ויומם : נגש נפרש נדרש י ברקטיס נתקומם :
בריזא	1	0		0	פיוט #300 — המצות : י ה ה *דשם בו לעמו שמחות	נבח בריזא ; בשם * המיטב המרבח : ונזכר זכאי העולם * בעלי המיחובה :
ראפיר	1	0		0	פיוט #300 — המצות : י ה ה *דשם בו לעמו שמחות	ראפיר ופומרת את התקה הואת ■
ופומרת	1	0		0	פיוט #300 — המצות : י ה ה *דשם בו לעמו שמחות	ראפיר ופומרת את התקה הואת ■
טועדיכון	1	0		0	פיוט #301 — צלות שבת מועד חג המצות	טועדיכון : ולכל חדש וחקת ולכל יוטיכון : ולכל בדור מסבת לוכון ולסדר
יוטיכון	1	0		0	פיוט #301 — צלות שבת מועד חג המצות	טועדיכון : ולכל חדש וחקת ולכל יוטיכון : ולכל בדור מסבת לוכון ולסדר
תפנעו	1	0		0	פיוט #303 — צלות שבת מועך חג המצות	מה אמלל • מה עליו תפנעו : אמת לרש מרן י בריאת העולם תמצאו :
הענוד	1	0		0	פיוט #303 — צלות שבת מועך חג המצות	זה אתו כלם * שטועים ישמעו : ויסירו ביבלות הענוד * הן לית אלה אלא
טנשבה	1	0		0	פיוט #303 — צלות שבת מועך חג המצות	היא רכיבה : עפרה יבשתה * ומיד . רטיבה : ואשתה להבה * ורוחה ׳טנשבה
וארכעתי	1	0		0	פיוט #303 — צלות שבת מועך חג המצות	וארכעתי זבניה • מיתבין בארבה : ועל ארבעת רבעתיו * מ עדן נציבה :
וטורח	1	0		0	פיוט #303 — צלות שבת מועך חג המצות	משה • וכהנ ה'דריבה : וטורח טבה המרידם י ואהן הו 'כתבה :
זיעמר	1	0		0	פיוט #303 — צלות שבת מועך חג המצות	לדם * דורי קשטה אהן : זיעמר בין המיתים ובי ; החיים * וכל יקרן ימתן :
יסתגר	1	0		0	פיוט #303 — צלות שבת מועך חג המצות	טבריה אתעבר : מסגד אלא הן הו בית לל * והאלהים יסתגר : ומכון
מגליד	1	0		0	פיוט #303 — צלות שבת מועך חג המצות	לשבת בארץ ־ אתבנה מגליד : מעון הקדש ממעל • ולו על הדה סהר :
ברלה	1	0		0	פיוט #303 — צלות שבת מועך חג המצות	מסגד : תבואת גבעת עולם * וברכה ברלה בבל מועד : והוינן אמרנן ה ;
וטסנד	1	0		0	פיוט #303 — צלות שבת מועך חג המצות	זאת תלת ארכונים • נבי וכהן וטסנד : ואשתיר ׳כתבה • רבה אשר ירד : גדלו
איזנו	1	0		0	פיוט #303 — צלות שבת מועך חג המצות	עברנו : ואתון אה חגיה כר אתיתון • וירדתון איזנו ; למה אלא , ער
רפניון	1	0		0	פיוט #303 — צלות שבת מועך חג המצות	לזה החדש הראישון • אנחנו שמשים : על מה עבר מרן בו י'עם רפניון
ררחותרי	1	0		0	פיוט #303 — צלות שבת מועך חג המצות	מן אתריבון תיתו * אל הארץ הטובה : הזאת אשר בה י ארשה ררחותרי
בסוביבה	1	0		0	פיוט #304 — צלות שבת מועך חג המצות	אליו * מיו ב בסוביבה : והיא לבין עם הארץ * הן ים ובתוכו תיבה : ומצות
ננידים	1	0		0	פיוט #304 — צלות שבת מועך חג המצות	*' . ז נעמי יתבון ואתון * ננידים ביד אלה ; עלים אל הטקרש * הר המנוחה
הטקרש	1	0		0	פיוט #304 — צלות שבת מועך חג המצות	*' . ז נעמי יתבון ואתון * ננידים ביד אלה ; עלים אל הטקרש * הר המנוחה
רטלאכים	1	0		0	פיוט #304 — צלות שבת מועך חג המצות	רטלאכים מצלים עליון • בכל יומם ולילה : והתמח בראות צלותה י
עביראחה	1	0		0	פיוט #304 — צלות שבת מועך חג המצות	אחן י אתרה וישמרון : עתיקות עביראחה * וידרשו מן מרון : בשער
תתרכרון	1	0		0	פיוט #304 — צלות שבת מועך חג המצות	שומיה • למען ישוב יהוה מחתן : אפו ונתן לך רחמים * ובטוב תתרכרון ;
מיחוביחיה	1	0		0	פיוט #304 — צלות שבת מועך חג המצות	על אתר זה היום ההוא י תלך אל מערת : שדי המכפלה • אשר מיחוביחיה
וסיעחה	1	0		0	פיוט #304 — צלות שבת מועך חג המצות	יתרת : וסיעחה דשכנו בה ־ רזכותון אנירת : אברהם ויצחק ויעקב • אשר
רזכותון	1	0		0	פיוט #304 — צלות שבת מועך חג המצות	יתרת : וסיעחה דשכנו בה ־ רזכותון אנירת : אברהם ויצחק ויעקב • אשר
פנותרי	1	0		0	פיוט #304 — צלות שבת מועך חג המצות	נכרת : הא מן פנותרי הא מן פנותה • אשר אתנברת : עלינו ואמשילת
ואמשילת	1	0		0	פיוט #304 — צלות שבת מועך חג המצות	נכרת : הא מן פנותרי הא מן פנותה • אשר אתנברת : עלינו ואמשילת
אתסנרת	1	0		0	פיוט #304 — צלות שבת מועך חג המצות	טבהתה אתפתחת • ותרתי בישותה אתסנרת : ורחמיה אתפרשת י
תשמישוח	1	0		0	פיוט #304 — צלות שבת מועך חג המצות	והמגיפה נעצרת : ותלך אל עברתה • בטובות יתרת : אל תשמישוח
ראמרתי	1	0		0	פיוט #304 — צלות שבת מועך חג המצות	ראמרתי קטיכון * ומן אנה מה אשתיר : בתר זה הדבר כלו * אלא כל
הלכותוף	1	0		0	פיוט #304 — צלות שבת מועך חג המצות	מן לו אתר : ילך לידה בטוב * ועינינו תמטיר מטר : דמעות על הלכותוף :
הלנוודכון	1	0		0	פיוט #304 — צלות שבת מועך חג המצות	הלנוודכון *
לשבעוח	1	0		0	פיוט #305 — צלות שבת מועך חג המצות	לאנה • נל שנה בשלם ובאיקר : ומן ישב עמנו • לשבעוח יספר : יצדק
דאכיתב	1	0		0	פיוט #305 — צלות שבת מועך חג המצות	אבישע • בן פינחס בן אלעזר : דאכיתב בימי הרצון י בשנת שלשה עשר :
בחדבותה	1	0		0	פיוט #305 — צלות שבת מועך חג המצות	ויסכמה בחדבותה : וישב על מיתוביתו * וילבש בגדי קדישותה : וישרי
עבראוחה	1	0		0	פיוט #305 — צלות שבת מועך חג המצות	יקרי תרי קצים • בלשן עבראוחה : ועל כל עמידה ועמידה * יימרו סדר
רתקבלו	1	0		0	פיוט #305 — צלות שבת מועך חג המצות	צלותה * רתקבלו מלי ברכותה : *מפם הכהן הגדול • דלו סב עקובאתה:
עררוחה	1	0		0	פיוט #305 — צלות שבת מועך חג המצות	עררוחה : וחתמת מימרי יסלח אלה חובך * רו מרין דסליחתה :
מנרנר	1	0		0	פיוט #307 — מימר אדונן אבישע רצון יהוד . עליו אמן	מנרנר • וישראל בו בשמחותר , : בקרבן הפסח בטוב בבד * בדקטיס מול קדש
בשמחותר	1	0		0	פיוט #307 — מימר אדונן אבישע רצון יהוד . עליו אמן	מנרנר • וישראל בו בשמחותר , : בקרבן הפסח בטוב בבד * בדקטיס מול קדש
פקידותי	1	0		0	פיוט #307 — מימר אדונן אבישע רצון יהוד . עליו אמן	בזאת פקידותי . : מאה שנה ישוב אליכון בחסד * וזהו וששו ושלמותה :
בצלוחה	1	0		0	פיוט #307 — מימר אדונן אבישע רצון יהוד . עליו אמן	סדרה דאבה אזדבד • בנצירו בצלוחה : בעמל משה בן יוכבד • מאורה
יתנלב	1	0		0	פיוט #309 — שבתה : רבתון למועריה	יתנלב קרא ה.... . וידבר אלהים את כל הדברים האלה ונו
בגרול	1	0		0	פיוט #310 — צלות שבת מועד חג המצות	וברב נאונך יתפנו הכהנים במכתבים אל הקהל * וינשקו המכתבים בגרול
שנדי	1	0		0	פיוט #310 — צלות שבת מועד חג המצות	החל ובקטן כלה ויאמרו לכהנים מאה שנדי ביומיכם ןי ע ־
רריש	1	0		0	פיוט #311 — דכור מן מימר עבד אלה בן שלמה ירחמו יהוה	ועשית דת רריש * לפם די ריח ותה : ישר אה פעלו * ביום הזה נהית :
תוריעך	1	0		0	פיוט #311 — דכור מן מימר עבד אלה בן שלמה ירחמו יהוה	ותקשט ותתקשט * וזאת קשיטותה : תוריעך בעודני י עדני אנשמותה :
והשחחויתה	1	0		0	פיוט #311 — דכור מן מימר עבד אלה בן שלמה ירחמו יהוה	בתר מיכל קרבן ׳ צלי באשתה ושמח לב ונפש * ונרחת והשחחויתה :
לפדב	1	0		0	פיוט #311 — דכור מן מימר עבד אלה בן שלמה ירחמו יהוה	ם * -׳רמתם לפדב וגו ״ הורה ובניך * .עובעה פובהות חססר לך
עובעה	1	0		0	פיוט #311 — דכור מן מימר עבד אלה בן שלמה ירחמו יהוה	ם * -׳רמתם לפדב וגו ״ הורה ובניך * .עובעה פובהות חססר לך
פובהות	1	0		0	פיוט #311 — דכור מן מימר עבד אלה בן שלמה ירחמו יהוה	ם * -׳רמתם לפדב וגו ״ הורה ובניך * .עובעה פובהות חססר לך
חססר	1	0		0	פיוט #311 — דכור מן מימר עבד אלה בן שלמה ירחמו יהוה	ם * -׳רמתם לפדב וגו ״ הורה ובניך * .עובעה פובהות חססר לך
צבעתרי	1	0		0	פיוט #314 — מועד הפסח • ואתם בשדך ושלמותה	אהיה אשר אהיה * אה שמעיו צבעתרי : נפש לחץ עמך י ואזמן לון פצוחה :
פצוחה	1	0		0	פיוט #314 — מועד הפסח • ואתם בשדך ושלמותה	אהיה אשר אהיה * אה שמעיו צבעתרי : נפש לחץ עמך י ואזמן לון פצוחה :
פסמותה	1	0		0	פיוט #314 — מועד הפסח • ואתם בשדך ושלמותה	חתמו צלותיכון • ואמרו *בדביות פסמותה : בחלבון פם אחד • אדני יהוד
רבוד	1	0		0	פיוט #314 — מועד הפסח • ואתם בשדך ושלמותה	עורן כן רבוד מן מימר סעד אלה הבתרי יסלח לו מרי אמן :
עכדכון	1	0		0	פיוט #314 — מועד הפסח • ואתם בשדך ושלמותה	עבר עכדכון אני •
וחבטתי	1	0		0	פיוט #314 — מועד הפסח • ואתם בשדך ושלמותה	וחבטתי דלותם * ואזכרה את בריתי : ואמר למשה יא ה עבדי ובן ביתי :
טספרון	1	0		0	פיוט #314 — מועד הפסח • ואתם בשדך ושלמותה	ושלח משה בסימנים י לית טספרון מתי : מנון ארתע לב פרעה * ואסר
חיטאתי	1	0		0	פיוט #314 — מועד הפסח • ואתם בשדך ושלמותה	חיטאתי :
בקוסז	1	0		0	פיוט #314 — מועד הפסח • ואתם בשדך ושלמותה	בקוסז אמירותה *
כטימרו	1	0		0	פיוט #315 — צלות שבת מועד חג המצות	וקידש ירווה בכוריהם • כטימרו ׳ביזם הכיתי כל בכור בארץ מצרים י * . ז
אביקע	1	0		0	פיוט #315 — צלות שבת מועד חג המצות	והים אביקע פניון * והוה בו תרח פתיח : ועברו בו ביבשה * הא עיני
צמיתי	1	0		0	פיוט #315 — צלות שבת מועד חג המצות	תנים יומה מאה שנה * אה סדר צמיתי : שנים סנים זה המועד •
לשנותיי	1	0		0	פיוט #316 — המועד * בשרך ושלמותי	חתמו צלותיכון • ואמרו בדכיות לשנותיי : כהלבון פם אחד * עזי
וייניפהו	1	0		0	פיוט #316 — המועד * בשרך ושלמותי	ממללי חדש יפה • מן הידועים אקרו : וייניפהו תנופה * תשבחן הממן
חסורי	1	0		0	פיוט #316 — המועד * בשרך ושלמותי	ומבתר חסורי המצרים * כל אחר מן כסות בכורו : פני פרעה הוו סדורים *
במרברון	1	0		0	פיוט #318 — סדרו	שמע משה מה מלל י ואניבו על דברו : הך טי אנדה ישראל • במרברון
ושופטך	1	0		0	פיוט #318 — סדרו	ז אשרך ולא המלל • וחכם בדרך ישרו : בין מצרים וישראל • ושופטך לא
אוקת	1	0		0	פיוט #318 — סדרו	לכם אוקת :
אסתדת	1	0		0	פיוט #318 — סדרו	ועל מי פני אסתדת :
למתלתיבון	1	0		0	פיוט #318 — סדרו	וירוה למתלתיבון • וישם לוכון פשרו : ויפני טספריכון י ותרבו אמן ותפרו ;
טספריכון	1	0		0	פיוט #318 — סדרו	וירוה למתלתיבון • וישם לוכון פשרו : ויפני טספריכון י ותרבו אמן ותפרו ;
חםדד	1	0		0	פיוט #319 — צלות שבת מועך חג המצית	אדני יהוה אי ראייי ביב יי ' חםדד * י ל ■ ' סעיתה
ובזכחן	1	0		0	פיוט #320 — מועדי יהוה אשר תקראו אתם ... . ברחמיך	משה עבדך ובכהנת שמשי משכן קדשך אהרן ואלעור ואיתמר ופינחס • ובזכחן
יחפחר	1	0		0	פיוט #320 — מועדי יהוה אשר תקראו אתם ... . ברחמיך	יחפחר * והעין תפקח : פקח עיניך וראה * מה בך מטן ומשקח : הבטי ■על
כארזץ	1	0		0	פיוט #321 — צלות שבת מועד חג המצות	כארזץ ואמרים * וכל מן לו טעקה : ואבלו . אתו על מצות ומרורים • וכן
טעקה	1	0		0	פיוט #321 — צלות שבת מועד חג המצות	כארזץ ואמרים * וכל מן לו טעקה : ואבלו . אתו על מצות ומרורים • וכן
פעטים	1	0		0	פיוט #321 — צלות שבת מועד חג המצות	דבשה ומה מתקה : שלש פעטים בשנה * תתעבר זאת החקה : דרשתי אתסלי
חישקה	1	0		0	פיוט #321 — צלות שבת מועד חג המצות	באל זי ראיתי הדרך רחוקה : ואין עמי צרר . לה * ונפשי לה חישקה : ימטנך
יטתיקה	1	0		0	פיוט #321 — צלות שבת מועד חג המצות	מרך לזה * ומרורך יטתיקה נ ביום השבת הזה * רזכרונו במרדו־ור מרקח :
רזכרונו	1	0		0	פיוט #321 — צלות שבת מועד חג המצות	מרך לזה * ומרורך יטתיקה נ ביום השבת הזה * רזכרונו במרדו־ור מרקח :
דצבעחך	1	0		0	פיוט #321 — צלות שבת מועד חג המצות	וברזל פנותה מעל צוארך יפרקה : וישמע קלין דצבעחך י ויכפת מפניך עשוי
ורחסותו	1	0		0	פיוט #321 — צלות שבת מועד חג המצות	עליו עוד מרן גדול לו עור * רצון יהוה ורחסותו עליו אמן :
שוטה	1	0		0	פיוט #321 — צלות שבת מועד חג המצות	מכללה י בשם אלה * ואלה יקבלה : וישקף מן שומי שוטה :
ואררשו	1	0		0	פיוט #321 — צלות שבת מועד חג המצות	אקדשו * בקדשו * ואררשו * במדרשו ואבקשו : ואחילו * ואנדילו * ואנירלו י
ואנירלו	1	0		0	פיוט #321 — צלות שבת מועד חג המצות	אקדשו * בקדשו * ואררשו * במדרשו ואבקשו : ואחילו * ואנדילו * ואנירלו י
ורביקותי	1	0		0	פיוט #321 — צלות שבת מועד חג המצות	וזמרתי ורביקותי ולישועתו קויתי : יתן לי יכולה על מה ;
רתש	1	0		0	פיוט #321 — צלות שבת מועד חג המצות	אני לו רתש וקמיך פרוש * אה עם עם קרוש ועם ננוש בעקב ובראש :
קעוס	1	0		0	פיוט #321 — צלות שבת מועד חג המצות	העמר קעוס ג
דאסנלנן	1	0		0	פיוט #323 — הך עופים מטעסים : ממחרת הפסח ביד רמה	ויכבד י ויסתנד • ויתעבד • דאסנלנן בכל מועד • ומולד • כהם לא אתעמה :
טיחובית	1	0		0	פיוט #323 — הך עופים מטעסים : ממחרת הפסח ביד רמה	שטו פינחס ימ ן פינחס * לו טיחובית פינחס • אלה לו יחם * ולאיביו
סוביבון	1	0		0	פיוט #325 — צלות שבת מועד חג המצות	סוביבון אה ישראל תשמרו * חג המצות ותימרו • כלכון פם אחד בנצירו *
והושיעו	1	0		0	פיוט #325 — צלות שבת מועד חג המצות	ז אשירו לאל בקול רם • דהציל עמו ממצרים בשלם • והושיעו מן פרעה
וחטח	1	0		0	פיוט #325 — צלות שבת מועד חג המצות	וחטח לשני נוים כרים :
והס	1	0		0	פיוט #325 — צלות שבת מועד חג המצות	זבן עמו עמה והס גיל * הרבב בקצף גדיל • ועל שפת ימה נפיל • אז ישר
ראפקך	1	0		0	פיוט #325 — צלות שבת מועד חג המצות	ז טובך למרך תשמע • אה ישראל ותשמח * ראפקך מן ימה בשמח • טוב
חשתמרו	1	0		0	פיוט #325 — צלות שבת מועד חג המצות	חשתמרו אה מן אנה צמידים • האבות ומן הילדים * ותהונו תמיד בזהם
והשיעו	1	0		0	פיוט #326 — צלות שבת מועך חג המצות	אשית לאלה אה עם רם • דפדה אבהתך ממצרים בריאם * והשיעו על ירי
אחוקר	1	0		0	פיוט #327 — צלות שבת מועך חג המצות	אחוקר אטורו * ולבש נזרו * בין סדרו : במדע ומפתרו • כד אמר מראש ׳
הירוש	1	0		0	פיוט #327 — צלות שבת מועך חג המצות	ובמאודו יקדש * השם המתפרש * הירוש לכל ירש : המאסי לכל באש *
פחור	1	0		0	פיוט #327 — צלות שבת מועך חג המצות	ושטו ריטור • ולכל ת פחור • ולכל מרע יתור : ובלבו סדור • נהרי ימה *
מתנללים	1	0		0	פיוט #327 — צלות שבת מועך חג המצות	מתנללים * מתקבלים * חך קולים : טקהלים • כארבע אקרים * באדם
טקהלים	1	0		0	פיוט #327 — צלות שבת מועך חג המצות	מתנללים * מתקבלים * חך קולים : טקהלים • כארבע אקרים * באדם
פרורים	1	0		0	פיוט #327 — צלות שבת מועך חג המצות	פרורים י מסתתרים : אש ורוח ומים וחפרים * כל אחד לחברו : קובלו :
מצתטדי	1	0		0	פיוט #327 — צלות שבת מועך חג המצות	ואנה ינדי • הנבון עמדי * רז מן אל שרי : בו מצתטדי • ויגלנה לידך •
וינידך	1	0		0	פיוט #327 — צלות שבת מועך חג המצות	וינידך * ויננדך לאשר פקדך : האל ביכלו ;
ויננדך	1	0		0	פיוט #327 — צלות שבת מועך חג המצות	וינידך * ויננדך לאשר פקדך : האל ביכלו ;
אסנלו	1	0		0	פיוט #327 — צלות שבת מועך חג המצות	נביא * שליח מהביא : קרש כל כתבי • ובו מצוי : לעם קדש מרך אסנלו :
סנולך	1	0		0	פיוט #327 — צלות שבת מועך חג המצות	ואת הו הזוכיר • למען ספיר * מה אסתיר : מן ח מתפחר • הוא סנולך י
תצילו	1	0		0	פיוט #327 — צלות שבת מועך חג המצות	בעשות סימני : בגלל מחנה י ישראל בני : עד תצילו :
ואגאב	1	0		0	פיוט #327 — צלות שבת מועך חג המצות	האל הצדק * ואגאב ואריק • לו מה תצעק : והשם בירך פעלו :
יבביהלמה	1	0		0	פיוט #327 — צלות שבת מועך חג המצות	יבביהלמה
ואחפרקו	1	0		0	פיוט #328 — צלות שבת מועד חג המצות	וישא העם את בצקו • כל איש בשקו * עדן נפקו י ואחפרקו : מזה קם עמלו :
קת	1	0		0	פיוט #328 — צלות שבת מועד חג המצות	אתקטלו : וכקדוש מן דאמר ח קת ע ולם ת היה * שבעת ימים מצות
נשתחבד	1	0		0	פיוט #328 — צלות שבת מועד חג המצות	נשתחבד ונשבח * ונשתחוי לנרמך : אנרית עלמה וכל דבה י וקטרת עמה
קיאטך	1	0		0	פיוט #328 — צלות שבת מועד חג המצות	קיאטך : ובששת ימים חדדת • כל מוצא בעולמך : ויום השביעי קרשת *
רשלחת	1	0		0	פיוט #328 — צלות שבת מועד חג המצות	ואסגלת ׳ בו עמך : על יד נביאך רשלחת • במופתים מעמך : לפרעה בה
קוסמי	1	0		0	פיוט #329 — צלות שבת מועד חג המצות	ונם הנם הלם * אודי הבריו עלמי : אמצאני על דת משה * ושם בו קוסמי :
מגיבות	1	0		0	פיוט #329 — צלות שבת מועד חג המצות	מה יהיה מגיבות פממי : אניב לה מרה ואמר י אהיה אשר אהיה זה שמי :
אשתמיע	1	0		0	פיוט #329 — צלות שבת מועד חג המצות	דיניה עליון אתרברבו י ושנר זה מה אשתמיע : במכות כל שנא * והיית אך
וצפינתי	1	0		0	פיוט #330 — לית לעורן בה נמי	טמיר : וצפינתי פענה • יוציא זה וישביר : לכם צריך מזונה • בשבתנו על
ויקבאע	1	0		0	פיוט #330 — לית לעורן בה נמי	דבל מהם אמסיר : לדרגתה רבתה * ויקבאע ויעביר : לפניו מה אתעשה ׳
אחיר	1	0		0	פיוט #330 — לית לעורן בה נמי	מבראשית ועד אחיר : אהן כות משה • *דעד לעלמה ' תדיר : אננד מיד הקשה י
ויסניר	1	0		0	פיוט #330 — לית לעורן בה נמי	בתר מימר העתיר : בעדי רב ויושיע • מזה הרנז אסגיר : ויסניר יהוה הכל •
אסנילהו	1	0		0	פיוט #330 — לית לעורן בה נמי	וישראל בו הניאו : ועתה הנה הבאתי * מה בו אסנילהו : עזי וזמרתי יז ה
יושיעהו	1	0		0	פיוט #331 — צלות שבת מועד חג המצות	יושיעהו : מי כמוך באילים יהוה י תנופת שדה יאכלהו : מלכה חיה רמה *
ייניקעהו	1	0		0	פיוט #331 — צלות שבת מועד חג המצות	דבש מסלע ייניקעהו : ובזה השבוע הביאו • בים סוף יוציאהו : ובשבוע
אשטיעו	1	0		0	פיוט #331 — צלות שבת מועד חג המצות	השביעי אשטיעו * דבריו ואבדילהו : שמור את יום השבת י לקדשהו :
דהוציון	1	0		0	פיוט #331 — צלות שבת מועד חג המצות	אב ותינו מיד הספים הבישים : י ה ה ״ דהוציון בזה ראש החדשים :
ראתוקרו	1	0		0	פיוט #332 — ומועדה תחון מתכנשים	באהלין ראתוקרו * יפני לך כל איקר :
חחזקה	1	0		0	פיוט #332 — ומועדה תחון מתכנשים	תמירה * בכוח יד חחזקה : עד תגלי מיד פרעה זבן אהן * פרקן וחניכיו
וחמשק	1	0		0	פיוט #333 — צלות שבת מועד חג המצות	ותחמלא 'במשמר השבעים ־ אנוסה דבבך בחזקה : וחמשק על נוים רבים *
יטשקה	1	0		0	פיוט #333 — צלות שבת מועד חג המצות	ועליך לא יטשקה :
יבנש	1	0		0	פיוט #333 — צלות שבת מועד חג המצות	ירושה ־ דו לבנרים לבש : רישינן בו תתנשא • מי יוכל יבנש : סרר נקיבותו *
כמרררור	1	0		0	פיוט #333 — צלות שבת מועד חג המצות	כמרררור * שב יהודי עליו לשש : וכן זרעו הטהור • דבפניו נגוש : הך קטרח
המזדרמה	1	0		0	פיוט #333 — צלות שבת מועד חג המצות	תנים יומה תנים יומה • אני אמיר לוכון : סדרה המזדרמה י אנה ובכל
פנותר	1	0		0	פיוט #333 — צלות שבת מועד חג המצות	אתריכון : ויסיר פנותר . מעליבון • ומעל כל קהליבון : ותראו יומי רחותה
רעמרם	1	0		0	פיוט #333 — צלות שבת מועד חג המצות	ובעמל משר . ברה רעמרם * קדש כל נביכו ; : ובעמל אהרן ובניו מקט ירי י
המבהב	1	0		0	פיוט #334 — צלות לילה מועד חג המצות רמשה	נ פ ׳ £ ־ בט £ , * ,על המבהב בחרש הראיפוון נ ג ובראשי
הראיפוון	1	0		0	פיוט #334 — צלות לילה מועד חג המצות רמשה	נ פ ׳ £ ־ בט £ , * ,על המבהב בחרש הראיפוון נ ג ובראשי
משסרתיך	1	0		0	פיוט #335 — צלות מועד חג המצות בהרגריזים	לטוב לנו נשאל חסדך וטובך ורחמיך וחסדיך תמלי אתנו לשמר משסרתיך
גגע	1	0		0	פיוט #335 — צלות מועד חג המצות בהרגריזים	גגע יפתח והיה כי יבאו * ן * *
חהוחה	1	0		0	פיוט #336 — אל עליון והא מלך רחמן וישתבח	חהוחה הסאה והתהבים יתחנו * במה אנון *שמרים : מה נלא להם
עיש	1	0		0	פיוט #337 — צלות מועך חג המצות בהרגריזים	״דהנ ׳ ךן ■ג עיש . קרישה נ ״״ י ע * שגג ׳״ ׳ ע * שגג
זיליעירישית	1	0		0	פיוט #337 — צלות מועך חג המצות בהרגריזים	נ נ אריק עלינן סרן ; . א׳ב־זיליעירישית • ס-*
שוביחינו	1	0		0	פיוט #338 — צלית מועד חג המצית בהרנריזים	טוב הטובים ־ קבל שוביחינו * והשיב רצונך • קרוב עלינו :
טדר	1	0		0	פיוט #338 — צלית מועד חג המצית בהרנריזים	יעני טדר זינו * באברהם ויצחק ויעקב * במימרך כי אל רחום יהוה אלהיך *
ישחיחך	1	0		0	פיוט #338 — צלית מועד חג המצית בהרנריזים	לא ירפך ולא ישחיחך :
תרתקנו	1	0		0	פיוט #338 — צלית מועד חג המצית בהרנריזים	קרוב הקרובים • לא תרתקנו * קוים לישועתך • לא תטרף אתנו :
שטעוץ	1	0		0	פיוט #338 — צלית מועד חג המצית בהרנריזים	שלש פעמים בשנה • נחג לך ונשמח ונסובר י שטעוץ דבל צבעתה * שמע
ריתבסרו	1	0		0	פיוט #338 — צלית מועד חג המצית בהרנריזים	והשכינה * ׳ריתבסרו בו ישראל ריחו אלנ פאתו : מן אנה ומן אנה * טרי
בעולריו	1	0		0	פיוט #338 — צלית מועד חג המצית בהרנריזים	תחתני במועדיך אה עמי : ׳רלית לך בעולריו דמי : ן והיית אך שמיר :
יתבלג	1	0		0	פיוט #339 — כי בשם אלקטף * * , **יו	יתבלג קראה רקרא עסרתי סליה וגו
וזזוריב	1	0		0	פיוט #339 — כי בשם אלקטף * * , **יו	ומצרים וראיון ומצות וי □ וענן וכבוד וחב ומקום ושמח ואלעור ונשיבת וקציר וזזוריב *
אלמעוין	1	0		0	פיוט #342 — צלות מועד חג המצות בהרגרידם	■ ק יתהלל ־ י. * © ׳אלמעוין ותניו
ביוטיבם	1	0		0	פיוט #342 — צלות מועד חג המצות בהרגרידם	* מאה שנה ביוטיבם בלכם יסי : מאה שנה
בריף	1	0		0	פיוט #342 — צלות מועד חג המצות בהרגרידם	ארצמה : וישימו מועד בריף ומברך עליכון • אה קהלי יהוה : וכן ישמר
דבהז	1	0		0	פיוט #343 — מועדי יהוה	מפוק : כל סן דאכה • יודי וישבח : לעבור בריאתה י עלמה וכל 'דבהז ן .י
עלג	1	0		0	פיוט #343 — מועדי יהוה	צ.ע־ וישא אהרן עלג לכל העם יתרבי
למדרישבון	1	0		0	פיוט #344 — ך צלות מועך חג המצות בהרגריזיס	יומה כהלבון : ולא יסכן טבהתכון * ויחיל למדרישבון : ויטיב דב׳ריכון
עלמיר	1	0		0	פיוט #344 — ך צלות מועך חג המצות בהרגריזיס	׳ נב .י ׳מקבלאן * ובעואן מתעניאן ביד אלה אלהיה • רב כל רברביה וטסחן עלמיר . •
טלבבין	1	0		0	פיוט #344 — ך צלות מועך חג המצות בהרגריזיס	דבור קיאמיה סלקין טלבבין קרישין * ופטמין ׳דבי לטעונה רטיה * טתרחן
רטיה	1	0		0	פיוט #344 — ך צלות מועך חג המצות בהרגריזיס	דבור קיאמיה סלקין טלבבין קרישין * ופטמין ׳דבי לטעונה רטיה * טתרחן
טתרחן	1	0		0	פיוט #344 — ך צלות מועך חג המצות בהרגריזיס	דבור קיאמיה סלקין טלבבין קרישין * ופטמין ׳דבי לטעונה רטיה * טתרחן
הטצות	1	0		0	פיוט #344 — ך צלות מועך חג המצות בהרגריזיס	זה המועד אשר הו מועד חג הטצות והו חתמת שבעת יומי חב המצות * ומן
הסלש	1	0		0	פיוט #344 — ך צלות מועך חג המצות בהרגריזיס	השבוע הסלש ־ ׳דמן שבע השבתות * והו׳ ג ג מן חמשיתי יוטי ה'רצונו
יוטי	1	0		0	פיוט #344 — ך צלות מועך חג המצות בהרגריזיס	השבוע הסלש ־ ׳דמן שבע השבתות * והו׳ ג ג מן חמשיתי יוטי ה'רצונו
ומועדיבון	1	0		0	פיוט #344 — ך צלות מועך חג המצות בהרגריזיס	ועל כל קהליכון • ומועדיבון טבין טן אלה ן יתהלל אלהים . .- *
טועדד	1	0		0	פיוט #344 — ך צלות מועך חג המצות בהרגריזיס	ו. גז • אתי בשלם טועדד . * לא משתרי חב הקציר : דברנה 'רממן לעלם * חתמת
ופאתחא	1	0		0	פיוט #344 — ך צלות מועך חג המצות בהרגריזיס	כימי ופאתחא המצות ג ■£ £
ותתרוטם	1	0		0	פיוט #344 — ך צלות מועך חג המצות בהרגריזיס	כימי השמים על הארץ • תתברך ותתרוטם : בכל זבן ועת • ובבל לילה
בחהללות	1	0		0	פיוט #344 — ך צלות מועך חג המצות בהרגריזיס	ויומם : תתהלל ותשתבח • בחהללות ורומם : אלהי השמים והארץ * חי
רורת	1	0		0	פיוט #345 — צלות מועד חג המצות בהרגריזים	כל ימי רורת וחליפותם י תמיר על רכותה : דו ממן בריאמה * על סדר
רבתורה	1	0		0	פיוט #345 — צלות מועד חג המצות בהרגריזים	בריאתה : לאוי עלינן אה דמע * עברת מתנותה : רבתורה משימה * קרש
מנציחים	1	0		0	פיוט #345 — צלות מועד חג המצות בהרגריזים	עוד נשוב ונהללך * בלבבים מנציחים : ונקום פני גדלך * בנפשים טהורים :
זהושיען	1	0		0	פיוט #345 — צלות מועד חג המצות בהרגריזים	ידינו * ונימר ברבות שמך : אסיר בל לחץ מעלינו * זהושיען מן נקמך :
ארתאתותה	1	0		0	פיוט #345 — צלות מועד חג המצות בהרגריזים	אה יהוב : והקמת לון בריתה * אה קרוב אה יצוב : בעמלון ארתי ארתאתותה *
טברר	1	0		0	פיוט #345 — צלות מועד חג המצות בהרגריזים	אלהי יצחק נצירה • דאתעקר על המזבח באתרה : על קדש כל טברר . • הר
רלישראל	1	0		0	פיוט #345 — צלות מועד חג המצות בהרגריזים	המושיע : רלישראל הושיע * מיד פרעה הקשה : בסימנים רמים :
הפוקר	1	0		0	פיוט #345 — צלות מועד חג המצות בהרגריזים	אלהי איתמר הפוקר * לבוש בגדי השרד : ואמן על ארון העד • ובמשבנה
קיעם	1	0		0	פיוט #345 — צלות מועד חג המצות בהרגריזים	ולזנים דקר : והמגיפה מעל עמו עצר * וברית כהנה לו קטר : קיעם לעלם
הטתרבי	1	0		0	פיוט #345 — צלות מועד חג המצות בהרגריזים	יתודי ויתיבי : שמו הטתרבי : רו בכל עת מתרבי : ונסיר ביתדאותו :
וחריר	1	0		0	פיוט #345 — צלות מועד חג המצות בהרגריזים	תלימה ולירה אתא : כמה אתת לה ארשותה : מן מר אלהותה : וחריר
רשלחו	1	0		0	פיוט #345 — צלות מועד חג המצות בהרגריזים	ואתיצבו תריון כשמתו * ואגיד משה לאהרן אחו : דברי יהוה רשלחו *
ושטחו	1	0		0	פיוט #345 — צלות מועד חג המצות בהרגריזים	ובר ראו ושמעו * אימנו ושטחו : ולמתן הוה ישבחו * דפקידון בישועתו :
הסימר	1	0		0	פיוט #346 — צלות מועד חג המצות בהרגרידם	וכד שמע פרעה זה הסימר • למשה ולאהרן אמר : טי יהוה אשר * אשמע . £
צרבה	1	0		0	פיוט #346 — צלות מועד חג המצות בהרגרידם	וכל אחד מנון הוה * ימצא נפשו צרבה : וידרש מן משה פצוה * אן ישיגו
טבהחו	1	0		0	פיוט #346 — צלות מועד חג המצות בהרגרידם	וישראל היו באתריון • אבלים קרבניון : ומודים לאלהיון • על רב טבהחו :
מנניפים	1	0		0	פיוט #346 — צלות מועד חג המצות בהרגרידם	ועם זה היו מנניפים * . וענני הקצף עליון מרחפים : ולבביון היו משרפים *
להחרטטיך	1	0		0	פיוט #346 — צלות מועד חג המצות בהרגרידם	ומשה יניבו אל מימרו * אה מסכין אה פרעה : ראה להחרטטיך ומה דברו *
אובל	1	0		0	פיוט #347 — צלות מועד חג המצות בהרגריזים	ואחוריך המימי בינם : לא אובל אני ־ אפתרם גכ לז המ ן מרן אלהיכם :
עליגן	1	0		0	פיוט #347 — צלות מועד חג המצות בהרגריזים	והרבב אשר עליגן יתגבר : עליו מרן יתגבר : ואנן מרן יסובר : ויתן לן
ויוליבך	1	0		0	פיוט #347 — צלות מועד חג המצות בהרגריזים	ויצילך מן אסור פנותה • ויוליבך ברצון אימנותה : ויצליח לך שבילותה י
חייבו	1	0		0	פיוט #348 — סדר דבבותו	וישמר יהוה חייבו ךויורך ביומיכון : ותהבה יקים לונון־ותעזר לקד שטבחתו :
שטבחתו	1	0		0	פיוט #348 — סדר דבבותו	וישמר יהוה חייבו ךויורך ביומיכון : ותהבה יקים לונון־ותעזר לקד שטבחתו :
אננדו	1	0		0	פיוט #348 — סדר דבבותו	־י . הסבי ת ושמע ישראל • מלי אשר אננדו :
אצתמדו	1	0		0	פיוט #349 — צלית מועך הג המצות בהרגריזים	ואכל מן טב פיריו • אשר באילניו אצתמדו : תמחות על תרחו * יפה למי
מסנרו	1	0		0	פיוט #349 — צלית מועך הג המצות בהרגריזים	להרגריזים • קדש כל מסנרו : ושטו לך אה ישראל • חג המצות מעמדו : בו
אכבירו	1	0		0	פיוט #349 — צלית מועך הג המצות בהרגריזים	מופת גדול * על יד משה אתעבדו : בדיל כל עם ישראל * אשר מרן אכבירו :
התריזים	1	0		0	פיוט #349 — צלית מועך הג המצות בהרגריזים	התריזים בית אל י מקום מסגדינו : מאה שנה תעשו אתו • בשמח וששונו :
מחיסרים	1	0		0	פיוט #350 — צלות מועד חג המצות בהרגריזים	מחיסרים :
אסנלה	1	0		0	פיוט #350 — צלות מועד חג המצות בהרגריזים	חרה הר הקדים * כי אלהי קדים : אסנלה מן ימי קרים • בשבעה ׳ערים ;
ראתננרו	1	0		0	פיוט #350 — צלות מועד חג המצות בהרגריזים	ואחר עשר אחד ההרים י ראתננרו עליו תרים • אחר אב הגברים י ואחר
רמלאת	1	0		0	פיוט #350 — צלות מועד חג המצות בהרגריזים	רמלאת לו הידים :
בשמחיבם	1	0		0	פיוט #351 — צלות מועד חג המצות בהרגריזים	ומאה שנה תעשו אתו • ואתון בשמחיבם : מומי אדונן עבד חנו נה •
רבביבון	1	0		0	פיוט #351 — צלות מועד חג המצות בהרגריזים	רבביבון • וימשם יהוה : ולאוי עליכון אה קהלה • אה מן אנה בלכם : תנצירו
תברבם	1	0		0	פיוט #351 — צלות מועד חג המצות בהרגריזים	ידרשו תברבם ; ותצילנו מן פנוחה * וטהרנו מכל ממה : והקים לנו רצונך •
ותצילנו	1	0		0	פיוט #351 — צלות מועד חג המצות בהרגריזים	ידרשו תברבם ; ותצילנו מן פנוחה * וטהרנו מכל ממה : והקים לנו רצונך •
ואיביבון	1	0		0	פיוט #354 — רכן ארכן וטרקה עבורה רעלמה תסתגד וחשתבח וישתבח	במספר שבע שבתות * על יר משה אישון : תספרו יחון מאד . שנה * ואיביבון
ולטציל	1	0		0	פיוט #355 — צלות השבת הראש דמן שבע השבתות	הוא משה אשר ידעהו : ולטציל ישראל שלחהו : ויושיע יהוה ביום ההוא :
ובריר	1	0		0	פיוט #360 — ובי בשם יהוד , אקרא וישרו הזקינים אלקטף	יתה יתהלל ובריר אל הני ' י ויהודי אל ה *
וחליפוחם	1	0		0	פיוט #360 — ובי בשם יהוד , אקרא וישרו הזקינים אלקטף	כימי השמים על הארץ י עוד כימי אבות ובנים ; כל ימי דורות וחליפוחם •
יוזן	1	0		0	פיוט #361 — צלות השבת הראש דמן שבע השבתות	באהלין דאז כרו * אדרש הממן בישרו : הן יוזן לך כל איקרו • וירוח לך
והוציון	1	0		0	פיוט #361 — צלות השבת הראש דמן שבע השבתות	והוציון ביד רמה • והדבב לק עמה : ועברון בימה י וצאו מנה בשלמו :
הושיעון	1	0		0	פיוט #361 — צלות השבת הראש דמן שבע השבתות	והכה דבביון * והמיתו פניון : ואלהים הושיעון * בישועתו ועצמו :
ראזך	1	0		0	פיוט #361 — צלות השבת הראש דמן שבע השבתות	כקש ברב עז ך * ושלטן ראזך : וברוח רנזך • המים ניערמו :
נוזילים	1	0		0	פיוט #361 — צלות השבת הראש דמן שבע השבתות	נצבו כמו נד נאזלים • והמצרים מתו נוזילים : ובתוכו צללים י כעופרת
והמלקוש	1	0		0	פיוט #363 — צלות השבת הראש דמן שבע השבתות	מרטוש : ותתמלי בברכת * היורא והמלקוש :
רמקמי	1	0		0	פיוט #363 — צלות השבת הראש דמן שבע השבתות	רברא עלמה ביחידאותה : י ה ה רמקמי עלמה ומבתרדי : י ה ה דברך
ומבתרדי	1	0		0	פיוט #363 — צלות השבת הראש דמן שבע השבתות	רברא עלמה ביחידאותה : י ה ה רמקמי עלמה ומבתרדי : י ה ה דברך
לרחמגה	1	0		0	פיוט #364 — צלות השבת הראש דמן שבע השבתות	סימניה ופליאתה ; לחבום בסיאתה וגליאתה : לרחמגה דלית סוף לרחמותהי :
לטמלליבון	1	0		0	פיוט #364 — צלות השבת הראש דמן שבע השבתות	וידיק עליכון ממעון קדשו מן שומיה * דרות לשתיקיכון • וכן לטמלליבון *
יפרקנובון	1	0		0	פיוט #364 — צלות השבת הראש דמן שבע השבתות	כן יפרקנובון כותזן מן אדי רבביכון ומן ארי סנאיכון :
ויפקנובון	1	0		0	פיוט #364 — צלות השבת הראש דמן שבע השבתות	ויחלף אלה עליכון חליפה טבה • ויפקנובון אלה • מן לחצה לרוח ומן חכפגה
חכפגה	1	0		0	פיוט #364 — צלות השבת הראש דמן שבע השבתות	ויחלף אלה עליכון חליפה טבה • ויפקנובון אלה • מן לחצה לרוח ומן חכפגה
לנזיראחה	1	0		0	פיוט #364 — צלות השבת הראש דמן שבע השבתות	לנזיראחה ומן קללתה לברבאתה י ומן חשך פנותה לנוד אימנותה :
שטחותיכון	1	0		0	פיוט #364 — צלות השבת הראש דמן שבע השבתות	וירחק לדבביכון : ויקרב רחמיכון י ויאמן יראתיכון : ויחדש שטחותיכון * יי . £
לרצטיבון	1	0		0	פיוט #364 — צלות השבת הראש דמן שבע השבתות	לרצטיבון * וירות לכל טתלתיבון : * וישקף ברחמיו וחסדו עליבון :
טתלתיבון	1	0		0	פיוט #364 — צלות השבת הראש דמן שבע השבתות	לרצטיבון * וירות לכל טתלתיבון : * וישקף ברחמיו וחסדו עליבון :
יוטים	1	0		0	פיוט #364 — צלות השבת הראש דמן שבע השבתות	והו שבעה יוטים : מן חמשיתי יוטיה * רצונו יהוה אלהינו : הן נספר אתם •
לחוביבון	1	0		0	פיוט #364 — צלות השבת הראש דמן שבע השבתות	בריך * ומברך עליבון : ויסלח אמן לחוביבון י ולחטאיכון : ולאשמיבון *
ולאשמיבון	1	0		0	פיוט #364 — צלות השבת הראש דמן שבע השבתות	בריך * ומברך עליבון : ויסלח אמן לחוביבון י ולחטאיכון : ולאשמיבון *
ולפשעיכוץ	1	0		0	פיוט #365 — צלות השבת הראש דמן שבע השבתות	ולפשעיכוץ : וקפל ענן חשבה • ולחצה דפרס עלויכון ן ויחלפנה בחח ובנפוש
לבעואתבון	1	0		0	פיוט #365 — צלות השבת הראש דמן שבע השבתות	ויפתח תריח שומיה לקליין לבעואתבון * וינהר לוטן בעמל רמוכי מערת
ובזטת	1	0		0	פיוט #365 — צלות השבת הראש דמן שבע השבתות	ובזטת יוסף פתורה דחלמה • ובצלות משה • נביה רעלמר . * ישיב אלהנו •
רעלמר	1	0		0	פיוט #365 — צלות השבת הראש דמן שבע השבתות	ובזטת יוסף פתורה דחלמה • ובצלות משה • נביה רעלמר . * ישיב אלהנו •
שבתותח	1	0		0	פיוט #367 — ואחר הו יהוה הנכבד וישתבח לא נדע בעלה	וכל בעותה * וישם לך כל עת טובו וחסדו : ויחני יתך באהלין שבתותח *
ראננד	1	0		0	פיוט #367 — ואחר הו יהוה הנכבד וישתבח לא נדע בעלה	הוא משה נביה רעלמה : ראננד עטו לימה וצאו מנה בשלמה : ויאמנו
נחרל	1	0		0	פיוט #368 — צלות השבת הראש דמן שבע השבתות	לא נחרל ולא נבטל מן מימר כל ימי חיינו והבו נדל . , . ברב נדל
מקסירי	1	0		0	פיוט #370 — צלות השבת הראש דמן שבע השבתות	מקסירי הקטרה * יעלי בחסדו אתרך : ויאמנך ממה תיראה * אתה וכל
טעשון	1	0		0	פיוט #370 — צלות השבת הראש דמן שבע השבתות	התיצבו • וראו נלאת טעשון ג ופלג אחד הוה • לעזרות מצרים מדרשון :
טאתיבון	1	0		0	פיוט #370 — צלות השבת הראש דמן שבע השבתות	אב דמכם ובנו : וירחם טאתיבון • הסגורים לקדש טברינו : ונחתם זה
שבתיז	1	0		0	פיוט #371 — צלות השבת השט דמן שבע השבתות	שבתיז שבת תורה צוד . לנו
טועץ	1	0		0	פיוט #373 — יומיה ומרקה אתהו עבורן וישתבח	בעמלו ישים דרכיך מליץ : ובל מטך יהי טועץ : במי ביאר ויריאהו יהוה
וישליכהו	1	0		0	פיוט #373 — יומיה ומרקה אתהו עבורן וישתבח	עץ : וישליכהו אל המים :
דגלניון	1	0		0	פיוט #373 — יומיה ומרקה אתהו עבורן וישתבח	ויחני יתך באהלין השבתות דגלניון יתרה * בעמל מי קבל שני קרשי :
ישכילך	1	0		0	פיוט #374 — צלות השבת השני דמץ שבע השבתות	טוב ישכילך :
טחעתקה	1	0		0	פיוט #375 — שבתות תמימות • כל שבוע על מספרו	הן חקות עוברה ׳ טחעתקה מן הזכאים * דהרו לטרון שמעין : ומן אימתו
הטיטרים	1	0		0	פיוט #376 — צלות השבת השני דמן שבע השבתות	המים המרירים ״ לנסות היוצאים ממצרים : לדעת לון קדש הטיטרים * הן
ויננר	1	0		0	פיוט #376 — צלות השבת השני דמן שבע השבתות	ויננר יתבון מן פנותה * ותתחלף ברחותה : ויומי שלמותה * ביומיכון
ביוטיבון	1	0		0	פיוט #376 — צלות השבת השני דמן שבע השבתות	ויותר חייכון בהלכון * כל סמוך ממך וארכון : ויוריך ביוטיבון * וברתותו
שטחך	1	0		0	פיוט #376 — צלות השבת השני דמן שבע השבתות	יומיה * שם מבדילות שטחך : מבתר עשותך • הקרבן ומפסחך : פסח יהוד
עטורים	1	0		0	פיוט #376 — צלות השבת השני דמן שבע השבתות	עליך • והוליכך בנסעך : בשני עטורים * ועל ים סוף הנחך : ועברך בו
ואננרך	1	0		0	פיוט #377 — צלות השבת השני דמן שבע השבתות	נשרים * ולארץ הטובה הובאך : ואננרך מן ים סוף אל מיתה ואמתק לך
קבצוח	1	0		0	פיוט #377 — צלות השבת השני דמן שבע השבתות	מי מרה • ואשבע רעבך והמה לצמאך : על סי שלחו בדיל קבצוח פצך ופרה
טסחן	1	0		0	פיוט #377 — צלות השבת השני דמן שבע השבתות	ועל חתמת נדרש מן טסחן אלהותה ישמע לשיאליך : ויקים מה כתב
יצילכם	1	0		0	פיוט #377 — צלות השבת השני דמן שבע השבתות	חמשים יום שבע שבעות תתמלי : יצילכם אה נופיהון מיד פנוחה ומחרב •
מסכינוחיכון	1	0		0	פיוט #377 — צלות השבת השני דמן שבע השבתות	ותשכנו בבתיכון ולא תראו עולי : וירחי מסכינוחיכון ויטפי השרב י ויניב
ויניב	1	0		0	פיוט #377 — צלות השבת השני דמן שבע השבתות	ותשכנו בבתיכון ולא תראו עולי : וירחי מסכינוחיכון ויטפי השרב י ויניב
טימרך	1	0		0	פיוט #377 — צלות השבת השני דמן שבע השבתות	וסמיך : תקים טימרך בכתבי ך בטב ממלליך : ראתמר על יד נביאך שלחיך
רפ	1	0		0	פיוט #377 — צלות השבת השני דמן שבע השבתות	רפ אך כמה בכתביך : אדני יהוה רפאנו מכל חלי :
החהללות	1	0		0	פיוט #377 — צלות השבת השני דמן שבע השבתות	ז טובי מי יקרב בו קרבן תשבחן בטהרות הענינים * ויסך עליו מן החהללות
ואתמף	1	0		0	פיוט #377 — צלות השבת השני דמן שבע השבתות	ובזה השבוע אתחדשת הששונים • ואתמף כל שמח בזבנו ת : דן החתנים
רעובריון	1	0		0	פיוט #377 — צלות השבת השני דמן שבע השבתות	הטובים רעובריון מתקנים •וליח כחתנים להם רמות : אלה ישמרון ויוקרון
דרבוחך	1	0		0	פיוט #378 — ״ - ס ותתחסל דיצלות בטוב	ובניו * דרבוחך רמן : דאנן רחיצין עליך י תנפש לארצמן : אלית נתרחיץ
תק	1	0		0	פיוט #378 — ״ - ס ותתחסל דיצלות בטוב	בצרע : ודמררת חייון • אמתק מרורה : ושם ' שם לו תק ומשפט * הורעהו
ישטבם	1	0		0	פיוט #379 — ג צלות השבת השני דמן שבע השבתות	ובערה : וטובי למי ישמע י ואוי לכל סורר ומורא : ישטבם יהוה מן השטעים *
השטעים	1	0		0	פיוט #379 — ג צלות השבת השני דמן שבע השבתות	ובערה : וטובי למי ישמע י ואוי לכל סורר ומורא : ישטבם יהוה מן השטעים *
אופיפו	1	0		0	פיוט #379 — ג צלות השבת השני דמן שבע השבתות	ישראל והמקרא על המכתבים כי בשם ודבר אל אהרן אופיפו
רבתר	1	0		0	פיוט #380 — ספר רראן וטרקה וישתבח ספר בראישית * על ויסע	רבתר מן הנביים משה * ושלחו לישראל מושיע : והציל אבהתן ממצרים •
זכאר	1	0		0	פיוט #382 — צלות השבת השלישי	אלהי יעקב זכאר - * בגדלו יעמרך : אלהי יוסף מלכה * יוסיף את איקרך :
ובמשטר	1	0		0	פיוט #382 — צלות השבת השלישי	׳ . ז יהיה מברך עליכם זה שבת השלישי : תתמלו בשמחה ובמשטר קרשי :
דבטערה	1	0		0	פיוט #383 — צלות השבת השלישי	אבות י דבטערה שבוני : והציל בניון מהלחצות • בפליאן וסימני * , ופקדון
דהוריען	1	0		0	פיוט #383 — צלות השבת השלישי	הוא משה דהוריען על ירו החקים והמשפטים : ראננר עמו אל משרית .י
ראננר	1	0		0	פיוט #383 — צלות השבת השלישי	הוא משה דהוריען על ירו החקים והמשפטים : ראננר עמו אל משרית .י
זבגות	1	0		0	פיוט #383 — צלות השבת השלישי	עליו עוד ישתבח על זבגות חתן כהן לוי מן מימר הזקן
וחששונים	1	0		0	פיוט #383 — צלות השבת השלישי	שבע שבתות תמימות בהם לא ישבתו * מן מיני הזהו וחששונים : וכד אתוזף
ואננרון	1	0		0	פיוט #383 — צלות השבת השלישי	הו משה רעל ידו הציל עמו מן מיני הלבוטים : ואננרון אל ים סוף ומן
בטרכרו	1	0		0	פיוט #385 — לאדונן אלעזר יצק יהוח עליו	״ . הצלות והשלום * על הנביא משה : אני אני בטרכרו י אשא ראשי : בין
ומצטמתים	1	0		0	פיוט #385 — לאדונן אלעזר יצק יהוח עליו	שכם מול הרנריזים * דבו יתנשא ראשי : ומצטמתים במכתב אבישע * ראכתב
ראכתב	1	0		0	פיוט #385 — לאדונן אלעזר יצק יהוח עליו	שכם מול הרנריזים * דבו יתנשא ראשי : ומצטמתים במכתב אבישע * ראכתב
ושביכזן	1	0		0	פיוט #386 — צלות השבת השלישי	ושביכזן טבים מן אלה * ותנים יומה מה שתה :
ואוסיפו	1	0		0	פיוט #386 — צלות השבת השלישי	בשם ושמע ישראל ודבר אל אהרן ואוסיפו י *ג, ן ג ל ליל * ״
הטדברה	1	0		0	פיוט #388 — הפסח א * ת	ויעברו בתוך הים הטדברה ויחנו במרה ויבאו אילים
כהקת	1	0		0	פיוט #389 — צלות לילה הפסח השני	ועשה פסח ליהוה בחרש השני כהקת הפסח , , , ולאזרח הארץ ;
קדישוחו	1	0		0	פיוט #391 — וישתבח	חילה דבחרך אה ישראל והסגלך * בקדוש יום השביעי : ושרר קדישוחו
מציבותה	1	0		0	פיוט #393 — צלות השבת הרביעי	אלהי מי תרי מציבותה אקים : ושבטי ישראל מן ירכו נפיקים : ישים
רלבבינן	1	0		0	פיוט #393 — צלות השבת הרביעי	אלתי ארונן ונברנן רלבבינן חזיקין בו * דמן נביותו שבעים אתנבו : תפרו
חזיקין	1	0		0	פיוט #393 — צלות השבת הרביעי	אלתי ארונן ונברנן רלבבינן חזיקין בו * דמן נביותו שבעים אתנבו : תפרו
עך	1	0		0	פיוט #393 — צלות השבת הרביעי	ברכאתו עך היום עליך שלף :
המסתמבה	1	0		0	פיוט #393 — צלות השבת הרביעי	אלה לאתרינן יישיבו : והברכה המסתמבה בו : בה כל מאום יקרבו :
ולהרצק	1	0		0	פיוט #394 — צלות השבת הרביעי	ובתר זה יברכך • ולעמל טוב יוליכך : ולהרצק יסוכיכך • וברייתו מסך
אחעשה	1	0		0	פיוט #395 — עורן כן לו עור	אחעשה תמהות • עבד עלינן נזכר ןכ ל חמת במאום מתקצר : אתם לו
טקפין	1	0		0	פיוט #395 — עורן כן לו עור	טקפין קא לר ן : בתר מיכל הקרבן • צאו בשמח וחן : וקמיון תרי עמודים •
לר	1	0		0	פיוט #395 — עורן כן לו עור	טקפין קא לר ן : בתר מיכל הקרבן • צאו בשמח וחן : וקמיון תרי עמודים •
ברירות	1	0		0	פיוט #395 — עורן כן לו עור	ברירות המן מן : השמים בגאות • מזון לאב ולבן : דבר יום ביומו * מה שמע
בספחית	1	0		0	פיוט #395 — עורן כן לו עור	לשביעי ייאכן : וקראו שמו מ ; והוא בזרע נד לבן : וטעמו בספחית בדבש •
טתעני	1	0		0	פיוט #396 — צלות השבת הרביעי	את הברכה * ותמטון סד אתון חשובי : ובל סכם י ה,* ן בצלותו • טתעני
החכוסים	1	0		0	פיוט #396 — צלות השבת הרביעי	החכוסים יתמחו : מן מעשה יהוה • דאקים השמים ונשאו : ואלק בו מאורים •
בקרוש	1	0		0	פיוט #397 — צלות השבת הרביעי	בשמח ובזהות ; רשמו שבת מברך עליכם * אה קדש המשפחות : בקרוש
זבר	1	0		0	פיוט #397 — צלות השבת הרביעי	הצדיק והישר * אל חנו ; ורחום : בגדלו זבר בריתו עם הזכאים ומי לחלמיה
בזבגות	1	0		0	פיוט #397 — צלות השבת הרביעי	ובזה השבת כל זהו ואשמחותה * לעם ישראל אסתדר : בזבגות דן חתנה
ונלינאתו	1	0		0	פיוט #397 — צלות השבת הרביעי	דמותה * ונלינאתו אלה ישמרו ויוקרו ויתן לו טב מתנוחה • ויפתח לו
המסחרר	1	0		0	פיוט #397 — צלות השבת הרביעי	המסחרר : בעמל מי קבל תרי לוחי בריתה * בסהדות שש מאות אלף נבר :
בצפחית	1	0		0	פיוט #400 — צלות השבת הרביע, ,	והוא כזרע נד לבן י וטעמו בצפחית בדבש : ועינו כעין הבדלה * טובותיו
לשיש	1	0		0	פיוט #400 — צלות השבת הרביע, ,	לא לשיש : ובו מופתים רבים • לגו עליון יקבש : ימצא סודים חסידים יכ ל
יקבש	1	0		0	פיוט #400 — צלות השבת הרביע, ,	לא לשיש : ובו מופתים רבים • לגו עליון יקבש : ימצא סודים חסידים יכ ל
בטשמרה	1	0		0	פיוט #403 — על ויטע ישתבח	יד הנביא הסגיל : תתחגי בטשמרה אה עם יהוה • ובטובו לך יגדיל :
בגקירות	1	0		0	פיוט #403 — על ויטע ישתבח	אשר א רחם ג * ונצבת על הצור ושמתיך בגקירות הצור וירד יהוה בענן
רלבב	1	0		0	פיוט #403 — על ויטע ישתבח	הוא משה דלך יהוה קריב : רלבב בו הרחיב : הנני עמד לפניך שם על
ירתק	1	0		0	פיוט #404 — צלות השבת החמישי	יוסף ירתק מפניך * כל דבב וכל טלום : אלהי משה שליחה ראלהים עליו
אסנלתה	1	0		0	פיוט #405 — צלות השבת החמישי	אמשלת : ויומה שביעה * ברכת וקדשתה : מן הימי ם סניל • וטסו אסנלתה :
עדשה	1	0		0	פיוט #406 — ויהיה מברך עליכם * קרוש אהן שבתה	זרעיכון * ושנאיכון עדשה : ותעבדו מועדיכון י ואתון בזהי ובששה • ויומי
הרהוטים	1	0		0	פיוט #406 — ויהיה מברך עליכם * קרוש אהן שבתה	רחום הרהוטים * האל הגדול והגבור : חילה חבר בריתו עם השלשה
יומיס	1	0		0	פיוט #406 — ויהיה מברך עליכם * קרוש אהן שבתה	השבת דמספרו חמשה ושלשים יומיס׳אתפרשו על יד הנביא הנאמן המאור :
רלברית	1	0		0	פיוט #406 — ויהיה מברך עליכם * קרוש אהן שבתה	האל . הנאמן * רלברית והחסיד שמור : בנדלו זכר בריתו עם תלתה רחמין *
המטזיר	1	0		0	פיוט #406 — ויהיה מברך עליכם * קרוש אהן שבתה	המטזיר הכפור : ופקרון במספר שבע שבתות תמימות רמין * דבון מיני
רלמגיפה	1	0		0	פיוט #407 — צלות השבת החמישי	רלמגיפה עצרה * יחם עליך וירום : אלהי יהושע ובלב וישרה * יחן עליך
ריששי	1	0		0	פיוט #408 — צלות השבת הששי	׳' . ז צלות השבת ריששי צפרה כי הו שבת עמלק שריו הצלות בריך אלהנו ויחוה
נעחם	1	0		0	פיוט #408 — צלות השבת הששי	י ■ ■ ז ותלד לאליפז את עמלק אלוף נעחם אלוף עמלק אלה
רעובדיו	1	0		0	פיוט #410 — ומקדש וטרקה אתהו חדרי וישתבח	ז טדי לו על מספר השעים : רעובדיו חמחים : והתמח נצעות הרפאים :
חמחים	1	0		0	פיוט #410 — ומקדש וטרקה אתהו חדרי וישתבח	ז טדי לו על מספר השעים : רעובדיו חמחים : והתמח נצעות הרפאים :
והשתח	1	0		0	פיוט #412 — חילה רמה ויקירה וטרקה אלהים רחטנה * £ וישתבח	את אשר ' עשה לך עמלק תמית את זכיר עמלק והשתח תו
יושענו	1	0		0	פיוט #413 — צלות השבת הששי	יוציאנו ן ומי יהיה במלחמה * הוא יושענו : אשר לאשר ישים • את חםר
קתב	1	0		0	פיוט #413 — צלות השבת הששי	מננו : מי רחום ומי חנון * ומי קתב ממנו :
בפחסטים	1	0		0	פיוט #413 — צלות השבת הששי	בפחסטים • פענטום רמיה : פרוסטמים השטים * רבבות מלכיה : ומגדלים
פענטום	1	0		0	פיוט #413 — צלות השבת הששי	בפחסטים • פענטום רמיה : פרוסטמים השטים * רבבות מלכיה : ומגדלים
פרוסטמים	1	0		0	פיוט #413 — צלות השבת הששי	בפחסטים • פענטום רמיה : פרוסטמים השטים * רבבות מלכיה : ומגדלים
וסחסון	1	0		0	פיוט #413 — צלות השבת הששי	וכוכבים * ותרי מאוריה : וסחסון אקרים * לארבעה חלקיה : ולאותות על
ולאותוח	1	0		0	פיוט #413 — צלות השבת הששי	דדי י שבת קדש כל יומיה : ולאותות על דדי * יומי מועדיה : ולאותוח
נדיק	1	0		0	פיוט #413 — צלות השבת הששי	נצפי בבוננו • ועל רפידים נדיק : ונרומם וגשבח * לאל ישר וצדיק : על
וגשבח	1	0		0	פיוט #413 — צלות השבת הששי	נצפי בבוננו • ועל רפידים נדיק : ונרומם וגשבח * לאל ישר וצדיק : על
בטלחם	1	0		0	פיוט #413 — צלות השבת הששי	מה עשה מן הטוב * עם ישראל חרש ועתיק : הך בטלחם עמלק • דאזל שם
עטיק	1	0		0	פיוט #413 — צלות השבת הששי	וכל אחד לבו מציק : מבנלל ישראל דהוד . בלחץ עטיק : ויושיע יהוה ישראל י
קעיטות	1	0		0	פיוט #413 — צלות השבת הששי	יהושע אין לך • לפני קעיטות : אמר לו עמלק * אני ראש הממלכות : אניבו
הקדקרות	1	0		0	פיוט #413 — צלות השבת הששי	אגיבו יהושע ואמר לו • אני בעל הקדקרות : אמר לו עמלק * לי ידים ברע
חזיקות	1	0		0	פיוט #413 — צלות השבת הששי	חזיקות : אניבו יהושע ואמר לו • לי ירים דביקות : אמר לו עמלק • עמי סני
בחציצרות	1	0		0	פיוט #413 — צלות השבת הששי	עמי קסמים וידעונות : א ניבו יהושע ואמר לו • עטי בהנים יתקעו בחציצרות :
רמיתוביתו	1	0		0	פיוט #414 — צלית השבת הששי	נבי צדיק • רמיתוביתו עצומות ן המתפלל בעבורנו * למתיי הנשמות : בתפלותו
רחנתו	1	0		0	פיוט #415 — צלות השבת הששי	רב חילה דצפית רחנתו : כיצרות העולם : מינים וגונים מתחלפים ימ ן
וטצא	1	0		0	פיוט #415 — צלות השבת הששי	וטצא ישראל מנה נפוש * ונסע אחרי האיש הקדוש ןמ ן משריתה אל
ואמעיטו	1	0		0	פיוט #415 — צלות השבת הששי	וכר עמו יתה דחלו : ומפניו נבהלו : ואמעיטו נפשותם מן המתקומם קבלו :
העובר	1	0		0	פיוט #415 — צלות השבת הששי	ואמרו הך יהי העובר * עם זה הרבב רירד : עלינו וננרנו עמר * בעז פנים
רירד	1	0		0	פיוט #415 — צלות השבת הששי	ואמרו הך יהי העובר * עם זה הרבב רירד : עלינו וננרנו עמר * בעז פנים
ושמיע	1	0		0	פיוט #416 — צלות השבת הששי	מה בארה מן חיל מרה * דו מתרחיץ עליו בדברה : ושמיע למימרה * ומאום
שמיעת	1	0		0	פיוט #416 — צלות השבת הששי	ולו ארשה לי ראית • בך מרי בו מה שמיעת : מן מיני מגויאתה • רתרד
רתרד	1	0		0	פיוט #416 — צלות השבת הששי	ולו ארשה לי ראית • בך מרי בו מה שמיעת : מן מיני מגויאתה • רתרד
נפילותה	1	0		0	פיוט #416 — צלות השבת הששי	הות זאת נפילותה רבתה • עד אמר עליה בעל כל ממלכתה : למשה בעל
ויסנר	1	0		0	פיוט #416 — צלות השבת הששי	ופנותה ככן 'כפית * ויסנר באדה הדלת : וכתב לה ספר כדתית * ושלחה
רעליך	1	0		0	פיוט #417 — צלות השבת הששי	ושביכון מבין ותנים יומה : למועד רעליך מתקרמה : וכל שנה ואת בשלמה :
טמשלותון	1	0		0	פיוט #417 — צלות השבת הששי	הממלכה : והמתנברים עליך י טמשלותון יפיכה : ויהפך יהוה אלהיך לך יא ת
ובחייבון	1	0		0	פיוט #418 — צלות השבת הששי	ויוריך בחייו ובחייבון אה נוף זכאה דבון מרך אבדילך * וכל דבב בון יכפית
וינדשה	1	0		0	פיוט #418 — צלות השבת הששי	וינדשה : בעמל מן הו בתפלות צלא וצעם בגללך * דו מאור נביותה ושמשה :
בפרבת	1	0		0	פיוט #418 — צלות השבת הששי	ובה אמר לכם • מי ידבנו לבו יצא : לא בפרבת לבושו • למלחמה בגדים :
שותלה	1	0		0	פיוט #418 — צלות השבת הששי	אמר לו יהושע * אני בן נון בן ערן בן שותלה : בן אפרים בן יוסף *
ותשמידים	1	0		0	פיוט #418 — צלות השבת הששי	הכות • חרב ותשמידים :
הזידים	1	0		0	פיוט #418 — צלות השבת הששי	מחה אמתה שם הזידים :
חסריומעזר	1	0		0	פיוט #419 — חדשה ליהוה	חיי עולם לאשר • שמע מימר אל ישר : ברא כלה מן חסריומעזר כל
באפיבותה	1	0		0	פיוט #419 — חדשה ליהוה	במיני אמירותה * אקים לבל בריאתה : ועזרון באפיבותה * מבגלל מבוליה :
בתושמישותו	1	0		0	פיוט #419 — חדשה ליהוה	עמק משה בצלותו * ויהושע משרתו : קעם בתושמישותו * ומלל ׳עטו מליה ;
חליצו	1	0		0	פיוט #419 — חדשה ליהוה	משה אמר ברות * חליצו אנשים לצבא : ואנכי נצב על ראש הגבע * ובידי
קדשיוז	1	0		0	פיוט #419 — חדשה ליהוה	למעון קדשיוז :
נפשיח	1	0		0	פיוט #420 — צלות השבת הששי	ואיך יהרגי נפשיח :
עסברו	1	0		0	פיוט #420 — צלות השבת הששי	צפו יה ו שע ומימת * לעמלק ולבל עסברו : אוי לוטן מה תכירו ־ מן עברת
רלקמי	1	0		0	פיוט #420 — צלות השבת הששי	ראה עמלק זה ראם * ואמר טי לי אני ילחם • ואולם רלקמי קעם * לא כלום
קסוליה	1	0		0	פיוט #420 — צלות השבת הששי	הוו ביר זקן קסוליה :
יוקירו	1	0		0	פיוט #420 — צלות השבת הששי	יוקירו הך לפידיה ;
וצריק	1	0		0	פיוט #420 — צלות השבת הששי	* . ז ננש יהושע בלב הזיק • באלה אל ישר וצריק : בתר כן ויבא עמלק • וילחם
וחוח	1	0		0	פיוט #420 — צלות השבת הששי	ואתיצבו ואלחמו * ופנים בפנים קמו : וחוח כל אחר יניד שמו יע ד
אצטמרו	1	0		0	פיוט #423 — צלות השבת השש	תנים יומה חדו * לטי אנה אצטמרו : ולמועדים יעברו • מאה שנה
בעואחכון	1	0		0	פיוט #423 — צלות השבת השש	בו חדותה * , ומרן יקבל צלואתכון ־ אה סדר צמיתה : ויעני בעואחכון *
חסתנד	1	0		0	פיוט #423 — צלות השבת השש	לעלם חסתנד ולעלם תשתבח ותחחסל הצלות בטוב ;
ותחחסל	1	0		0	פיוט #423 — צלות השבת השש	לעלם חסתנד ולעלם תשתבח ותחחסל הצלות בטוב ;
רלוכון	1	0		0	פיוט #423 — צלות השבת השש	יהושע ובלב * כל רבב רלוכון יגדף : אלה ' השבת וכתבה * ברכאתו עליך
רתיק	1	0		0	פיוט #424 — הקטף : ופסחתי עליכם • ולא יהיה בכם ננף	הצלם מעליו • במה דרש יעשי : פרקן רתיק בינה * ובין תלמוד משה : דאמר
הגרנשה	1	0		0	פיוט #424 — הקטף : ופסחתי עליכם • ולא יהיה בכם ננף	ואח עמו הגרנשה : ויכם לפי הרב * ויהוה למשה ארשי ; כתב זאת זכרו ; *
טבץ	1	0		0	פיוט #425 — צלות השבת הששי	שביבון טבץ מן אלה * אה סדר אחינו : הסדורים אנה י בזאת צלוחינו :
צלוחינו	1	0		0	פיוט #425 — צלות השבת הששי	שביבון טבץ מן אלה * אה סדר אחינו : הסדורים אנה י בזאת צלוחינו :
גיעי	1	0		0	פיוט #426 — שבת וקציר ועמלק	רסקו מן הטבעית פי מן ימטי א • ב * ג * עג. ן גיעי ';
ייהוד	1	0		0	פיוט #427 — צלות השבת דששי	** . ז בשם ייהוד . הנרול
כארזק	1	0		0	פיוט #427 — צלות השבת דששי	צלות לילה חדה מפוק השבת הזוביר בדו כארזק ואמרים ובי בשם
אלרבע	1	0		0	פיוט #428 — צלות לילת מקרתה • רטשה בשכם	יהוה נבור אלרבע פצול מרכבת פרעה
פצול	1	0		0	פיוט #428 — צלות לילת מקרתה • רטשה בשכם	יהוה נבור אלרבע פצול מרכבת פרעה
ואסנילון	1	0		0	פיוט #428 — צלות לילת מקרתה • רטשה בשכם	לשן ופמם : לשבחן שמו הקרוש * בכל לילה ויומם : ואסנילון בזה מן הוא
זכותדז	1	0		0	פיוט #428 — צלות לילת מקרתה • רטשה בשכם	ירוש * זכותדז מן אברם : דאמר לו ואנרילה שמך * הך טה דאמר לבן
ואנרילה	1	0		0	פיוט #428 — צלות לילת מקרתה • רטשה בשכם	ירוש * זכותדז מן אברם : דאמר לו ואנרילה שמך * הך טה דאמר לבן
צודזו	1	0		0	פיוט #429 — צלות לילת מקרתה	דברו מ ; הסנה : את אשר יצוה * מה צודזו לפני : ישראל אן יתעתדו ליומה *
דשטעם	1	0		0	פיוט #429 — צלות לילת מקרתה	י ה הא דנגד עמו אל הר סיני באקרות : י ה הא דשטעם קולו
גליגאתבון	1	0		0	פיוט #429 — צלות לילת מקרתה	ורבו גליגאתבון * ברה דעמרם משה : הן ישמע קלין דצבעתכון * ולוכון
ובעמידות	1	0		0	פיוט #429 — צלות לילת מקרתה	יהוה יתקדשו : ובעמידות הר סיני אסתמך • במקראו אל אישו : והעלית '
אנישו	1	0		0	פיוט #429 — צלות לילת מקרתה	אתה ואהרן עמך • והעם אל ינשו : בעמל אהרן כהנה י ויהושע וטי אנישו :
תחנפשו	1	0		0	פיוט #429 — צלות לילת מקרתה	והאבות וילידון * ומכל עקה תחנפשו : וינזי גמליכון * בטוב בכל מה תעשו :
גויס	1	0		0	פיוט #430 — צלות לילת מקרתה	ושים מיתוביתך עלוים * על בל דבביה : ואתה הלוך בין ה גויס * וקולות עליון
אליבון	1	0		0	פיוט #430 — צלות לילת מקרתה	אתריבון : ותעשו באיקרים • יוטיה דאתין אליבון : מקרתה והבכורים • ומאה
צלתיבון	1	0		0	פיוט #430 — צלות לילת מקרתה	שנה יעזרו עליבון : וישמר חיי מן אנה תנים י בזאת צלתיבון : וברכת הכהנים *
ושטוען	1	0		0	פיוט #430 — צלות לילת מקרתה	ושטוען ותני ו * * * בי בשם ושמע ישראל * ויצרנו ותורה ויתהלל אלהים
יהורז	1	0		0	פיוט #431 — צלות לילת מקרתה	ןי בשם יהורז הגדול
וחוריב	1	0		0	פיוט #431 — צלות לילת מקרתה	וידבר י לענן * וחוריב * שריו הצלות כארזי ואמרים ועל פתח רחמיך ובי
זאננרם	1	0		0	פיוט #436 — ויתמר ישתבח	בגדלו הציל אבהתן ממצרים * במופתים אחד עשר : זאננרם אל מדבר
יוזוזז	1	0		0	פיוט #437 — ם צלות לי־לת מקרתה	יוזוזז אלהינו יהוה אחר י'רבחייה מורך :
לבריהג	1	0		0	פיוט #438 — הא מלך רחמן * וישתבח	צפר יום אחד לבריהג * חשך ומאורים : ערב ובקר יום אחד י לימים
הגבירים	1	0		0	פיוט #438 — הא מלך רחמן * וישתבח	ועליהם אתבנו • הימים המספרים וצפר מולד משה * גביר הגבירים ;
והופעת	1	0		0	פיוט #438 — הא מלך רחמן * וישתבח	'רבו אגירת עלמה י בכורים יתרים : והופעת שומיה * וגם כל האתרים :
בסרירים	1	0		0	פיוט #438 — הא מלך רחמן * וישתבח	וקעימן ומאתין • מיתים בסרירים : ישמעו קול יהוה * יאמר מימרים ;
ריטבירים	1	0		0	פיוט #438 — הא מלך רחמן * וישתבח	בעת אמר אנכי יהוה י אזחעת ריטבירים : והכיפים והצנמים • והנחלים
עבב	1	0		0	פיוט #439 — צלות לילת מקרתה	קל בעלמה סבב : קל מוחי לכל לבב : קל מדבר מתוך עבב : קרי
ועותירים	1	0		0	פיוט #439 — צלות לילת מקרתה	קניין ועותירים :
ומחסדץ	1	0		0	פיוט #440 — צלות לילת מקרתה	מן רבות עונינו * ומחסדץ נבהלנו : נמלתנו בל טוב * וכל רעות גמלנו :
רחמץ	1	0		0	פיוט #440 — צלות לילת מקרתה	אד . אל רתום וחנון • מי לנו בלעדיך : אל תכפץ ממנו * יד רחמץ
לרעוח	1	0		0	פיוט #440 — צלות לילת מקרתה	אה נפש בן ארם * לרעוח השליכי : ער יציל אלהים י אתיך מעון כי : על
אהבחהנו	1	0		0	פיוט #440 — צלות לילת מקרתה	אה אל רחום וחנון • אתה בחסדך אהבחהנו : ועזבנו חקיך * ואת לא
ולחטותינו	1	0		0	פיוט #441 — צלות לילת מקרתה	עזבתנו • אהיה אשר אהיה בחסדך שוב אתנו ן וסלחת לעינינו * ולחטותינו
ואייבינו	1	0		0	פיוט #441 — צלות לילת מקרתה	מה נאמר ומה נדבר • ואייבינו מימנו : והאלהים מצא * את הר ע'עמנו : אהיה
ריתקנו	1	0		0	פיוט #441 — צלות לילת מקרתה	אהיה * קריב ריתקנו : וסלח לעונינו * ולחטאותינו ונחלתנו :
סיעריו	1	0		0	פיוט #443 — שלום יהוד . עליו בכל לילה ויוטה	ועל סיעריו נתרחיץ וניטר בדמות לשונים : כימי השמים על הארץ עוד
מלקיסים	1	0		0	פיוט #444 — צלות לילה מקרתה	רו קעימה חיה * שרי בכל המקומים : 'רלא כתשבית חייה • רבעלמה מלקיסים :
ולהמריזים	1	0		0	פיוט #444 — צלות לילה מקרתה	ולכל אחר מראה : ולהמריזים מתפני • והאלהים הרעי : ולית לישראל מזבח
ומרוטים	1	0		0	פיוט #444 — צלות לילה מקרתה	ומרוטים ג והנה יהוד . נצב על צלמה * וברת עמה קיאמים : אן יתן לזרעו
והפתיח	1	0		0	פיוט #444 — צלות לילה מקרתה	על הארץ * ויבאו אחי יוסף : והפתיח חלמותו יל א הסיר ולא עדיף : ובא
וזימנים	1	0		0	פיוט #445 — צלות לילת מקרתה	אלה יב ן עמרם * דממצרים הפד : ביר חזקה עם רם * וזימנים רמים עבד :
אבבירך	1	0		0	פיוט #445 — צלות לילת מקרתה	ושדת אתם בשיד : ובקדישות הרנריזים אבבירך * ועת על ימה עמר : ואמר
מיחוביתו	1	0		0	פיוט #445 — צלות לילת מקרתה	עמידותו : ביני נבוראתה * ואנדילו מיחוביתו : יום בו השמים והארץ * אסירו
ואזדזעו	1	0		0	פיוט #445 — צלות לילת מקרתה	ואנירת מאורותו : יום בו קרן עור פניו * ואזדזעו עדתו : יום בו יתבו יהוה •
רנליגאתו	1	0		0	פיוט #445 — צלות לילת מקרתה	אלהי אהרן כהנה • רנליגאתו פרישה : ונתן לו אל קנא * הכהנה מורשה :
ריאמרו	1	0		0	פיוט #445 — צלות לילת מקרתה	ריאמרו • בדיל העם הנושע : בברכה הגדלה • לגו פלנים שלשה : ושרש ״ . ז
הזובירים	1	0		0	פיוט #445 — צלות לילת מקרתה	יהוה עזר : והבהנו הזובירים • במשכן יהוה באתר : ולבשו התמים והארים *
והטיטר	1	0		0	פיוט #446 — צלרת לילת מקרתה	דבר : והטיטר אכה לו ער * וקיאמון אתשרשר : אל מן לו הנהנה מורשה י
טדכר	1	0		0	פיוט #446 — צלרת לילת מקרתה	נשיא נשיאי הלוים בזה הדר : דמיתוביתו נשא י הכהן הגדול דלו טב טדכר :
טיהור	1	0		0	פיוט #446 — צלרת לילת מקרתה	וסבבו : בזה הטור הסבן * כראון בראון : ועליון אימתה * טיהור הנכבד :
זברז	1	0		0	פיוט #446 — צלרת לילת מקרתה	עלטה זברז
תכלכל	1	0		0	פיוט #446 — צלרת לילת מקרתה	תבואתו לכם • תכלכל אתכם : תמיד בכל עדנותה י זכרון יום המעטר :
מצטטר	1	0		0	פיוט #446 — צלרת לילת מקרתה	ונשיאי הערה י יתנו מנירה : אתכונת ביום מקרתה • ובל עטה מצטטר :
ובמפות	1	0		0	פיוט #446 — צלרת לילת מקרתה	ובמראות : ובתמחות מתמחות • ובמלחמה ובמפות ; ובעמוד עננה ואשתה י
ינריל	1	0		0	פיוט #446 — צלרת לילת מקרתה	ואז שרא אז ויחל • משה הנביא ינריל : ואקבעת עטורי רחותה • וארשת
עטורי	1	0		0	פיוט #446 — צלרת לילת מקרתה	ואז שרא אז ויחל • משה הנביא ינריל : ואקבעת עטורי רחותה • וארשת
מצותרי	1	0		0	פיוט #446 — צלרת לילת מקרתה	מצותרי : ואפתח תרח תהותה • למגלי איטנותה : ונראה תמחותה * ישראל
בטאומים	1	0		0	פיוט #446 — צלרת לילת מקרתה	לבני ישראל : בטאומים תתורע * למי יררש תלמודה : מנה אן מר אלהותה •
יגביל	1	0		0	פיוט #446 — צלרת לילת מקרתה	ולמשמע קול יריות יתכון : ואן משה הנביא יגביל * טורה שבול ומעיל ;
חציצחתה	1	0		0	פיוט #447 — צלות לילת מקרתה	אלף סבבים ; כהיות הבקר • וענן כבד על ההר : וקולי חציצחתה * יתקע
רבמחנה	1	0		0	פיוט #447 — צלות לילת מקרתה	כל העם רבמחנה * ומשה סליק לטור סיני : וקרא יהוה אל משה * אל
הטטלל	1	0		0	פיוט #448 — היא שבה אשבתה י וששת ימים תעבר	זה הטטלל הוא למשה • ושש מאות אלף מתכנשי • ואניבו בששי • בל
הרבר	1	0		0	פיוט #448 — היא שבה אשבתה י וששת ימים תעבר	בתרי לוחית : ואסירו בזה הרבר * שש מאות אלף גבר : לא בנביי פנותה •
יתוקירו	1	0		0	פיוט #449 — צלות לילת מקרתה	משמע קלה מתחיל * נפק מן אש להבי , ; יתוקירו ארשינו * במה ראו ושמעו
ררכיון	1	0		0	פיוט #449 — צלות לילת מקרתה	וטוב ' : שמורי ררכיון * ווילון עזובי : דרכי קשטה * ומה כתב בקדש כתבי :
הוצ	1	0		0	פיוט #449 — צלות לילת מקרתה	מקרתה דקרא י ברבות רביאנו : אנכי יהוה אלהיך * אשר הוצ א תיך מן
תיך	1	0		0	פיוט #449 — צלות לילת מקרתה	מקרתה דקרא י ברבות רביאנו : אנכי יהוה אלהיך * אשר הוצ א תיך מן
תננבנו	1	0		0	פיוט #449 — צלות לילת מקרתה	במה תננבנו : לא תענה ברעך עד שקר • שלשה נפשות תכנו ןל א תתמר
חתהב	1	0		0	פיוט #449 — צלות לילת מקרתה	בימי חתהב בעדנו : וכן ישמר חייכם כלכם * אה סדר קהלינו ן ויסלח
פתק	1	0		0	פיוט #450 — צלוה לילת מקרתה	פרד פתק פלי •
שמעיד	1	0		0	פיוט #450 — צלוה לילת מקרתה	נימר ; ולאוי על כל שמעיד • יימר אלף ישר :
חטחיה	1	0		0	פיוט #451 — צלות לילת מקרתה	שגביה : קול אמור אני אני הוא • עבוד נוני חטחיה : קול מיתי מששה
זניח	1	0		0	פיוט #451 — צלות לילת מקרתה	תשרף • ותהיה מן זניח : לא תננב ישרי עליך * מצוקיה וצרעיה : לא תענה
הטמזירים	1	0		0	פיוט #451 — צלות לילת מקרתה	הטמזירים : לאלה ראמר לא תגנב • עד בטח תשכב י ותהי עובדים משירים :
וחתקסר	1	0		0	פיוט #451 — צלות לילת מקרתה	לאלה דאמר לא תענה עד שקר * תשרי בצרר * וחתקסר עם שקרים : לאלה
תשטד	1	0		0	פיוט #451 — צלות לילת מקרתה	דאמר לא תחמד * תשטד י ותחרחיק מכל איקרים : לאלה דאמר ובנית
ותחרחיק	1	0		0	פיוט #451 — צלות לילת מקרתה	דאמר לא תחמד * תשטד י ותחרחיק מכל איקרים : לאלה דאמר ובנית
וטקרתו	1	0		0	פיוט #451 — צלות לילת מקרתה	לכהן וטקרתו י עדן יימר : כל מלה ומלה המכתבים תתנשא * ויתוזף המדבר :
ותניב	1	0		0	פיוט #451 — צלות לילת מקרתה	פ בית כשר : ועת יחסל יברך • ותניב אשיר ישר : מה טב זאת מן
וחשבחן	1	0		0	פיוט #451 — צלות לילת מקרתה	בכנשת הסרים : ויעלו בבקר * אל אחר ההרים : בצלואן וחשבחן * בשני
עסברים	1	0		0	פיוט #451 — צלות לילת מקרתה	טורים : והכהן הגדול בינם * כות רגל עסברים : והוא יפרט ויימר י טימרים
טימרים	1	0		0	פיוט #451 — צלות לילת מקרתה	טורים : והכהן הגדול בינם * כות רגל עסברים : והוא יפרט ויימר י טימרים
נכסיף	1	0		0	פיוט #451 — צלות לילת מקרתה	דאכה סדירים : ועקובתה לכל נכסיף * ימטי לכל מסברים : בעמל השלשה :
ומועריבון	1	0		0	פיוט #451 — צלות לילת מקרתה	הרחוק והקרוב ■ בכל אתריכון : ויחני יתנו ; י בסדר מועדיכון ומועריבון :
טשמותינו	1	0		0	פיוט #451 — צלות לילת מקרתה	שמו רב טשמותינו :
נרלותו	1	0		0	פיוט #451 — צלות לילת מקרתה	נירא מן נרלותו *
שעאינו	1	0		0	פיוט #452 — כל מן ירע מימרינו	הנסי כל שעאינו :
גביותינו	1	0		0	פיוט #452 — כל מן ירע מימרינו	נרקף מן בריאת גביותינו :
נרלותינו	1	0		0	פיוט #453 — צלות לילת מקרתה	ילא יהדר פני נרלותינו :
בבלומינו	1	0		0	פיוט #453 — צלות לילת מקרתה	ילא ידמי בבלומינו :
חלקותינו	1	0		0	פיוט #453 — צלות לילת מקרתה	אל בצדק ישפט • כל דבר על חלקותינו : והו לבריה מקלט • מן ידרשו
ובשעחה	1	0		0	פיוט #453 — צלות לילת מקרתה	גאותי • במלי ספרותו : ומרוח לצחתי • בעת אדרשותו : ובשעחה דבר . •
בצדבה	1	0		0	פיוט #453 — צלות לילת מקרתה	שבחו מלכותו : על מות פרעה בצדבה • ברבות עזיזותו : יהוה אטר בכסי •
רשלשלת	1	0		0	פיוט #453 — צלות לילת מקרתה	וארצי בשלמות עדתו : בני בכורי הדמע • רשלשלת ימים הלכותו : על זה
וקשיטותו	1	0		0	פיוט #453 — צלות לילת מקרתה	בשלם ־ ומצאו בה שני רזותו : טובך אה קהלה תבקר * על זה הרז וקשיטותו :
תמחיר	1	0		0	פיוט #453 — צלות לילת מקרתה	ישתבח עבור סימניה ופליאתה * עבוד נוני תמחיר . : מי במוך באלהותה •
צלוחית	1	0		0	פיוט #453 — צלות לילת מקרתה	צלוחית : ודרש ואתפלל במרוח • מן בעלי רמה חיך , : ויקרא שמו יהוד . נסי *
ויצטמתו	1	0		0	פיוט #454 — צלות לילת מקרתה	ויצטמתו וייראו * טורים בטוריה : טור סיני אתת .עליו * רבבות מלאכיה :
אפיש	1	0		0	פיוט #454 — צלות לילת מקרתה	למן אפיש לן טימרו * חקותי ומצודד : מן עסרת הדברים דדברו • אקרי
טימרו	1	0		0	פיוט #454 — צלות לילת מקרתה	למן אפיש לן טימרו * חקותי ומצודד : מן עסרת הדברים דדברו • אקרי
ומצודד	1	0		0	פיוט #454 — צלות לילת מקרתה	למן אפיש לן טימרו * חקותי ומצודד : מן עסרת הדברים דדברו • אקרי
בבסיאתי	1	0		0	פיוט #454 — צלות לילת מקרתה	ישראל בבסיאתי : ביהוה ובכביו • כי לית דברו בקשיטותי : ומן יתנלא אליו *
בקשיטותי	1	0		0	פיוט #454 — צלות לילת מקרתה	ישראל בבסיאתי : ביהוה ובכביו • כי לית דברו בקשיטותי : ומן יתנלא אליו *
שנבותי	1	0		0	פיוט #454 — צלות לילת מקרתה	ויעלו על טבחתי : על טהרה אתשגבו * בארבע שנבותי : בזזעיו רב אקוו *
בשמירותי	1	0		0	פיוט #454 — צלות לילת מקרתה	מאותי : טובי עמה סדרה * ישמרון בשמירותי : כל מ ; שמר משתמר * זה
אבוחי	1	0		0	פיוט #454 — צלות לילת מקרתה	אמר אלתי אבוחי ; שלום יהוה על קרקר נזרי דעל ידו שמעתי : שלום יהוה
לרורתיכם	1	0		0	פיוט #454 — צלות לילת מקרתה	עולם לרורתיכם בבל מושבותיכם :
בבפירות	1	0		0	פיוט #455 — צלות לילה מקרתה	ופטו ים קבולות ־ בבפירות הסלחיות : ויקטיר חלבי עלות י סדרי החטאות :
שסה	1	0		0	פיוט #455 — צלות לילה מקרתה	הרשעות : וחשא אש מלפני יהוה • ותאכל הקרבנות : אהרן יתפני שסה *
טתפרשי	1	0		0	פיוט #455 — צלות לילה מקרתה	טתפרשי י פניכון אה קהלה : והיא מתשרשרה * במקטירי העלה : וחכמה
משתמלה	1	0		0	פיוט #456 — צלות לילת מקרתה	משתמלה : הרחמים עליך תישרי • ותסור ממך הקללה : והחטותך מכפר ' י
וטסכינים	1	0		0	פיוט #456 — צלות לילת מקרתה	ואנשם גרמך יסתלח : ומבתרון מה מצאנו * אלא ימי הקללה : וטסכינים
ותקסיר	1	0		0	פיוט #456 — צלות לילת מקרתה	ותקרב ותקסיר י קסרית העלה : מן התהלל והזמיר * ומרן לובון יסלח :
קסרית	1	0		0	פיוט #456 — צלות לילת מקרתה	ותקרב ותקסיר י קסרית העלה : מן התהלל והזמיר * ומרן לובון יסלח :
והזמיר	1	0		0	פיוט #456 — צלות לילת מקרתה	ותקרב ותקסיר י קסרית העלה : מן התהלל והזמיר * ומרן לובון יסלח :
יצילה	1	0		0	פיוט #456 — צלות לילת מקרתה	אסור פנותה יצילה : ויפרש עמודי עננה יר םנ ר עמודי קללה : דכתב לה
בסקיף	1	0		0	פיוט #456 — צלות לילת מקרתה	בידיכון : ויחני יתכון בסקיף * ויעלי מיתוביכון : ובזה היום מקרתה • דו מן
קרבניבון	1	0		0	פיוט #456 — צלות לילת מקרתה	קרבניבון : סבול ' הטרח * סדרי טרחיכון : לוטן אמן יסררה * יקום פניכון :
טלבשותו	1	0		0	פיוט #456 — צלות לילת מקרתה	ונראה יתו • בזה היום ישמשנוכון : והו בנדי טלבשותו * והצץ באבן
שמחותבון	1	0		0	פיוט #456 — צלות לילת מקרתה	שמחותבון ן ומתפלל ומתנפל * קרם גבעת ערן גנתכון : ברז השם מלא •
קטיבון	1	0		0	פיוט #456 — צלות לילת מקרתה	שלשים מספר נביכון : עמי לא תסבו עלי ־ על דברי קטיבון : ואשול יתך
שמשיבון	1	0		0	פיוט #456 — צלות לילת מקרתה	קהלי * תסבלוני אני שמשיבון : לשני מתקצר יע לז ה המימר פניכון : מדרשו
טיתבה	1	0		0	פיוט #456 — צלות לילת מקרתה	זעור תמיד מרנן * קצי טיתבה במועדיכון : ובתר זה וזה * מפרש לוכון : א ;
רהושט	1	0		0	פיוט #457 — ויקרא אל משה וידבר יהוה אליו מאהל מועד	אהנו כתבה רבה רהושט וגו
וחייבון	1	0		0	פיוט #458 — שוא ברביאני * ושמור שבתה בלב כני	אה מן אנה אסתדר * מן נקבה וזכר : וחייבון אמן ישמר * בעמל דטע ״ . £
ביטקום	1	0		0	פיוט #459 — ישתבח אלהים	ביטקום טור סיני * עמדו ישראל בלם : שש מאות אלף * הם ובניהם :
ותשתמע	1	0		0	פיוט #460 — צלות לילת מקרתה	זה ידבר לזה • ולא שלישי בינם : בידביר איש לרעהו * ותשתמע דבריהם ;
תשתחוי	1	0		0	פיוט #460 — צלות לילת מקרתה	אלהים אחרים * ולא תשתחוי להם ;
מיחוביתך	1	0		0	פיוט #460 — צלות לילת מקרתה	במשמרו מיחוביתך ירימה :
תתריר	1	0		0	פיוט #460 — צלות לילת מקרתה	כבד את אביך ואת אמך * תתוקר בהם : לא תרצח לנפש • תתריר
ונמהיר	1	0		0	פיוט #460 — צלות לילת מקרתה	קרים נימר יז ה המימר • המתוקר : נטהר * הלב והיצר • ונמהיר : בסגרתה :
אסתקפת	1	0		0	פיוט #464 — מעמד הר סיני אשתמה : וככן יום מקרתה	על כן בפם מודאה נשים • למן אקים : לנו על דת בו אסתקפת
ותחלגה	1	0		0	פיוט #465 — ב ; עליו נכח : צלותה ושלמותה	בל שנה תספרנה * ותחלגה * ותכלנה : באשמחח • והמועד והשבת *
באשמחח	1	0		0	פיוט #465 — ב ; עליו נכח : צלותה ושלמותה	בל שנה תספרנה * ותחלגה * ותכלנה : באשמחח • והמועד והשבת *
ראשתירת	1	0		0	פיוט #465 — ב ; עליו נכח : צלותה ושלמותה	ראשתירת : יעברו עליכון בשלמותה :
רנפחה	1	0		0	פיוט #465 — ב ; עליו נכח : צלותה ושלמותה	עבדו משלמה : דמבני רנפחה :
חליל	1	0		0	פיוט #467 — תשבחתה ואתהו רחמנה וישתבח	ז במובא יעקב ישראל * אל מצרימה רב תמת : לראה בלא חליל • ובנפש
גריל	1	0		0	פיוט #468 — צלרת לילת מקרתה	שלומה : ימצא מאום גריל * ובו חכמה תמימה : ובשבעים נפש עליל * וצא
רול	1	0		0	פיוט #469 — קעימה ואלהיט יחידאי וישתבח	ישתבח לעלם : יהוה הנ רול האחד י דרבותה אחרבת :
רלטב	1	0		0	פיוט #471 — צלות לילת מקרתה	אדכי רלטב משה * רגלניו לא ימני : רנגד עמו זה • השבוע על הר סיני :
רנגד	1	0		0	פיוט #471 — צלות לילת מקרתה	אדכי רלטב משה * רגלניו לא ימני : רנגד עמו זה • השבוע על הר סיני :
סהדח	1	0		0	פיוט #471 — צלות לילת מקרתה	ער שמעו קול יהוד . • מדבר עמו בלא שני : ואסירו סהדח קשיטה * בזה ובכל
רוסה	1	0		0	פיוט #471 — צלות לילת מקרתה	בעין הלב ראיתי * מעמד הר סיני : וחילי רוסה וחילי מכה • תריון בו
שגיבים	1	0		0	פיוט #471 — צלות לילת מקרתה	מזדמני : והכבוד משנב בארבע שגיבים * אש חשך וערפל וענני : וההר בחר
ותשתכח	1	0		0	פיוט #471 — צלות לילת מקרתה	ארכן * ומרקה עבורה דעלמה תסתנד ותשתכח ואתהו חדה • ויתמר
וטשבנה	1	0		0	פיוט #473 — צלות לילה מקרתה	ליומי תהבה וטשבנה •
שיטו	1	0		0	פיוט #474 — על שלחן תשבחתה	שיטו מזבחות עלתה ;
לשמירות	1	0		0	פיוט #474 — על שלחן תשבחתה	לשמירות ארהותה :
בפתמותה	1	0		0	פיוט #475 — מן מצות חקותה	כל סוד יגלי בפתמותה :
וירתיאתר	1	0		0	פיוט #475 — מן מצות חקותה	וירתיאתר קדשה • מתרחב מן צמתה :
טטרים	1	0		0	פיוט #476 — צלו־ ת לילת מקרתה	ויעבר המרידם * קדש כל ארעותה : ויחפר הארץ רבה טטרים י אבני
רבבותר	1	0		0	פיוט #476 — צלו־ ת לילת מקרתה	בקשט ארהותה : תמשה מ א ה ידקר • ומאה מכם רבבותר - : ובתר זה בלשנו
נקמוחה	1	0		0	פיוט #476 — צלו־ ת לילת מקרתה	נקמוחה : וימלך אחד עשר * גוי עלמותה : ועדתו תתוקר * ועומר ימיחותה
ימיחותה	1	0		0	פיוט #476 — צלו־ ת לילת מקרתה	נקמוחה : וימלך אחד עשר * גוי עלמותה : ועדתו תתוקר * ועומר ימיחותה
והששונם	1	0		0	פיוט #476 — צלו־ ת לילת מקרתה	וימללו הלשונים * ויקום לשון עבראותה ; ותקום הזה י והששונם * על מלי
רברותה	1	0		0	פיוט #476 — צלו־ ת לילת מקרתה	* . ז רברותה : והיהודים ייסרו * זה נבוא עדתה ; ן ארור עזרה ודברו • ומה עשה
בסוכר	1	0		0	פיוט #476 — צלו־ ת לילת מקרתה	בסוכר • ונדרש ממו סליתותה : ויקומו וייתו וידרשו י יעברו תחת טליותה :
סליתותה	1	0		0	פיוט #476 — צלו־ ת לילת מקרתה	בסוכר • ונדרש ממו סליתותה : ויקומו וייתו וידרשו י יעברו תחת טליותה :
פשחותה	1	0		0	פיוט #476 — צלו־ ת לילת מקרתה	הנרול ־ ברכה נדלה תמימותה : ויררש בה וישול י כפירות פשחותה : ויתחני
תולרותה	1	0		0	פיוט #476 — צלו־ ת לילת מקרתה	זה הדבר קרוב י למן לו ארך חיותה : בתר דסר חשוב * בספר תולרותה :
קשיטוחה	1	0		0	פיוט #476 — צלו־ ת לילת מקרתה	אן תמטו לזה רוחתה : לו׳זוי עליכון תשמר • מימרי על קשיטוחה : בזאת
גנחה	1	0		0	פיוט #476 — צלו־ ת לילת מקרתה	חטאותה * . ירחמכם יהוה * וישכנכם בפרדם גנחה : יום נקם קרוב * יסב
החבוב	1	0		0	פיוט #476 — צלו־ ת לילת מקרתה	ז לוכון פרותה ; מן שנאיך החבוב * יום בו יתותר חשבותה : יום בו פניון
ירחמבון	1	0		0	פיוט #476 — צלו־ ת לילת מקרתה	מתחני בשלמותה ; ואנן דרשים לוכון * פני ארון בריתה : אן יהוה ירחמבון *
עביאותה	1	0		0	פיוט #477 — צלות לילה מקרתה	סאה שנה בחייו וחיי * סדר קהל עביאותה : בעת מרן ירצי עליך וישוב
ותדכח	1	0		0	פיוט #477 — צלות לילה מקרתה	ויעזרך ליומי רוחתה : ותדכח אתו בטוב ברכיות פמטותה : ביהוד ובמשה
פמטותה	1	0		0	פיוט #477 — צלות לילה מקרתה	ויעזרך ליומי רוחתה : ותדכח אתו בטוב ברכיות פמטותה : ביהוד ובמשה
ואתרדוב	1	0		0	פיוט #477 — צלות לילה מקרתה	הימים דבה ברכת כהנותה , אשר ארך חיינו סנרת בצוקתה : ואתרדוב
עטמותה	1	0		0	פיוט #477 — צלות לילה מקרתה	ממנו אתר קדש סגדתה : וסמו שם ומשל בלשנות עטמותה ; ולא לנו
מקליטים	1	0		0	פיוט #477 — צלות לילה מקרתה	עמל ירצי בתורו תה ן ולא לנו שופטים ארבונים מקליטים ברדפותה : ולא
בסליחתה	1	0		0	פיוט #477 — צלות לילה מקרתה	לנו כהנים יכפרו בסליחתה : וסרגו כצאן תעים בלא ריטור וחכמתה :
וסרגו	1	0		0	פיוט #477 — צלות לילה מקרתה	לנו כהנים יכפרו בסליחתה : וסרגו כצאן תעים בלא ריטור וחכמתה :
בצורר	1	0		0	פיוט #477 — צלות לילה מקרתה	בצורר ובצוקתה : כן יצילך אה אחי מן ירי דבבותה : ויזכר לך מרי
העמעודים	1	0		0	פיוט #477 — צלות לילה מקרתה	•העמעודים ב
נצטמד	1	0		0	פיוט #478 — צלות לילת מקרתה	נצטמד * ואתון בשמחיכון : בעמל ארונן משה הנזיר הקדקר * בן עמרם
יוכילך	1	0		0	פיוט #479 — הכהן שלמה ב ; טביה בשכם	באחרת מנשמה • ובעלטה מתוקר : יוכילך על משמר • כי הרצון לך יעזר :
מליפיט	1	0		0	פיוט #479 — הכהן שלמה ב ; טביה בשכם	וני בשם ־ מן יתרבי * ויתמר מליפיט :
גה	1	0		0	פיוט #479 — הכהן שלמה ב ; טביה בשכם	י £ .־ ץ גי גה א סביאן יתמר חכמה מן מימר אדונן אבישע
טביבון	1	0		0	פיוט #479 — הכהן שלמה ב ; טביה בשכם	מימרי לבהלכון י סעיתה האלה ; מועדינון ומועדינו ; * טביבון מן אלה :
מנינר	1	0		0	פיוט #480 — צלות לילת מקרתה	ואורה סהר בו * ועננה מנינר אליו : והמקום מקום רב * והנה יהוה
המחקרי	1	0		0	פיוט #480 — צלות לילת מקרתה	ער אמטית אל המקום * המחקרי גבעת עולם : ראיתי שם ' תמהים * בהם
זמללו	1	0		0	פיוט #483 — נ קם עקבה • ישתבח שמו ופני גדלו נצבע	זמללו בעשרה דברים * דברים רביאנים יקירים : ראשם לא יהיה לך אלהים
דאצטמתוי	1	0		0	פיוט #483 — נ קם עקבה • ישתבח שמו ופני גדלו נצבע	ברכת אהלין מליח * תקום לסדר צמיתיה : דאצטמתוי ברן אחריה י
אמשילך	1	0		0	פיוט #484 — תשתבח ואחר הו יהוה הנכבד וישתבח	אלהים אל מהללך : בנרלו בחרך אה ישראל * על בל העמים אמשילך :
דאצכינזו	1	0		0	פיוט #484 — תשתבח ואחר הו יהוה הנכבד וישתבח	■דאצכינזו
דרברה	1	0		0	פיוט #485 — צלות לילה מקרתה	נאזין אזנינן • למשמע זאת השירה : 'דרברה משה הנביא * על אחר
וארברהן	1	0		0	פיוט #485 — צלות לילה מקרתה	וארברהן
מתלקיסים	1	0		0	פיוט #491 — שבתות במספר	רחום פקר השבטים : במלים מתלקיסים : וחג שבעות תעשה לך : בכורי
טזררמי	1	0		0	פיוט #491 — שבתות במספר	מי לו שם כשמי * שלשה עקובאן טזררמי : אביהם וקבצי קבלך * וזקן
רדברו	1	0		0	פיוט #492 — צלות שבת הדברים	רדברו מרו :
תסובבנו	1	0		0	פיוט #496 — לאוי לך הצלות	ההלכים והבאות : מאז מה בראת ממה * לא תסובבנו הטדעות : ואתה
הטדעות	1	0		0	פיוט #496 — לאוי לך הצלות	ההלכים והבאות : מאז מה בראת ממה * לא תסובבנו הטדעות : ואתה
יחאידו	1	0		0	פיוט #498 — עורן בן	אלהי בנו יחאידו • נצירה אשר אדרש : מנח זבח לעבודו * על הר הקדש :
ומחנח	1	0		0	פיוט #498 — עורן בן	אלהי מן חזה בחלמו * סלם מציב בבית אל : ומחנח אלהים בו אזדרמו •
אזדרמו	1	0		0	פיוט #498 — עורן בן	אלהי מן חזה בחלמו * סלם מציב בבית אל : ומחנח אלהים בו אזדרמו •
בגיר	1	0		0	פיוט #498 — עורן בן	דתקע כף ירכו בגיר הנשא :
לטחצך	1	0		0	פיוט #499 — עביד : ואמשחו בשמניו * בפתח אהל מועד	וירחיב לחצך * וישמע למקראך : וירפא לטחצך * ואם תהיה נדחך : בקצה
גירושי	1	0		0	פיוט #499 — עביד : ואמשחו בשמניו * בפתח אהל מועד	וממגד גירושי :
תשתטע	1	0		0	פיוט #499 — עביד : ואמשחו בשמניו * בפתח אהל מועד	מכללה : תשתטע מפם ימ יל ו יהוה מלא :
בעקוב	1	0		0	פיוט #499 — עביד : ואמשחו בשמניו * בפתח אהל מועד	דאנה פניך פרוש * בעקוב ובראיש :
ובראיש	1	0		0	פיוט #499 — עביד : ואמשחו בשמניו * בפתח אהל מועד	דאנה פניך פרוש * בעקוב ובראיש :
ראברת	1	0		0	פיוט #499 — עביד : ואמשחו בשמניו * בפתח אהל מועד	הזרע י בכרי האיש המימן : ראברת נביה רבה יאמן י דעל קשטה אתימן ; ועל
וטרעמסם	1	0		0	פיוט #500 — צלרת שבת הדברים	וממצרים צאו י וקרמה זבחו : ואכלו ושבעו • וטרעמסם נסעו : וקמיון
אשתנקו	1	0		0	פיוט #500 — צלרת שבת הדברים	בצריקו • ומן חלב אימנותה ינקו : ורבביון אשתנקו * וליד מרחה סלקו : ולא
טצטמדין	1	0		0	פיוט #500 — צלרת שבת הדברים	ובין מה אנון טצטמדין * האבות והילידים ; במשרית רפירים * כלם זהים
התשטישד	1	0		0	פיוט #500 — צלרת שבת הדברים	ליהושע : בעל התשטישד , * ואמר לו אה יהושע : בחר לנו אנשים * הזיקי הלב
ניסוסי	1	0		0	פיוט #500 — צלרת שבת הדברים	ויצא יהושע הנסיא • דמן ילידי אריסי : יוסף מלכה דמנה נפרדו ניסוסי *
מטעסי	1	0		0	פיוט #500 — צלרת שבת הדברים	מטעסי : ולעמלק בפי חרב היו נכוסי * שם רבן משה מזבח : ויקרא שמו
וזזעיו	1	0		0	פיוט #501 — צלות שבת הדברים	וזזעיו וארחחו :
וארחחו	1	0		0	פיוט #501 — צלות שבת הדברים	וזזעיו וארחחו :
לגלוגה	1	0		0	פיוט #501 — צלות שבת הדברים	אשר נוח אזרח : וכהלון הוו קעמים • וכל מנון לגלוגה מפרח ; ודמעי העמים ־
אשתמחו	1	0		0	פיוט #501 — צלות שבת הדברים	ומלאביה אסתחרו * ובו אשתמחו : ׳
ריוכבר	1	0		0	פיוט #502 — צלות שבת הדברים	רביאנה : אלא לך אה נעיא זבנה * אה דלית עמך תניאנה : אה ברה ריוכבר *
עמעכון	1	0		0	פיוט #502 — צלות שבת הדברים	מי אנה מי אנה י עמעכון עבדה יבולה דיאנה : אמרו את עברו * ורבותך
תזיק	1	0		0	פיוט #502 — צלות שבת הדברים	שא עיניו והוא סליק * והנה בד אתא : קול רב שריר תזיק • קרי לבנשתה :
רבוחו	1	0		0	פיוט #502 — צלות שבת הדברים	סבו מעה וייתו • ואנון מוקרין רבוחו :
תחוקר	1	0		0	פיוט #502 — צלות שבת הדברים	חתני רבותך * תתרברב עצמותך : תתחיל מיתוביתך • תחוקר נביותך :
שטיע	1	0		0	פיוט #502 — צלות שבת הדברים	מבטלי ; ; ונהירותה עליון נלין * והוא הלוך ביניון : מצית אליון * שטיע
מחקרם	1	0		0	פיוט #502 — צלות שבת הדברים	ממל ליון : מחקרם עליון * כהן לאל עליון :
נביחתה	1	0		0	פיוט #503 — בצלותו ומקראתו	וצבא נביחתה * נציבים קדם : אהן מלכה רבה י משה ברה דעמרם : ואמרו
יונף	1	0		0	פיוט #503 — בצלותו ומקראתו	מי יובל דמי לך * ישתבח חיל ה'דשם : רביאנך וגלולך • יונף ויורם : על כל
טעל	1	0		0	פיוט #504 — צלות שבת הדברים	ולו אח אה משה * הוה סר הצלם : טעל שבוניה * ואולם הנם הלם : אנון
ויודיעך	1	0		0	פיוט #504 — צלות שבת הדברים	ותדין בין דן ׳לדן * ותנפש מכל ארצם : ויודיעך מרך • נסתרי העולם : מפני ■ *
מגלגין	1	0		0	פיוט #504 — צלות שבת הדברים	אנון מגלגין זאת הגליגות ומוסיפים בגליגאתו :
ומוסיפים	1	0		0	פיוט #504 — צלות שבת הדברים	אנון מגלגין זאת הגליגות ומוסיפים בגליגאתו :
תננף	1	0		0	פיוט #504 — צלות שבת הדברים	תם תקף * לא תחמד תננף :
לאהליבם	1	0		0	פיוט #504 — צלות שבת הדברים	לנן תקומה ; על כות זה המראה והמשמע * ואמר שובו לכם : לאהליבם י נ
ישיטנן	1	0		0	פיוט #504 — צלות שבת הדברים	יהוה ישיטנן י ויתכון מן הבאים כלנן : תחת צל קורת משה נבינן • דביקים
סלקחו	1	0		0	פיוט #505 — צלות שבת הדברים	אבישע הוא : ועבדך ממו לקחו * ואן הוה בו סלקחו ; •הוא מן עובד בלוד
חתטתו	1	0		0	פיוט #507 — שנה בחרו תשוב אליבון • ודן מימרה ראמרתי קמיבון	תנים יומה חתטתו :
רבריאתה	1	0		0	פיוט #507 — שנה בחרו תשוב אליבון • ודן מימרה ראמרתי קמיבון	אלהי מאורה דנביותה * ודמע רבריאתה : ומסחן אימנותה י לבוש שם
רלגו	1	0		0	פיוט #507 — שנה בחרו תשוב אליבון • ודן מימרה ראמרתי קמיבון	* . ז איטנותה : וכהן משכן כסיאתה * רלגו אשתה דרס :
אננש	1	0		0	פיוט #507 — שנה בחרו תשוב אליבון • ודן מימרה ראמרתי קמיבון	אננש : ובמשכן יהוה שמש י וזבח קרבנה אנכס :
רכהט	1	0		0	פיוט #507 — שנה בחרו תשוב אליבון • ודן מימרה ראמרתי קמיבון	אלהי תלתה כהנים • קרישים רביאנים : אלעזר ואיתמר השנים י רכהט
דאשחלח	1	0		0	פיוט #508 — צלות שבת הדברים	אלהי מן דאשחלח * עם האתורים לארץ הנחלה : ואמר כינ יוכל נבל לה י
יסתירך	1	0		0	פיוט #508 — צלות שבת הדברים	ובענני רחמיו יסתירך • ועליך בחסדו יחם :
אצסמר	1	0		0	פיוט #508 — צלות שבת הדברים	עבד עלינן נזכר י יחון קמי מן אצסמר :
ומשעבר	1	0		0	פיוט #508 — צלות שבת הדברים	דאכה בזה האתר • כל מנון מצלי ומשעבר :
רלבה	1	0		0	פיוט #508 — צלות שבת הדברים	אה עמו שטעו * ובעינה רלבה ראו :
טיל	1	0		0	פיוט #509 — צלות שבת הדברים	ולנו לבו דאשתה דרס * והוה כתי ה הך טיל רסס * , ועננה כסה נויותה •
נויותה	1	0		0	פיוט #509 — צלות שבת הדברים	ולנו לבו דאשתה דרס * והוה כתי ה הך טיל רסס * , ועננה כסה נויותה •
תשטישותו	1	0		0	פיוט #509 — צלות שבת הדברים	סביבותו : ובדרג תשטישותו קמו • ועליו בהלון שלטו : וכל מנון אמר טימר *
בעובריון	1	0		0	פיוט #509 — צלות שבת הדברים	אתפחרו בעובריון * ואמרו במיטריון : שלם לך ועליך שלמותה * אה כהן
ואחיתבו	1	0		0	פיוט #509 — צלות שבת הדברים	ואחיתבו על ימינו ועל שמאלו והוה כל אחד הלוך קבלו : ובידה חחציצר *
חחציצר	1	0		0	פיוט #509 — צלות שבת הדברים	ואחיתבו על ימינו ועל שמאלו והוה כל אחד הלוך קבלו : ובידה חחציצר *
וטלאביה	1	0		0	פיוט #509 — צלות שבת הדברים	ךך . זכ ל צבא השמים • וטלאביה הוו קעמים : ןכ ל טנק בטשריתו • והיו הלכים
בטשריתו	1	0		0	פיוט #509 — צלות שבת הדברים	ךך . זכ ל צבא השמים • וטלאביה הוו קעמים : ןכ ל טנק בטשריתו • והיו הלכים
חוח	1	0		0	פיוט #509 — צלות שבת הדברים	בתשמישותו : ומשה נביה חוח הלך * ביניון פות מלך : ועל רישה לבוש נזר *
מצטטד	1	0		0	פיוט #509 — צלות שבת הדברים	וצבאו סביבו מצטטד :
ומפידים	1	0		0	פיוט #509 — צלות שבת הדברים	ושני הצבאות היו עמרים מביטים ומפידים : שמעים אהן קלה • קרי מלה
ראתקרים	1	0		0	פיוט #509 — צלות שבת הדברים	בתר מלה : ושריו מליה ראתקרים לא יהיה לך אלהים אחרים : לא תשבעו
תיצח	1	0		0	פיוט #509 — צלות שבת הדברים	יין ן. זל א תיצח ער כל טוב תמצא ןל א תנאף עד בעליון תסתקף : לא
תסתקף	1	0		0	פיוט #509 — צלות שבת הדברים	יין ן. זל א תיצח ער כל טוב תמצא ןל א תנאף עד בעליון תסתקף : לא
טובילן	1	0		0	פיוט #510 — צלות שבת הדברים	טוב ' אבהתן ומה שמעו • טובילן ומה ראו : ראו זה הרביאן י רעל טור
ראושינו	1	0		0	פיוט #510 — צלות שבת הדברים	מרי לא תפרע ראושינו מן אימנותו י ולא תוציאן מן גבול דתו : ושימנו
צרקתכון	1	0		0	פיוט #510 — צלות שבת הדברים	רק מן צרקתכון מדרשו * אן לעדרו תפרשו : עד יחתם הממלל במימר * לאלה
ושלשותר	1	0		0	פיוט #510 — צלות שבת הדברים	ז מתעינים * וטניאנו ; ארבע ושלשותר , * ן ארבע כארבע אדנים * דאזדמן בון
בשטחותה	1	0		0	פיוט #510 — צלות שבת הדברים	אנשמותה : ותלתה לון ארמנים * בון נקום בשטחותה : ונסק אל קדש
חדותר	1	0		0	פיוט #510 — צלות שבת הדברים	כלול השנים * דאז דמן בון חדותר . : והו כלול המשים יום מתמנים * ושבעתי
בסימר	1	0		0	פיוט #510 — צלות שבת הדברים	עדתה : ונשלח הלשונים י בסימר תשבתתה : לחנון החנונים * שמעיו בל
חמשחי	1	0		0	פיוט #510 — צלות שבת הדברים	היום הקרוש הזה * ומחר חתמת חמשחי יומיה : עקב משמע קול יהוה י
ובספרחם	1	0		0	פיוט #510 — צלות שבת הדברים	חוריה : ומנחתם סלת ■ ששה עשרוניה : ובספרחם עודי אמר י תנדו מנחה
ורמשירי	1	0		0	פיוט #510 — צלות שבת הדברים	זבניה : שלום יהודי עליו * בכל צפריה ורמשירי : שלום יהוה עליו י בכל לילה
פחחך	1	0		0	פיוט #510 — צלות שבת הדברים	פחחך יהוה נסי ונו
חהללות	1	0		0	פיוט #511 — צלות שבת הדברים	ואז ישר ויתנו אל הטבעית בשני מכתבים ויתמר ראשה חהללות
ארוס	1	0		0	פיוט #511 — צלות שבת הדברים	ועשיתם ־ ארוס
קוממיחז	1	0		0	פיוט #511 — צלות שבת הדברים	ואוליך אתכם קוממיחז י
גיתטר	1	0		0	פיוט #511 — צלות שבת הדברים	גיתטר מן אריק עליכן מרן * א ־ ב • נ * ד * רי * ו * ז * לי פ * רי ש • ח • *,ג *
חעבדה	1	0		0	פיוט #511 — צלות שבת הדברים	צ ס וילבו וינחו בני ישראל מן חעבדה שבח נדלה * מן . ז
צלטינו	1	0		0	פיוט #511 — צלות שבת הדברים	כמה קרא משה נבינו : 'דקרן עור פניו ואזרח * ואניר על צלטינו : ואשר
ואחעצם	1	0		0	פיוט #511 — צלות שבת הדברים	את השירה י ואחעצם רביאנו : והיביא לנו תורה * מנירה לבבינו : לאוי
יננילו	1	0		0	פיוט #512 — צלות שבת הדברים	בנסתרו : רלא מקום יננילו • ולא שותף יצררו ז ולית יקום אלא חילו *
דאסנלו	1	0		0	פיוט #512 — צלות שבת הדברים	סבלו * ולהר ביני עברו : על יד הנביא דאסנלו • ומן הבוראות בתרו :
אתתילו	1	0		0	פיוט #512 — צלות שבת הדברים	אל פה דברו : ברברים אתתילו • עשרה אתולרו : בון ישראל אתכללו •
אתולרו	1	0		0	פיוט #512 — צלות שבת הדברים	אל פה דברו : ברברים אתתילו • עשרה אתולרו : בון ישראל אתכללו •
ונרילו	1	0		0	פיוט #512 — צלות שבת הדברים	טובי מי ישמרו : ויקדשו ונרילו • ויהללו וישירו : לצור תמים פעלו י צדיק
חקעים	1	0		0	פיוט #512 — צלות שבת הדברים	מכל פני • מחליף חדרים : חקעים הקני * ישר הישרים : דקרא לטשה
טתכבני	1	0		0	פיוט #512 — צלות שבת הדברים	ונחנון אל הר סיני • על כנפי ׳נשרים ןע ד יהונו טתכבני • למשמע עשרת
רבללם	1	0		0	פיוט #512 — צלות שבת הדברים	ה ״ רבללם בששת יומיה מלאות : י ה ה רקדש יום שביעי ושמו אקר
ראסנל	1	0		0	פיוט #512 — צלות שבת הדברים	הקדשות : י ה ה ראסנל בו ישראל סל נו כל המשפחות : י ה ה
יריכוץ	1	0		0	פיוט #514 — שבע השבתות	תלו יריכוץ ואמרו
ראתנשא	1	0		0	פיוט #514 — שבע השבתות	תתמלי * במקום והמכתב והכהן : הגדול ראתנשא • ויצק על ראשו שמן :
רהועדת	1	0		0	פיוט #515 — ויתמר קטף הטביעת והו קציר וסיני ושבת	רהועדת ' לנו ימ הל א נרע מן נפשותינו :
ואתננרו	1	0		0	פיוט #516 — צלות שבת הדברים	בוראיה הוקמו • כל מנון על יסור : מראשית אל אחרית * ואתננרו בטב
טעתר	1	0		0	פיוט #516 — צלות שבת הדברים	לכל כלום סעוד : ׳ והיה הכל טעתר • על פי אשר לכל עבוד : עד
וזנדל	1	0		0	פיוט #516 — צלות שבת הדברים	גדלות יהוה וזנדל • ותתעצם רבותו : ישתבח ויתרבי • ותתקדש שמותו ;
מבידילותו	1	0		0	פיוט #516 — צלות שבת הדברים	ביתו : הנביא דמיום בריאתו * נגלת מבידילותו : הנביא דהושיט יהוד . *
אהלק	1	0		0	פיוט #516 — צלות שבת הדברים	דהאן עיניך תראה * תרי נוים מהעברים : אהלק בתשבחן ורבואן * לאלהים
בעופרית	1	0		0	פיוט #516 — צלות שבת הדברים	משירים : ואהלין צללו בעופרית * במים אדירים ; אהלין צאו כמה
קבירים	1	0		0	פיוט #516 — צלות שבת הדברים	עברו * יהיבים מן מרון איקרים * ואהלין מיתים • ובתוך הים קבירים ג
והמטיק	1	0		0	פיוט #516 — צלות שבת הדברים	הוצאך : ועל פיו על יד משה הוליכך * ובחנות מרתה הובאך : והמטיק
המדיל	1	0		0	פיוט #518 — סיני * בחמשה עשר יום לחדש השני	מדבר סיני • יראה דן הנוי המדיל : בי טוב לו י 'ננדו יהוד האל :
חיטים	1	0		0	פיוט #519 — צלות שבת הדברים	צבאותם : ועל ההר לא ׳יעלו ימ ה הוא טובתם : ובשלשת חיטים יא ל
וברכאתם	1	0		0	פיוט #519 — צלות שבת הדברים	יאריכון ימיך * וברכאתם לך תעמד : לא תרצח לא תנאף לא תגנב *
טאוריו	1	0		0	פיוט #519 — צלות שבת הדברים	עצום * טאוריו מופעות : וטובך במשמרו • אה קרש המשפחות : וכל
תספח	1	0		0	פיוט #519 — צלות שבת הדברים	שנה תספח • אהלין השבעות : מיום הביאכם את עמר התנופה י שבע
חתמח	1	0		0	פיוט #520 — צלות שבת הדברים	לשמורך : חתמח חמשיתי יומיה • היה טעברך : ומקרא קדט לך אד
טעברך	1	0		0	פיוט #520 — צלות שבת הדברים	לשמורך : חתמח חמשיתי יומיה • היה טעברך : ומקרא קדט לך אד
קדט	1	0		0	פיוט #520 — צלות שבת הדברים	לשמורך : חתמח חמשיתי יומיה • היה טעברך : ומקרא קדט לך אד
ותשטע	1	0		0	פיוט #520 — צלות שבת הדברים	ישראל • ויהוה בו אטרך : תחנ להרנריזים י ויראה כל זכורך : ותשטע
טקום	1	0		0	פיוט #520 — צלות שבת הדברים	ואיקר זה היום : תחנו להרנריזים י קרש בל טקום : ישיב יהוה מבר בתו
הטרחיבי	1	0		0	פיוט #520 — צלות שבת הדברים	עורן בן שירה מן מימר אדוני מרחיב בן יעקב הטרחיבי * ירחמו ונו
סחיר	1	0		0	פיוט #522 — צלות שבה הדברים	לא סחיר : בו תקום הברית * ועלטה בו תעמיר : הרח ברקיע עמרם •
ונזקלליך	1	0		0	פיוט #522 — צלות שבה הדברים	מברכיך * ונזקלליך אאר :
לדזתמיד	1	0		0	פיוט #522 — צלות שבה הדברים	הים : וישראל משירים לדזתמיד הקעים : והם הלכים על שפת הים
ואמטיק	1	0		0	פיוט #522 — צלות שבה הדברים	טובי ישראל י דמעי בל העטים ; דעברו לים סוף וצאו שלומים : ואמטיק
אסתררו	1	0		0	פיוט #523 — צלות שבת הדברים	לון חתמה ן ובזח השבוע השביעי י אסתררו עמה : בטור סיני ושמעו
חשביעי	1	0		0	פיוט #523 — צלות שבת הדברים	ששת ימים תעבד וביום חשביעי תשבת : לא תעשה בו כל מלאכה
תשתמד	1	0		0	פיוט #524 — יהוה את יום השבת	וער : תשתמד בעלמה * ובראכתון לך תעמד : לא תרצח לא תנאף לא
ססנר	1	0		0	פיוט #524 — יהוה את יום השבת	ססנר : והקמת לך אבנים נדלות ושדת אתם בשיד :
צזך	1	0		0	פיוט #524 — יהוה את יום השבת	סדרה דאבה אסתדר ראה ושמור ושמע : מה צזך מרך בתורה
והסצוה	1	0		0	פיוט #525 — צלות שבת הדברים	והתורה והסצוה * אשר כתבתי להורותם ויעל משה אל ההר • ויכסהו
וקשיטים	1	0		0	פיוט #526 — אלעזר : דאכתב בהרנריזים * בשנת שלשה עשר	צוך יהוה אה ישראל • בחקים ומשפטים : צדיקים כלם * טובים וקשיטים :
בהרנרץים	1	0		0	פיוט #526 — אלעזר : דאכתב בהרנריזים * בשנת שלשה עשר	קהל ישראל יתפחרו • על בל העמים : בהרנרץים בית אל * קדש
להץ	1	0		0	פיוט #526 — אלעזר : דאכתב בהרנריזים * בשנת שלשה עשר	וידינן מתפרשה : אל יהוה ודרשים * אן מעלינו ישא : כל להץ וקצף
טריחב	1	0		0	פיוט #526 — אלעזר : דאכתב בהרנריזים * בשנת שלשה עשר	עדרי ; בי לשני מתקצר * בדן מימרי : ואני עברבון טריחב * אן תימרו
מפניבון	1	0		0	פיוט #527 — צלות שבת הדברים	ירח מו מרי : יהוה יחני יתכון י ביומי מועדיך באיקרי : ויבד מפניבון
רריחון	1	0		0	פיוט #527 — צלות שבת הדברים	חייבון כהלכון • אנה ובכל אתרי : בעמל תלתה רחמין * רריחון סב
רריח	1	0		0	פיוט #527 — צלות שבת הדברים	׳רריח : ובזכות בן רחל * יפה תאר ויפה מראה : ובנביות ב ; עמרם *
ואננרם	1	0		0	פיוט #527 — צלות שבת הדברים	זםי מ ניר ״ : ואננרם בזה השבוע אל מדבר סיני באיקרים * בדיל טשמע
טשמע	1	0		0	פיוט #527 — צלות שבת הדברים	זםי מ ניר ״ : ואננרם בזה השבוע אל מדבר סיני באיקרים * בדיל טשמע
זגל	1	0		0	פיוט #527 — צלות שבת הדברים	£ רב אלה ויחמד * . ג *ג * זגל״ ס נ* כ
עלטיה	1	0		0	פיוט #527 — צלות שבת הדברים	ואזמין לנו הטובות יחרים • במקדום רן ילידה דאתיליד מן נפש עלטיה :
טיתוביתו	1	0		0	פיוט #529 — תשבחן לשמו הקדוש • בכל לילה ויומה	ואפרש לון שבע שבתות * גלגיון ריאמה : כל שבת מהם * טיתוביתו
ראפקתיך	1	0		0	פיוט #529 — תשבחן לשמו הקדוש • בכל לילה ויומה	ראשם אנכי יהוה אלהיך * ראפקתיך מידי כל טלומה : לא תשא שמו
המלומד	1	0		0	פיוט #532 — בכל לילה ויומה	והצילך אה עמו * מירי המלומד : במופתים גדלים * בואחון לא אתעמה :
ממצריטה	1	0		0	פיוט #532 — בכל לילה ויומה	ראשם אנכי יהוה אלהיך * אשר הוצאתיך ממצריטה ןל א יהיה לך אלהים
תעיזי	1	0		0	פיוט #532 — בכל לילה ויומה	תעיזי בעין זמה ;
מזררמרי	1	0		0	פיוט #532 — בכל לילה ויומה	ישים ש בת ומ ועד טבר ך עליבון * אה מן אנה מזררמרי : דו
ובנהנח	1	0		0	פיוט #533 — צלות שבת הדברים	הנאמן משה עבדך ובנהנח שמשי משכן קדשך אהרן ואלעזר ואיתמר
מפשיטים	1	0		0	פיוט #533 — צלות שבת הדברים	מרם נתעתק מן זה האתר • נהי אל זה הבגד מפשיטים :
מקשיטים	1	0		0	פיוט #535 — צלות שבת הדברים	מנון מספר שבע שבתות תמימות * ורן שביעה דהוו בו מקשיטים :
חיובים	1	0		0	פיוט #535 — צלות שבת הדברים	מתוך ארבע שנבים בקול גדול י יופי הך חיובים לחטים :
ושופטים	1	0		0	פיוט #536 — ולית יכולה על המעזרלכותו *אלא מן מימרך נהי מקליטים	חקות מרן מצ תו ותורותו * ותקים לן שוטרים ושופטים ;
אציג	1	0		0	פיוט #536 — ולית יכולה על המעזרלכותו *אלא מן מימרך נהי מקליטים	וברכת מי אציג המקילות * אשר פצל ברהטים :
פירוטים	1	0		0	פיוט #536 — ולית יכולה על המעזרלכותו *אלא מן מימרך נהי מקליטים	ומן ברכת הזכאים אבותיכון * ומי לברכת רבתה פירוטים
פליטי	1	0		0	פיוט #536 — ולית יכולה על המעזרלכותו *אלא מן מימרך נהי מקליטים	ומרן יקבל צלואתכון * ויפק יתכון מן פנותה פליטי ם
עבוטים	1	0		0	פיוט #536 — ולית יכולה על המעזרלכותו *אלא מן מימרך נהי מקליטים	וישמע קלין דצבעתכון • וכרתות מרן תהונו עבוטים
ראלהוח	1	0		0	פיוט #536 — ולית יכולה על המעזרלכותו *אלא מן מימרך נהי מקליטים	נחתם צלותה * במימר השבחתה י למרה ראלהוח : ופניו אקד * ארצה
ואשתחבד	1	0		0	פיוט #536 — ולית יכולה על המעזרלכותו *אלא מן מימרך נהי מקליטים	ואשתחבד י ואסנד : ואקדש שמותו :
בחוחתו	1	0		0	פיוט #536 — ולית יכולה על המעזרלכותו *אלא מן מימרך נהי מקליטים	קרש * יתו בשלשה חר ש:ים מזכירים בחוחתו ;
שנע	1	0		0	פיוט #537 — צלות שבת הדברים	שנע מועדים • הסירים • כנרים : כל טועד לו שטח • ואתה נון תשטח *
טועד	1	0		0	פיוט #537 — צלות שבת הדברים	שנע מועדים • הסירים • כנרים : כל טועד לו שטח • ואתה נון תשטח *
תשטח	1	0		0	פיוט #537 — צלות שבת הדברים	שנע מועדים • הסירים • כנרים : כל טועד לו שטח • ואתה נון תשטח *
אצ	1	0		0	פיוט #537 — צלות שבת הדברים	בחי ץ־ אצ ית לי * אה קהלי י ושמע מטללי : ואתיצב קבלי י ולא תקח
בשטחו	1	0		0	פיוט #538 — מנון יומי המועדים : בל מועד על אדותו	הראש באו * בימה ומטו צאו * בשטחו : ושרו על שפתו י בזהותו •
הטתקו	1	0		0	פיוט #538 — מנון יומי המועדים : בל מועד על אדותו	ובשבוע השני • באו בני י ישראל לפני : משה ויצעקו * עד הטתקו •
הזברו	1	0		0	פיוט #538 — מנון יומי המועדים : בל מועד על אדותו	כטס פר • השבטים אשר : הזברו בתוחתו :
חלטישי	1	0		0	פיוט #538 — מנון יומי המועדים : בל מועד על אדותו	והחמישי * המים הוציא משה • לון מצור חלטישי : עד מנה שתו :
הגרנשי	1	0		0	פיוט #538 — מנון יומי המועדים : בל מועד על אדותו	ועטו הגרנשי • על יד תל מוד משה : יהושע משרתו :
חננב	1	0		0	פיוט #539 — שמור יום שבתה וקדישותו	לא חננב יע ר בטח תשכב * לא תסיר בשקר עד תתיטב : ולא תחמר
דשטעו	1	0		0	פיוט #539 — שמור יום שבתה וקדישותו	יהוה ישמכון * אתון ובניכון * בות אבותיכו ; : דשטעו ש לש קולות •
מריחב	1	0		0	פיוט #540 — דאנשה • על העם הנושע : דבזאת צלותה אצטמתו	שמו מריחב הטריחבי • אן יסלח לו חובי * בעמל משה הנבי : דמע כל
הטריחבי	1	0		0	פיוט #540 — דאנשה • על העם הנושע : דבזאת צלותה אצטמתו	שמו מריחב הטריחבי • אן יסלח לו חובי * בעמל משה הנבי : דמע כל
ואנרילו	1	0		0	פיוט #540 — דאנשה • על העם הנושע : דבזאת צלותה אצטמתו	והוי לו תמיד עקד סגר דו רב חסד : ואודי לו ואנרילו רו רם
רמספרון	1	0		0	פיוט #542 — ומצותו * רבו אצטמתו : כל מועד וחדש	£ דמהם האלין השבתות * דקדשיון מלאות • רמספרון שבע שבעות ;
אזברם	1	0		0	פיוט #542 — ומצותו * רבו אצטמתו : כל מועד וחדש	קמיך אזברם * ואפתרם * מראשם וער אתרם : ואשרש בבל שרש ;
תיול	1	0		0	פיוט #542 — ומצותו * רבו אצטמתו : כל מועד וחדש	דבון אתעשה • סימן תיול קשה * ותמה רב לא יתנשי : ובו ישראל
תנתב	1	0		0	פיוט #543 — צלרת שבת הדברים	אלהיך מרך • תנתב עליו דברך י ומה ביאר לך בספרך : ואת בשמח
מוע	1	0		0	פיוט #543 — צלרת שבת הדברים	מה שנה אה עם רם * תעשה מוע דים בשלם • וסיתובי תך תחריאם :
וסיתובי	1	0		0	פיוט #543 — צלרת שבת הדברים	מה שנה אה עם רם * תעשה מוע דים בשלם • וסיתובי תך תחריאם :
ויושעיך	1	0		0	פיוט #543 — צלרת שבת הדברים	ומק צלותך יקבל • וישמע מה את שאל • ומכל לחץ לך יגאל : ויושעיך
צלואתנון	1	0		0	פיוט #544 — צלות לילת מועד חג הקציר רטשה	ויחמר ידוה אל רחום וחנון ומק יקבל צלואתנון אתי בשלם
יתבנשו	1	0		0	פיוט #544 — צלות לילת מועד חג הקציר רטשה	צלות מועד חנ הקציר צפרה * יתבנשו כל הקהל והזקנים אל תרח הכנשה
צלואתכו	1	0		0	פיוט #545 — צלות מועד חג הקציר צפרה	ויתמר יהוה אל רחום וחנון • ומרן יקבל צלואתכו ויקאל . ז
טספרם	1	0		0	פיוט #546 — צלות מועך חג הקציר צפרה	עטו על ירו • במופתים יקירים : טספרם אחד עשר • תחמתון מות
טדבר	1	0		0	פיוט #546 — צלות מועך חג הקציר צפרה	הבכורים : ואנגדם אל טדבר סיני ׳ על כנפי נשרים : ואשטעם קולו * ידבר
בטספרים	1	0		0	פיוט #546 — צלות מועך חג הקציר צפרה	וכזרים : מן כלולם מועדים רמים * שבעה בטספרים : מנון אהן יומה •
שטוח	1	0		0	פיוט #546 — צלות מועך חג הקציר צפרה	דנלניו יתרים ג דאשתמה בשלשה • שטוח יקירים : חג הקציר ומועד
טסעיהם	1	0		0	פיוט #547 — ישתבח אלהים	ויקם את החצר סביב למשכן , . . בכל טסעיהם :
הרביקים	1	0		0	פיוט #548 — צלות לילת מפוק חג הקציר רמשה	הרמתי את ירי * .״ ואתם הרביקים ביהוד
נודעחי	1	0		0	פיוט #548 — צלות לילת מפוק חג הקציר רמשה	ברוך מן דאמר אני יהוה ואראה . . , נודעחי להם : • ז
רמיטב	1	0		0	פיוט #549 — ולעלם תסתגד ולעלם תשתבח ותתחסל הצלות בטוב	נ£* נשוי כהלן ג טבה רמיטב •
אמשיליו	1	0		0	פיוט #551 — ותתחסל הצלות בטוב	קמאה • מאז על בוראיה אמשיליו : ועתק זה הכליל לכל דרי זכותה • כל
ףא	1	0		0	פיוט #553 — צלות מועך חג הקציר במדינה	רב אלה . . וישרו אלקט ףא ל עשרת הדברים * יתהלל על
טק	1	0		0	פיוט #553 — צלות מועך חג הקציר במדינה	אלהי אברהם ׳רלח ניביו דק : דאטר עליו ויחלק : אשר אמר ובן מ*טק :
דבשמיגי	1	0		0	פיוט #553 — צלות מועך חג הקציר במדינה	אלהי מי אנציר לאלה : אשר אדרש עלה : על הר הנחלה : דבשמיגי
וארוטמנהו	1	0		0	פיוט #553 — צלות מועך חג הקציר במדינה	אלהי מן אמר זה אלי ואנוהו : אלהי •אבי וארוטמנהו : נביה אשר
דלצש	1	0		0	פיוט #553 — צלות מועך חג הקציר במדינה	אלהי הכהן המשיח : ׳דלצש בנדי ״קדשי : דאטר עליו נשיא : נשיאי
לטימר	1	0		0	פיוט #554 — הלוים אלעזר	דראה בעין מדעו • ויפתח עיניו ומשמעו : ויקשט מראו י לטימר נבראי :
בתיקו	1	0		0	פיוט #554 — הלוים אלעזר	הוה יביא ראשם בתיקו * ויפתח את שקו : ומה תדברו נפשו יפקו : לא
יסיח	1	0		0	פיוט #555 — צלות מועד חג הקציר במדינה	ויביום מעמדו • כל מראיה יסיח : 'בקשט לא בזח * הה אתר פגעי :
והגביל	1	0		0	פיוט #555 — צלות מועד חג הקציר במדינה	הטלאכים וישראל * ואיך אצטטתו כליל : ואיך קדש את ההר והגביל •
אזדזעי	1	0		0	פיוט #555 — צלות מועד חג הקציר במדינה	בהיות הבקר * וענן כבר על ההד : ושרא קול השופר * וחיליה אזדזעי :
וערבל	1	0		0	פיוט #555 — צלות מועד חג הקציר במדינה	ועננה הוה כפל י וחשכה בתרו קפל : ואש להבה וערבל י וזאת למה היא :
סיביבותון	1	0		0	פיוט #555 — צלות מועד חג הקציר במדינה	סיביבותון ה׳אלנצים הך פרכת • על של חן היכולה מערכת : ימנעו הלוך
מסחוביבים	1	0		0	פיוט #555 — צלות מועד חג הקציר במדינה	עלמה מסחוביבים • ולפיריה להבים : זזועים רברבים * ועיני בוראיה
ולפיריה	1	0		0	פיוט #555 — צלות מועד חג הקציר במדינה	עלמה מסחוביבים • ולפיריה להבים : זזועים רברבים * ועיני בוראיה
זזועים	1	0		0	פיוט #555 — צלות מועד חג הקציר במדינה	עלמה מסחוביבים • ולפיריה להבים : זזועים רברבים * ועיני בוראיה
סנילי	1	0		0	פיוט #555 — צלות מועד חג הקציר במדינה	אמללך ותמללי • בנסתר ובגלי : דאתה לי סנילי • ודמע מן דמיעי :
מצממדה	1	0		0	פיוט #555 — צלות מועד חג הקציר במדינה	מצממדה : ותהונו בו 'בטוב י ואצלחו וחן וחסדה : וישם לוכון בו אמן •
רורה	1	0		0	פיוט #555 — צלות מועד חג הקציר במדינה	מכם • ויבר מפניך כל מ׳רורה : ותראו המשכן נציב * על בחור כל
מצטמרה	1	0		0	פיוט #555 — צלות מועד חג הקציר במדינה	ואתה בחרי וזהי וחסרה : וכן ישמר חייכם כלכם * אה מן אנה מצטמרה :
בזאתצלוחה	1	0		0	פיוט #555 — צלות מועד חג הקציר במדינה	תנים יומה מאה ענה י סדרה דאזרמנו : בזאתצלוחה * וכל סדר אחינו :
הסנולות	1	0		0	פיוט #555 — צלות מועד חג הקציר במדינה	■* . ז ויהונו כל העם • מודים לאלריינו : על זאת הסנולות • אשר ברי אסנלנו ;
אסנלנו	1	0		0	פיוט #555 — צלות מועד חג הקציר במדינה	■* . ז ויהונו כל העם • מודים לאלריינו : על זאת הסנולות • אשר ברי אסנלנו ;
סול	1	0		0	פיוט #555 — צלות מועד חג הקציר במדינה	ח סול זה נימר • קמיכון בא רבנו : ונאמר ברוך אתה בחסדך • ברחמיך עני
אלתג	1	0		0	פיוט #555 — צלות מועד חג הקציר במדינה	אלתג ויתמר אלהי אברהם לך נברך וירא ישראל ואז ישר
דאשקיח	1	0		0	פיוט #555 — צלות מועד חג הקציר במדינה	דאשקיח בכל עורה :
דמשתוקח	1	0		0	פיוט #555 — צלות מועד חג הקציר במדינה	רמה צעורה דשלם * פילה דמשתוקח זרע :
הרדזבזי	1	0		0	פיוט #555 — צלות מועד חג הקציר במדינה	הרדזבזי
סדירה	1	0		0	פיוט #556 — צלות ממד חג הקציר במדינה	הקדש סדירה : מימינו אש דת למו • היא ספר התורה : טובי מי לו
תבילו	1	0		0	פיוט #556 — צלות ממד חג הקציר במדינה	לו תמיר נרבי נרבי * ובכל עת נהללו ׳ דשלח לן נוף ־ לוי • משה תבילו : ׳*
דז	1	0		0	פיוט #556 — צלות ממד חג הקציר במדינה	הענן קראו • ואלבשו ית נורו : וקרן עור פניו וזו־דז * ואזדזעת עלמה מן
אחפחרו	1	0		0	פיוט #556 — צלות ממד חג הקציר במדינה	אמת בו אחפחרו : כל מנון הוה לה 'ישמש * וינשקו צלמו ובשרו : וגם
אועו	1	0		0	פיוט #556 — צלות ממד חג הקציר במדינה	אועו ו
במטצאך	1	0		0	פיוט #557 — צלות מועד חג הקציר במדינה	לווה ים * דלא קדמו קרם ולא בתיו : במטצאך לן חדו וזהו * ושרו ושלם
ישפס	1	0		0	פיוט #557 — צלות מועד חג הקציר במדינה	־ ואיקרו : טוביכון אה ישראל תורו * לאלה באנצירו : כי הו בצרק ישפס *
רנחג	1	0		0	פיוט #557 — צלות מועד חג הקציר במדינה	ה ״ דנבא למשה דמע הספרים : י ה׳ ' ה ״ רנחג עמו להר סיני באיקרים :
טוערים	1	0		0	פיוט #557 — צלות מועד חג הקציר במדינה	דמע כל הדורות : לאלה ראפרש לן על ידו טוערים כברות ; לאלה דשם
דמערחה	1	0		0	פיוט #557 — צלות מועד חג הקציר במדינה	אבח לפני יהוה * ואתלי בפניו פני : ואתפלל בזכאי עלמה י דמערחה שכוני :
טעורני	1	0		0	פיוט #558 — צלות מועך חג הקציר במדינה	טעורני : ומשם מי מצאהו האיש תעי * דברח מן תזני : ומשם מי קראו
רבלבו	1	0		0	פיוט #558 — צלות מועך חג הקציר במדינה	חלה וקדשי : רבלבו רוח אלהים מרחפת * במימרים והמעשה : והו לבו בה
הררושי	1	0		0	פיוט #558 — צלות מועך חג הקציר במדינה	על רב יהוה ומשה : ויתפלל בעלותו ויקום • וידרש מן מרו רב הררושי :
והמבתיב	1	0		0	פיוט #558 — צלות מועך חג הקציר במדינה	מה טבך תהי פניו קעום * עקד ם גד וטר ומם לאל המעשה : והמבתיב
רירושי	1	0		0	פיוט #558 — צלות מועך חג הקציר במדינה	לו שמשי : ועמה בין ידיו עמדים * עקדים סגדים רירושי : בזזעיו רב
ברמאתו	1	0		0	פיוט #558 — צלות מועך חג הקציר במדינה	נפשי : מן טרה יקבל ברמאתו * וברחמיו לו יושיע : ער יפרט הברכה
וזברונך	1	0		0	פיוט #558 — צלות מועך חג הקציר במדינה	יהוה פניו אליך • ויחנך מכל לחץ וקשה : ישא יהוד . פניו אליך * וזברונך
יברכנובון	1	0		0	פיוט #558 — צלות מועך חג הקציר במדינה	לא יתנשי : אהיה אשר אהיה אלהים יתברך ומש מים יברכנובון • סדרה
ובעואתבון	1	0		0	פיוט #558 — צלות מועך חג הקציר במדינה	המתכנשי : וחילה רחמ נה יקבל צלואתבון ובעואתבון * בכל צפר ורמשי :
ותגיבו	1	0		0	פיוט #559 — * צלות מועד חג הקציר במדינה	שמע תשמע • יקרי הקצה ותגיבו הקהל לו אלף ישר ןב לז ה והמכתבים
וטחתמר	1	0		0	פיוט #559 — * צלות מועד חג הקציר במדינה	אלהים אל עליון ואה מלך רחמן • וחבתה ישתבח מר : וטחתמר . בכחין
וחפלותה	1	0		0	פיוט #559 — * צלות מועד חג הקציר במדינה	ז ובחר : הכהן תלוי חבתה • שבחו על האבן יימר : ובתיה לך נביע וחפלותה *
הפנרי	1	0		0	פיוט #559 — * צלות מועד חג הקציר במדינה	הפנרי • ותרד הדמעות כמטר : ועת יפרע ר בנה באלהים יראה * חמשה
הטנבר	1	0		0	פיוט #559 — * צלות מועד חג הקציר במדינה	הטנבר : ועת יחתם צלותה * שם תזחע כל אבר : ויתפרש עננתה • והמלאך
ויזבר	1	0		0	פיוט #559 — * צלות מועד חג הקציר במדינה	ויזבר במיטרותה * כל מן קדם לו נדבה ונדר : ויצלי הו וזימוני * צלות
םב	1	0		0	פיוט #559 — * צלות מועד חג הקציר במדינה	קטנה במה רב בשר : וכל אחר לחברה יחני * והם םב יב הג בעה
הטזרמנה	1	0		0	פיוט #561 — יוטה סדרה המזרמנה * הויך ממן ישר	תנים יומה מאה שנה •מן דאבה פני קעום : סדרה הטזרמנה * מן ״ס־
יישמר	1	0		0	פיוט #561 — יוטה סדרה המזרמנה * הויך ממן ישר	במימר יברכך יאיר ישא * וישים לך שלום : כן יישמר חייכם כלכם * והברכה
מועריבון	1	0		0	פיוט #561 — יוטה סדרה המזרמנה * הויך ממן ישר	לובון תקום • ובטוב תעשו מועריבון • ולא ימטי בוכון סכום : ותסור ימי הקללה •
רסר	1	0		0	פיוט #561 — יוטה סדרה המזרמנה * הויך ממן ישר	הרחום : בתר רסר חשובי הרבנים • ולמאהבה תהי חבום : ותנרל ותהי
ותנרל	1	0		0	פיוט #561 — יוטה סדרה המזרמנה * הויך ממן ישר	הרחום : בתר רסר חשובי הרבנים • ולמאהבה תהי חבום : ותנרל ותהי
קק	1	0		0	פיוט #561 — יוטה סדרה המזרמנה * הויך ממן ישר	דבריו לשלום : ומי קק עור פניו • עליו מנן השלום : דאמר עליו ויעבר
אלברבה	1	0		0	פיוט #561 — יוטה סדרה המזרמנה * הויך ממן ישר	ויתמר רראן אלד . רב • וכי בשם וי תרבי ־ אלברבה •
צנמוח	1	0		0	פיוט #563 — צלות מועך חג הקציר במדינה	צנמוח :
השתדם	1	0		0	פיוט #563 — צלות מועך חג הקציר במדינה	ע ל השתדם בשמחות :
חדטכו	1	0		0	פיוט #563 — צלות מועך חג הקציר במדינה	קומו אשתו עלי • כל הימים והלילות : ולא חדטכו בליל * ואקדמו אלי
ורפעות	1	0		0	פיוט #563 — צלות מועך חג הקציר במדינה	מיכל ומשתה ׳ ורפעות :
נאיספות	1	0		0	פיוט #563 — צלות מועך חג הקציר במדינה	בד ודם ופטרה • שלשה נונים נאיספות : פניה וריח ומראה * בטיב ויביש
ועתורים	1	0		0	פיוט #563 — צלות מועך חג הקציר במדינה	ובות חנכת המזבח • מן אילים ועתורים וכבשות : וכות עמודי הטסך •
רחיבי	1	0		0	פיוט #564 — צלות מועך חג הקציר במדינה	בן מרחיב ה מ רחיבי ירחמו וגו
טוגיכון	1	0		0	פיוט #564 — צלות מועך חג הקציר במדינה	ישראל טוגיכון • במשה נביכון : במה אפרש לוכון • מן גזרים ופקודים :
שמיטות	1	0		0	פיוט #564 — צלות מועך חג הקציר במדינה	והשני המתקו מימות • והשלישי תמרים ועימת : והרביעי מזון מן שמיטות *
צנט	1	0		0	פיוט #564 — צלות מועך חג הקציר במדינה	והחמישי מים מן צנט ת פליק * והששי מקטל עמלק ; על יד תלמוד
פליק	1	0		0	פיוט #564 — צלות מועך חג הקציר במדינה	והחמישי מים מן צנט ת פליק * והששי מקטל עמלק ; על יד תלמוד
עבדטן	1	0		0	פיוט #565 — צלות מועך חג הקציר במדינה	עבר יהוה עבדטן אני * אדי סדר זיטוני : בחייכון תסבלוני י ולא תשלחו
מצטמרים	1	0		0	פיוט #565 — צלות מועך חג הקציר במדינה	״ . ז תנים יומה חדים • למן אנה מצטמרים : בטובת וחסרים * תעשו יומי
טתתאמה	1	0		0	פיוט #566 — המועדים	כל מועד לו שמח * במה בו אשתמע : מן עובדים טתתאמה י יקירים
וטקטל	1	0		0	פיוט #566 — המועדים	והקציר והשבעות • בתר עובר תמחות : ומכות הצור בגאות י וטקטל עמלק
המזידים	1	0		0	פיוט #566 — המועדים	ועמו המזידים :
תחעשה	1	0		0	פיוט #566 — המועדים	וחתמתון תחעשה י מקרא קדש בשישי : הוא במספר שלישי * ושני מן
בשישי	1	0		0	פיוט #566 — המועדים	וחתמתון תחעשה י מקרא קדש בשישי : הוא במספר שלישי * ושני מן
גנח	1	0		0	פיוט #568 — צלות מועד חג הקציר במדינה	'ברע עוני * ארחקני • אדני : מן ראותו הוא גנח העדנה :
הפיצות	1	0		0	פיוט #568 — צלות מועד חג הקציר במדינה	אבני על נפשי • ועל רע מעשה • ועל ערפי הקשה : ועל הפיצות ' מן
ושדבנה	1	0		0	פיוט #568 — צלות מועד חג הקציר במדינה	'בשטח ושדבנה :
עונד	1	0		0	פיוט #568 — צלות מועד חג הקציר במדינה	קום פני אדונך • ואנציר ענינך • ואקריב קרבנך • אולי יסלח עונד : ולך
וברפירים	1	0		0	פיוט #570 — * צלות מועד הג הקציר במדינה	וברפירים אפק לון המים * משה הנאמן מן צורים : ה תו מנה העטים י
שיבר	1	0		0	פיוט #570 — * צלות מועד הג הקציר במדינה	ויהושע שיבר עמלק * ביבלות גכור הנבורים : ואמר למשה הצדיק ׳ נתב
גכור	1	0		0	פיוט #570 — * צלות מועד הג הקציר במדינה	ויהושע שיבר עמלק * ביבלות גכור הנבורים : ואמר למשה הצדיק ׳ נתב
ףצ	1	0		0	פיוט #570 — * צלות מועד הג הקציר במדינה	ואתם בשמח ףצ רים :
טועריבון	1	0		0	פיוט #570 — * צלות מועד הג הקציר במדינה	תנים יומה מאה שנה אימר לוכון • מן האבות והכרים : יעזר יהוד . טועריבון
הטבירים	1	0		0	פיוט #571 — צלות מועך חג הקציר במדינה	ותראו המשב נציב * על קדש הטבירים . ביומי הנביא התהב י בעמל
רחוקים	1	0		0	פיוט #571 — צלות מועך חג הקציר במדינה	דביקים • לא רחוקים : מן עובדי :
וקשיטותה	1	0		0	פיוט #571 — צלות מועך חג הקציר במדינה	צדיקותה • ותמימותה י ושביותה • וקשיטותה : במשפ טים דואררו •
מחוקרים	1	0		0	פיוט #572 — ל צלות מועד חג הקציר במדינה	ז לפידים * מחוקרים * מתננדים * עם בבורים : ושני הצבאות סנורי :
מתננדים	1	0		0	פיוט #572 — ל צלות מועד חג הקציר במדינה	ז לפידים * מחוקרים * מתננדים * עם בבורים : ושני הצבאות סנורי :
סנורי	1	0		0	פיוט #572 — ל צלות מועד חג הקציר במדינה	ז לפידים * מחוקרים * מתננדים * עם בבורים : ושני הצבאות סנורי :
ושנבי	1	0		0	פיוט #572 — ל צלות מועד חג הקציר במדינה	ולהבי • אש לא כבי * וענן עבי • ושנבי • החל על הנביא • דאמר הנני : ובר
מתעחקה	1	0		0	פיוט #572 — ל צלות מועד חג הקציר במדינה	מן אלהים * לן עשוים * לעיני הנוים י בבל משמים * לן נלוים : מתעחקה *
מתיצבוח	1	0		0	פיוט #572 — ל צלות מועד חג הקציר במדינה	הטובות * הרברבות * ומצות * מתיצבוח * מחקוטמות : ומתחרדי :
מחקוטמות	1	0		0	פיוט #572 — ל צלות מועד חג הקציר במדינה	הטובות * הרברבות * ומצות * מתיצבוח * מחקוטמות : ומתחרדי :
ממשתגל	1	0		0	פיוט #572 — ל צלות מועד חג הקציר במדינה	וכל מה אמר * עבדך טימר * ואניב ואמר יל ו אלף ישר : בי הו ממשתגל •
ותרשט	1	0		0	פיוט #572 — ל צלות מועד חג הקציר במדינה	תנים יומר . • לך אה עמה • ועליך בשמח י תעזר מועדי יהוה : ותרשט
ישתלט	1	0		0	פיוט #572 — ל צלות מועד חג הקציר במדינה	ותתקשט * בהרצון והמקלט • ורבנה ישתלט ■ על כסא המשפט ; אמן
מיתובתבון	1	0		0	פיוט #572 — ל צלות מועד חג הקציר במדינה	ולובון אמן ישא * מיתובתבון תתנשא יא ה העם הנושע * בקדוש זה מכתב
והפוקירים	1	0		0	פיוט #573 — אבישע ; ראבתב על קרש המסנרי	ומרים • והפוקירים ונם • דיוץ וקם * ולקח קעים • מסן לעלם : ומן אליו
דיוץ	1	0		0	פיוט #573 — אבישע ; ראבתב על קרש המסנרי	ומרים • והפוקירים ונם • דיוץ וקם * ולקח קעים • מסן לעלם : ומן אליו
דצבאחכון	1	0		0	פיוט #574 — צלות מועך חג הקציר במדינה	ומכל לחץ לך יפדי : וישמע ק לין דצבאחכון * וימטי יתי בך נחמרי : ויאמנך
טירודי	1	0		0	פיוט #574 — צלות מועך חג הקציר במדינה	מן דבביך ושנאיך * ומפניך יהונו טירודי : וישם זה חתמת השבעות עלי ך
רבחרך	1	0		0	פיוט #576 — ארכן ומדקה עבורה דעלמה תסחנד ותשתבח וישתבח	חילה רבחרך אה ישראל * ומכל העמים בחר בכם : ואפרש לך שבים
אייט	1	0		0	פיוט #577 — צלות שבת צמות הסברת	מאה שנה לזה היום תעשו : ובקדוש מי ביאר בספר קדשו : ונחנו אייט
רידעהו	1	0		0	פיוט #578 — עבורן וישתבח:	הו משה רידעהו יהוד . פנים אל פנים ן בעמלו יקים לך מה כתב בקדש בל
וגהללך	1	0		0	פיוט #578 — עבורן וישתבח:	עוד נשוב וגהללך כי אתה אלהינו ואלהי אבותינו בכל הימים :
דרירש	1	0		0	פיוט #578 — עבורן וישתבח:	אלריי יצחק נצירה דרירש י עלה על הר הקדש : ואתעקד ואתפרש • ומן
ועקובאן	1	0		0	פיוט #578 — עבורן וישתבח:	ועקובאן שנים עשר :
ויחחע	1	0		0	פיוט #579 — צלות שבת צמות הסכות	באהלין יברך אתך * וישוב את שובתך : ויחחע שמחותך * ויברכך ולך ישמר :
ושביבו	1	0		0	פיוט #579 — צלות שבת צמות הסכות	ומדרשך אמן יקבלה • וירפאך מכל חלה : ושביבו ן.טבק מן אלה יא המ ן
קידשו	1	0		0	פיוט #579 — צלות שבת צמות הסכות	קידשו : ומלאכי יהוה • עמרים שם ' * אנון הבהנים • שמשי מקדשו : ואנון
וינידו	1	0		0	פיוט #579 — צלות שבת צמות הסכות	ז וינידו בחדשות דבר דבר * ועשו עובד עובד * אן יתנלי ואן ישר * הך מה
הננישים	1	0		0	פיוט #579 — צלות שבת צמות הסכות	אתחדשו : בביתו ויעמדו יע ל שער השמים • וימללו הננישים ד׳ ם ישמשו :
בתשטישותון	1	0		0	פיוט #579 — צלות שבת צמות הסכות	ואנון יבאו בקשיטות הדבר ־ בתשטישותון ליד משמש * אל מבית ולפניו
רררשו	1	0		0	פיוט #579 — צלות שבת צמות הסכות	ואולם שעתה * אני מזכיר • שתי מאוריה רררשו יתון י בעלי מדע זה
ווזכנוש	1	0		0	פיוט #580 — צלות שבת צמות הסטת	אמת יתכנשו : ווזכנוש הו הצמות י והצמות הך הו • עד ייטר השמעיו * אן
ויצטמת	1	0		0	פיוט #580 — צלות שבת צמות הסטת	אנו ; מעשו : אחד אל אחד * בזבן אחר י ויצטמת אחד באחד במנדל אחד י
עובריון	1	0		0	פיוט #580 — צלות שבת צמות הסטת	נפשו קשורה בנפשו : מן רחיק אל רחיק * עתידין עובריון י הלבין במגדליון *
וחציצרתה	1	0		0	פיוט #580 — צלות שבת צמות הסטת	מקום וירד ייטר ״ וחציצרתה יקשו : אתא כל מועד במפרשו * את אכ ל מועד
טתנלג	1	0		0	פיוט #580 — צלות שבת צמות הסטת	כליל כניותה • כל אחר מן אתרו אתא * ובהר סיני אתכנשו : טתנלג מן
והנדזוז	1	0		0	פיוט #580 — צלות שבת צמות הסטת	והנדזוז
טגך	1	0		0	פיוט #581 — צלות שבת צמות הסכות	ובששון ותרום אמן ותתצלח • ויתקבל טגך כל תפלה • ושמכון טבין מן
וישסרכם	1	0		0	פיוט #581 — צלות שבת צמות הסכות	וישסרכם יהוה * האם על הבנים : ויקים לכם מיטת * בקדש כל אלפנים :
ובטאודי	1	0		0	פיוט #581 — צלות שבת צמות הסכות	בכל זבן ולא אכחד * בנפשי ובטאודי :
חחדי	1	0		0	פיוט #581 — צלות שבת צמות הסכות	בזבן אתריח לממצא המכ צא * אמצא מאומים חחדי :
גתשמישותיכם	1	0		0	פיוט #582 — צלות שבת צמות הסכות	גתשמישותיכם • וכלנו נודי ; ליהוה הגדול האמור * ואין מציל מידי :
רררש	1	0		0	פיוט #582 — צלות שבת צמות הסכות	■ ז אברהם אשר * נחת אל מצרים : ומשם רררש עלתה * על אחד ההרים :
ררוש	1	0		0	פיוט #582 — צלות שבת צמות הסכות	ומשם מי אקים • הנדרים והמעשרים : ומשם אשר נתן • לכל ררוש
בחייבם	1	0		0	פיוט #582 — צלות שבת צמות הסכות	יברך אמן בחייבם • אה חסידי השאלים ; ויקבל יהוה מכם * מיני
הרצוניס	1	0		0	פיוט #582 — צלות שבת צמות הסכות	אלה ' יהושע ובלב * והשביעים הזקנים : ישיב ביומיכם * יומי הרצוניס :
סניכס	1	0		0	פיוט #582 — צלות שבת צמות הסכות	אוצרו סניכס *
הברול	1	0		0	פיוט #583 — צלות שבת צמות הסכות	הברול • יכולה קרישה :
חטאורות	1	0		0	פיוט #585 — צלות שבת צמות הסכות	דרכי המועדים . מתבנים על יסורים : שני חטאורות • רברקיע נוערים :
רברקיע	1	0		0	פיוט #585 — צלות שבת צמות הסכות	דרכי המועדים . מתבנים על יסורים : שני חטאורות • רברקיע נוערים :
ראפרשם	1	0		0	פיוט #585 — צלות שבת צמות הסכות	מהם יתודעו * ימי המועדים : ראפרשם ' יהיה * נכבד הנכבדים :
הטצוה	1	0		0	פיוט #585 — צלות שבת צמות הסכות	הנפש תנפש * בשם הטצוה : אשר היא בחורה. , הקדושה כחובה : חורת
רהלך	1	0		0	פיוט #585 — צלות שבת צמות הסכות	משה האיש • בעל יום חוריבה : רהלך על האש • ונחלים להבה : רהוריד
רהוריד	1	0		0	פיוט #585 — צלות שבת צמות הסכות	משה האיש • בעל יום חוריבה : רהלך על האש • ונחלים להבה : רהוריד
ראתכבנו	1	0		0	פיוט #585 — צלות שבת צמות הסכות	ככר למאת • האדנים ראתכבנו : ארבעים וארבעים * רעשה עשר
רעשה	1	0		0	פיוט #585 — צלות שבת צמות הסכות	ככר למאת • האדנים ראתכבנו : ארבעים וארבעים * רעשה עשר
רדרכיו	1	0		0	פיוט #585 — צלות שבת צמות הסכות	מן נח הצדיק * רדרכיו יתרה : מן ארם דאתיצר * מן עפר ארע : מן
מתקשרים	1	0		0	פיוט #585 — צלות שבת צמות הסכות	טבין המועדים * דבשנה מסתדרים ; חם וקיץ וחרף • הם מתקשרים :
הטאורים	1	0		0	פיוט #585 — צלות שבת צמות הסכות	ל . ז הראש והשביעי • בזה וזה דרורים : חקה לזה וזה * בחשבן שני הטאורים :
דבטהלכון	1	0		0	פיוט #585 — צלות שבת צמות הסכות	הנרול והקטן * *דבטהלכון השרים : הנדול הלכותו • מן צהרים אל צהרים :
חמוערים	1	0		0	פיוט #585 — צלות שבת צמות הסכות	חמוערים והשמחות : בו יצטמת התשבן * בכל המקומות ; ריש ירח
ועשוח	1	0		0	פיוט #585 — צלות שבת צמות הסכות	והמועד • מן יומים ועשוח : זה העדן שבת י מאוריו טופעות : יקראו
טופעות	1	0		0	פיוט #585 — צלות שבת צמות הסכות	והמועד • מן יומים ועשוח : זה העדן שבת י מאוריו טופעות : יקראו
רבכלאכון	1	0		0	פיוט #585 — צלות שבת צמות הסכות	רבכלאכון יצורים ב
צלותיבם	1	0		0	פיוט #586 — צלות שבת צמות הסכות	תהיה לכם : בהם תתחנו • ותתקבל צלותיבם ; בטי דאמר י ונושעתם
מצטטת	1	0		0	פיוט #587 — מאיביבם : וביום שמחותכם ובמועדיכם * ובראשי חדשיכם	בכל מושבתיכם : והמתעשה בהם • תחת קרבניכם : מצטטת חרותה •
שמחותיבם	1	0		0	פיוט #587 — מאיביבם : וביום שמחותכם ובמועדיכם * ובראשי חדשיכם	וביום שמחותיבם : אלה תעשו ליהוה * במועריכם :
ולילותד	1	0		0	פיוט #587 — מאיביבם : וביום שמחותכם ובמועדיכם * ובראשי חדשיכם	יומה ולילותד . : וימלאו שבעת * ושבעת ימי ננתה : ושבעת המועדים *
סתנלי	1	0		0	פיוט #587 — מאיביבם : וביום שמחותכם ובמועדיכם * ובראשי חדשיכם	לנו תורה • סתנלי בה כל כלום : מאומות יריאנו יכ ל נבון וכל הבום :
עלטת	1	0		0	פיוט #588 — צלות שבת צמות הסכות	ויתסר יתהלל ויתמר מן אתהו דבריך עלטת וג * * נג ל . ז
ושדבנים	1	0		0	פיוט #588 — צלות שבת צמות הסכות	שבתות הצמותים * רוח ושדבנים ןב י ישראל בהם * ברב הששונים : ולמה
רמעשיו	1	0		0	פיוט #588 — צלות שבת צמות הסכות	ממשלת הסנים : אהיה אשר אהיה • רמעשיו רביאנים ; הציל אתנו * מידי
זבכהנת	1	0		0	פיוט #589 — צלות שבת צמות הסכות	משה עבדך זבכהנת שמשי משכן קרשך אהק ואלעזר ואיתמר ופינחס
בטדע	1	0		0	פיוט #590 — חגדול פינחס רצון יהוה וסליחתו עליו אמן אמן	במאוד ׳ י לרהוה עמדי : בדרך אשר הלכתי : ושם לי מדע * בטדע * עד
ופרירותו	1	0		0	פיוט #590 — חגדול פינחס רצון יהוה וסליחתו עליו אמן אמן	אדע • יחדאותו • ותמידותו * ופרירותו : ואנה האזינה לאמיתי ; כי אני
ראטרהי	1	0		0	פיוט #590 — חגדול פינחס רצון יהוה וסליחתו עליו אמן אמן	ראטרהי : קמי י סדר עמי • דעמר עטי • לאל משבח י בצלו באצבע • לארכה
ומפתרס	1	0		0	פיוט #590 — חגדול פינחס רצון יהוה וסליחתו עליו אמן אמן	ומפתרס * ומניאנם • בזהות * ואשמחות יז ה שבת הצמות : דיתטר בו
תרוטה	1	0		0	פיוט #590 — חגדול פינחס רצון יהוה וסליחתו עליו אמן אמן	מדים ; לכפר כל אשטתי : כל תרוטה * מתריאמה * עצומה • לקרש • כל
בטנירה	1	0		0	פיוט #590 — חגדול פינחס רצון יהוה וסליחתו עליו אמן אמן	קדש • מתפרש : לשמר משמרתי : עשרים נרה * בטנירה * העתירה • וזעורים *
וירלק	1	0		0	פיוט #591 — צלות שבת מות הסכות	אלא אותירת יע ד ימתק י וירלק • הלב בו ויחזק : במימרה דיסדתי : והב
בשדבמה	1	0		0	פיוט #591 — צלות שבת מות הסכות	ויצילך ימ ן דבבך * וירוח לך : מן צררתי : תנים יומה י בשדבמה *
בחדבתי	1	0		0	פיוט #591 — צלות שבת מות הסכות	ובן שלמה * תעשו • בששו * ורגשו : מועדיה בחדבתי :
ואסנלון	1	0		0	פיוט #592 — צלות שבת צמות הסכות	דשם עדתו ישראל * על בל העמים עליונה : ואסנלון במשמר קדוש זה
הנריל	1	0		0	פיוט #592 — צלות שבת צמות הסכות	היום הנריל • דו בעלמה בדמות הננה : טובי ט י,יהיה בו עקד סנד פני
רארשים	1	0		0	פיוט #592 — צלות שבת צמות הסכות	הרגריזים בית אל • הר הנחלה והשכינה : רארשים טיהוה אן יוליבון בטב
טיהוה	1	0		0	פיוט #592 — צלות שבת צמות הסכות	הרגריזים בית אל • הר הנחלה והשכינה : רארשים טיהוה אן יוליבון בטב
יוליבון	1	0		0	פיוט #592 — צלות שבת צמות הסכות	הרגריזים בית אל • הר הנחלה והשכינה : רארשים טיהוה אן יוליבון בטב
טא	1	0		0	פיוט #593 — (ללא כותרת)	טא
מעיס	1	0		0	פיוט #593 — (ללא כותרת)	יהוב ,מעיס הן ;זעק ,יהב ,מעם‎ זעוק ,יהיב‎
בעיג	1	0		0	פיוט #593 — (ללא כותרת)	בעיג' ;ז ך .כ ,בי ביני
לט	1	0		0	פיוט #593 — (ללא כותרת)	לט
געווי	1	0		0	פיוט #593 — (ללא כותרת)	ג .‏ ,געווי עלמה
גיב	1	0		0	פיוט #593 — (ללא כותרת)	‏ גיב עס גוב
מזדרמין	1	0		0	פיוט #593 — (ללא כותרת)	מזדרמין. .זמן זרם
פיד	1	0		0	פיוט #593 — (ללא כותרת)	ימה פיד מד
סיפוותא	1	0		0	פיוט #593 — (ללא כותרת)	°.‏ סיפוותא ספבאתה
יוםסלוחים	1	0		0	פיוט #593 — (ללא כותרת)	בג . ‏ יום הכפורים יוםסלוחים
צבחד	1	0		0	פיוט #593 — (ללא כותרת)	מעט צבחד צבעד
צבעד	1	0		0	פיוט #593 — (ללא כותרת)	מעט צבחד צבעד
יצ	1	0		0	פיוט #593 — (ללא כותרת)	יצ .‏ ,צום צעם
זפ	1	0		0	פיוט #593 — (ללא כותרת)	זפ‎
רוט	1	0		0	פיוט #593 — (ללא כותרת)	‏ רוץ רעט ,רחט ,רהט ,רוט
רמשף	1	0		0	פיוט #593 — (ללא כותרת)	‏ בל רמשף לין יתעקר
שמיס	1	0		0	פיוט #593 — (ללא כותרת)	‏ שמיס שומיה
צריבה	1	0		0	פיוט #593 — (ללא כותרת)	אה צריבה שמע
עוברך	1	0		0	פיוט #593 — (ללא כותרת)	יצליח עוברך
חיינול	1	0		0	פיוט #593 — (ללא כותרת)	בספרך נלמד כל ימי חיינול
המרזח	1	0		0	פיוט #593 — (ללא כותרת)	המרזח המושיע בגדלו יאמנך
יקדיב	1	0		0	פיוט #593 — (ללא כותרת)	טובי מי יקדיב בו קרבן . ‏
דשריץ	1	0		0	פיוט #593 — (ללא כותרת)	יבולה קרישה דשריץ
וגרכרת	1	0		0	פיוט #593 — (ללא כותרת)	: וגרכרת‎ , דד‎
רמטרת	1	0		0	פיוט #593 — (ללא כותרת)	» ,ח‎ 'רמטרת‎ 'דמטרתה‎
והז	1	0		0	פיוט #593 — (ללא כותרת)	והז ה רת אתנו * מן רע וטמא * וטהרתנו בפ יך * לעבדך לעולם:
נאצתי	1	0		0	פיוט #594 — נבורתך * יומם ולילה	אשמתי שקצתי נטמאתי גזלתי עשקתי נאצתי מריתי שקרתי וממצותיך
חפיס	1	0		0	פיוט #594 — נבורתך * יומם ולילה	דשם * אלהותה חפיס ביד נביא* * וכל ‏ דאתין * *לעלם אתימן
יתבחסון	1	0		0	פיוט #594 — נבורתך * יומם ולילה	ער יתבחסון * .מרבותה .‏ מן מימיו ומתוחין
השומיע	1	0		0	פיוט #594 — נבורתך * יומם ולילה	מקבל ‏ השבים השומיע צעקות הענוים : וברוך ‏ קרשך לעולם *
ומכלכל	1	0		0	פיוט #594 — נבורתך * יומם ולילה	ברוך אתה יהוה אלהינו בורא כל הנשמות ומכלכל כל הנפשות
ולהזכבהו	1	0		0	פיוט #594 — נבורתך * יומם ולילה	באחריתו * ולהזכבהו כי אתה אדונו במחפרו * בי שוכיח ‏ יעשיר *
להזכירך	1	0		0	פיוט #594 — נבורתך * יומם ולילה	מלפניך כל מחסרנו לא להזכירך כי לא אל שוכיח אתה * רק נזכירה
נפשתינו	1	0		0	פיוט #594 — נבורתך * יומם ולילה	נפשתינו השוכיחת דלותה ומחפרה כי אין לה עושר מבלעדיך * ועתה
השוכיחת	1	0		0	פיוט #594 — נבורתך * יומם ולילה	נפשתינו השוכיחת דלותה ומחפרה כי אין לה עושר מבלעדיך * ועתה
ולהשכין	1	0		0	פיוט #594 — נבורתך * יומם ולילה	להאיר עדותיך לעיניו * ולהשכין רוח חכמתך בלבבו * ולזכות לו ולאבתיו
ולכלכלהו	1	0		0	פיוט #594 — נבורתך * יומם ולילה	מכל חטאותם * ולכלכלהו כדי כל מחפרו * ולתת מבטחו עליך:
נוסרנו	1	0		0	פיוט #594 — נבורתך * יומם ולילה	רק אם יסרתנו כמוסר איש את בנו * ובכן לא הביננו ולא נוסרנו :
וכהשרופים	1	0		0	פיוט #594 — נבורתך * יומם ולילה	בכל אשר יעדת בנו * ועתה יהוה אלהינו הננו חללי חרבותם וכהשרופים
מסתיר	1	0		0	פיוט #594 — נבורתך * יומם ולילה	זרועך * המנום לחטא ממך * ‏ מסתיר לו מראותיך * ‏ ישנבהו מגן
ישנבהו	1	0		0	פיוט #594 — נבורתך * יומם ולילה	זרועך * המנום לחטא ממך * ‏ מסתיר לו מראותיך * ‏ ישנבהו מגן
והחגור	1	0		0	פיוט #594 — נבורתך * יומם ולילה	‏ יחיד לפניך * כנתון בתהו ואנוש אין בו והחגור ‏ וכל כלי
והוספת	1	0		0	פיוט #594 — נבורתך * יומם ולילה	נחטא לך * בי כל הטובות הראישונות שמרת לנו * והוספת עליהם גדול
ונאצנו	1	0		0	פיוט #594 — נבורתך * יומם ולילה	מטמאת ‏ וזכות משקוץ מרינו * ונאצנו תשובה אליך בכל לב ונפש *
מצטנק	1	0		0	פיוט #594 — נבורתך * יומם ולילה	תרח ‏ דלא מצטנק * ‏ דלית בה טעו * כרוז כרז דלא בטל *
שמף	1	0		0	פיוט #595 — דו כתבה דמלכה חיה * מוחי בלה במימרה	צויתנו יהוה אלהינו לעשות את כל החקים האלה ליראה את שמף
הצרק	1	0		0	פיוט #595 — דו כתבה דמלכה חיה * מוחי בלה במימרה	הצרק בעול * וחלפנו המוסר בקחי* * והענוה בעזות פנים וקשות רוח *
וגלגו	1	0		0	פיוט #595 — דו כתבה דמלכה חיה * מוחי בלה במימרה	והבו רבו לאלהנו * דאלפן אלפן כתבה * ואימנו וגלגו * בנביה רבה
זזעוי	1	0		0	פיוט #595 — דו כתבה דמלכה חיה * מוחי בלה במימרה	זזעוי אתעבד רב ה * אשתמע ל כל גליתה * אלהה ונביה ובוראיה *
זאנה	1	0		0	פיוט #595 — דו כתבה דמלכה חיה * מוחי בלה במימרה	לחכימיה הי מנירה * לספריה הי מלפה * לטליה הי זאנה * לטפליה הי
הפיסו	1	0		0	פיוט #595 — דו כתבה דמלכה חיה * מוחי בלה במימרה	צלותה דמשה וצומיו * הפיסו לכל ישראל * ‏ ארבעים יום ותנה * אלא
אתיחב	1	0		0	פיוט #595 — דו כתבה דמלכה חיה * מוחי בלה במימרה	בנהירו דאלה אתיחב * במדע דנביא כתב * כהלן נרבינה * ונרבי ליהובה*:
קליץ	1	0		0	פיוט #595 — דו כתבה דמלכה חיה * מוחי בלה במימרה	רחים את לעל ביד אלהך * בגלל דאת קליץ* ‏ וסנה לרע ביד
והפ	1	0		0	פיוט #595 — דו כתבה דמלכה חיה * מוחי בלה במימרה	והפ ך ומברך לון מלגבה ;
דעבשבי	1	0		0	פיוט #595 — דו כתבה דמלכה חיה * מוחי בלה במימרה	יבכון נטוריה דשבתה דעבשבי חיש עליה יקנון קעומי גזרתה וערלתה רמה
חיש	1	0		0	פיוט #595 — דו כתבה דמלכה חיה * מוחי בלה במימרה	יבכון נטוריה דשבתה דעבשבי חיש עליה יקנון קעומי גזרתה וערלתה רמה
טלובה	1	0		0	פיוט #595 — דו כתבה דמלכה חיה * מוחי בלה במימרה	טלובה
ינהואץ	1	0		0	פיוט #595 — דו כתבה דמלכה חיה * מוחי בלה במימרה	ינהואץ כריה דסלק ליהוה * ודאנין דילה והוא לא נטר להין * ‏
דלעוזל	1	0		0	פיוט #595 — דו כתבה דמלכה חיה * מוחי בלה במימרה	צפירה דלעוזל: ורבותה וגו
מצבועי	1	0		0	פיוט #595 — דו כתבה דמלכה חיה * מוחי בלה במימרה	צעד גזרתה דהיא דילך די מצבועי דברזל אמדכי ועבד ארתיה* כלילך *
נוסדו	1	0		0	פיוט #595 — דו כתבה דמלכה חיה * מוחי בלה במימרה	כמלא מחסרותם על דמות לא נמשלו וכתמונה לא נוסדו רק כצוק יד
העושה	1	0		0	פיוט #595 — דו כתבה דמלכה חיה * מוחי בלה במימרה	וזכרו העושה והמכונן הראה והזכור שמורכם ואתם יושינים זכורכם
לעיניק	1	0		0	פיוט #595 — דו כתבה דמלכה חיה * מוחי בלה במימרה	תרבון שבר ‏ לעיניק שוכחים איכה תעלמו ‏ החשובים כמובאים
גמולים	1	0		0	פיוט #595 — דו כתבה דמלכה חיה * מוחי בלה במימרה	לכל בנים ובנים לאבות לא נהיו אנשים לא מנערים גמולים לא מאחר
המסיע	1	0		0	פיוט #595 — דו כתבה דמלכה חיה * מוחי בלה במימרה	למלאת מחסרות בלי מספר כי אם האל אשר לא כמהו המסיע אתם
ומושט	1	0		0	פיוט #597 — רמש תשבתון שביכון אלה ‏ לא תטלטלונה	מפרע רבואן הך גללי ימה ומקבל כתבין ומושט לישראל:
יריעו	1	0		0	פיוט #597 — רמש תשבתון שביכון אלה ‏ לא תטלטלונה	לראותה יריעו בכבוד אל גדול ונורא עושי נפלאות באין מספר מוציא
ומשכילים	1	0		0	פיוט #597 — רמש תשבתון שביכון אלה ‏ לא תטלטלונה	ממיתים חיים * ומרפותם חזקים ומבערותם מבינים ומשכילים וכלם לעקר
לרחוק	1	0		0	פיוט #597 — רמש תשבתון שביכון אלה ‏ לא תטלטלונה	אחד ‏ וממנו ישברון ויקחון ישובון מקרב לרחוק ומקבוץ לפוץ
ומקבוץ	1	0		0	פיוט #597 — רמש תשבתון שביכון אלה ‏ לא תטלטלונה	אחד ‏ וממנו ישברון ויקחון ישובון מקרב לרחוק ומקבוץ לפוץ
פנרים	1	0		0	פיוט #597 — רמש תשבתון שביכון אלה ‏ לא תטלטלונה	פנרים כמשפט ‏ באין ‏ לעשות ועינים לראות וכלים
חרט	1	0		0	פיוט #597 — רמש תשבתון שביכון אלה ‏ לא תטלטלונה	מנוזלי מים יצורון בלי חרט לו יצורון ולא כצלם ומפתח חותם יטבעון
טעס	1	0		0	פיוט #597 — רמש תשבתון שביכון אלה ‏ לא תטלטלונה	מננד בשביל קשטה אהן ומדעה *טעס בעל יקירותה הדן ומטי לדרך
פהדות	1	0		0	פיוט #597 — רמש תשבתון שביכון אלה ‏ לא תטלטלונה	אימנותה וראם ושרי על רז פהדות קשטה קעם וסלק להדה מיתובית
בטילב	1	0		0	פיוט #597 — רמש תשבתון שביכון אלה ‏ לא תטלטלונה	‏ ומסק לסכות חיה אורוכתה והו בטילב ‏ לעמל ולמלעי
רבינותך	1	0		0	פיוט #597 — רמש תשבתון שביכון אלה ‏ לא תטלטלונה	כל מן דמשבחין לרוממות רבינותך ידעין דתשבחתך ‏ ממד יימרון
וגליגאתך	1	0		0	פיוט #597 — רמש תשבתון שביכון אלה ‏ לא תטלטלונה	עניני אמורה וגליגאתך עברין על מפרט לשני ריטוריה:
גליגאתה	1	0		0	פיוט #597 — רמש תשבתון שביכון אלה ‏ לא תטלטלונה	עקובאתה בה מתיקרן ושמה ‏ כל אמרין גליגאתה דלה מפרשן ובדכרה
מתילר	1	0		0	פיוט #597 — רמש תשבתון שביכון אלה ‏ לא תטלטלונה	בכלה מנון מתילר ותשבחתה לך לעלם דחילך רבה אנדה דלא מכלום
ונגלג	1	0		0	פיוט #598 — עורן כן צלות טביה בר דרתה לה רצון יהוה וברכתה	ונגלג בה דוקרין בשמה ונתן רבותה לשלמות תקיפות אלהותה ונשבחנה דו
מתבחס	1	0		0	פיוט #598 — עורן כן צלות טביה בר דרתה לה רצון יהוה וברכתה	מחכום קשט יחיראות אלהותה * ומדעה מתבחס * בקמאות נוראותה
רנעך	1	0		0	פיוט #600 — עורן כן	מימר קשטה מנזף * וחרב רנעך שריף: קשטה נזיף ויוסף * הורד
שריף	1	0		0	פיוט #600 — עורן כן	מימר קשטה מנזף * וחרב רנעך שריף: קשטה נזיף ויוסף * הורד
ואטוממו	1	0		0	פיוט #601 — שבן * מן סדר בוראי עלמה	ואטוממו בעפר האדמה:
מזרעקה	1	0		0	פיוט #602 — בליליה ואיממה	מזרעקה בין עמה:
דאננדי	1	0		0	פיוט #602 — בליליה ואיממה	דאננדי מליה בדיל מיתיו ‏ * ומיתי קריביו דבה * וכל בני עביביו דבה *
רמשקי	1	0		0	פיוט #602 — בליליה ואיממה	היום * ובזה החדש * ובזאת השנה: בזאת 'מדינתה * ובמדינת רמשקי
ובצפד	1	0		0	פיוט #602 — בליליה ואיממה	ובעזה * ובפלשתים * ובארץ מצרים * ובחלב * ובחמתה * ובצפד * ובטרבליס *
ובטרבליס	1	0		0	פיוט #602 — בליליה ואיממה	ובעזה * ובפלשתים * ובארץ מצרים * ובחלב * ובחמתה * ובצפד * ובטרבליס *
מציקיה	1	0		0	פיוט #602 — בליליה ואיממה	ובחצרים * ולגו כל 'מדינתה: ויסובר לבביכון אה סדר מציקיה * דציקו
דציקו	1	0		0	פיוט #602 — בליליה ואיממה	ובחצרים * ולגו כל 'מדינתה: ויסובר לבביכון אה סדר מציקיה * דציקו
לבלעיל	1	0		0	פיוט #602 — בליליה ואיממה	במה לבך ישמח * ואת לבלעיל תשמע: ולמה בתר מצמח * ולאברנה
סיאפים	1	0		0	פיוט #605 — עורן כן פצל תשייע	‏ קצפים * ונחדד סיאפים: ללבה מסיפים * בכל קנאתה:
דרכרנו	1	0		0	פיוט #606 — עורן בן	ע' ע'' משירה ומעיני העדה * כתובה * דרכרנו טב ' דהוה זכרונו טב
משבחח	1	0		0	פיוט #606 — עורן בן	מיתובית הכהנים * על בלה נשאה: בלכותון בררך * דחילה משבחח :
סריחתך	1	0		0	פיוט #610 — עורן כן	סריחתך סגי * רבה על המספר : ואתה אחרי תהות ‏ ולא תפורר :
ופקורו	1	0		0	פיוט #610 — עורן כן	ופקורו :
דאזררמו	1	0		0	פיוט #610 — עורן כן	ויסלח לאביו ולאמו * ולכל בני עמו: סדרה דאזררמו * ולא יגרע לון
משהיוקרא	1	0		0	פיוט #610 — עורן כן	נימרנה בכל יום * ונשבח בכשר: הך מד שבח משהיוקרא אז ישר:‎
בזזועיו	1	0		0	פיוט #610 — עורן כן	האן נח וימי חייו * ולא תמידת אליו: ולו המות בא בזזועיו * וטרפו
בזרוזיה	1	0		0	פיוט #610 — עורן כן	השיגון לון בזרוזיה :
ורבש	1	0		0	פיוט #611 — ישתבח קעימה דלא מאת	; חלב ורבש‎ ... ממעון קדשך‎
זבגו	1	0		0	פיוט #611 — ישתבח קעימה דלא מאת	ובטובו זבגו * ואוזף בה גלוגו * ושמח מלבר ומלגו * ונפשו קשורה בנפשה :
מצזי	1	0		0	פיוט #611 — ישתבח קעימה דלא מאת	ופקודים בה מקוי * ובחקת הזבוג מצזי * הא טובי הא טובי * בצדיק
טטפנו	1	0		0	פיוט #611 — ישתבח קעימה דלא מאת	אביו תן לנו * ובזהב טטפנו * וירד עלינו * הטטף כמטר :
הטטף	1	0		0	פיוט #611 — ישתבח קעימה דלא מאת	אביו תן לנו * ובזהב טטפנו * וירד עלינו * הטטף כמטר :
הזבר	1	0		0	פיוט #611 — ישתבח קעימה דלא מאת	הזבר :
מתיקנו	1	0		0	פיוט #611 — ישתבח קעימה דלא מאת	אה אביו הטיב לנו * וכספים תן לנו * ומתוקה ה מתיקנו * מתוקה
אנצירון	1	0		0	פיוט #611 — ישתבח קעימה דלא מאת	אה אביו טובך * אשמח בלבבך * ויצרך וחשבך * אנצירון להישר :
אלהגן	1	0		0	פיוט #611 — ישתבח קעימה דלא מאת	תתברך אלהגן * ואלהי אבהתן * תתהלל אלהנן * אה צדיק אה ישר ;
וצלאותה	1	0		0	פיוט #611 — ישתבח קעימה דלא מאת	בעמל חנוך וצלאותה : בעמל נח ‏ בעמל אברהם ונסיותה: בעמל
ופקידותה	1	0		0	פיוט #611 — ישתבח קעימה דלא מאת	ופקידותה ; בעמל פינחס וקנאותה: בעמל יהושע ונגדותה: בעמל כלב
אשתותפת	1	0		0	פיוט #611 — ישתבח קעימה דלא מאת	אה מניר הצלם * תהי תמיד בשלם * באהבותך עלם * עתה אשתותפת :
גצא	1	0		0	פיוט #611 — ישתבח קעימה דלא מאת	ג הנה אנכי ;גצא ‏ אשה כי תזרע ‏
כמרמרי	1	0		0	פיוט #611 — ישתבח קעימה דלא מאת	יפה תאר ויפה מראה' * לך צוער בד כמרמרי ‏ קשים ועינים
ולשמישך	1	0		0	פיוט #611 — ישתבח קעימה דלא מאת	פתח ‏ ולשמישך ‏ ראותך כזת שליט ושופט * אה דמע כל
כחגב	1	0		0	פיוט #611 — ישתבח קעימה דלא מאת	אה מנור אה כוכב * על במתי הדרך תרכב * ותשמח משמח כחגב * על
אסילת	1	0		0	פיוט #611 — ישתבח קעימה דלא מאת	ומי זה ‏ ימני * רבות משה ויתני * אלה אמר מימני * בנביותו אסילת :
ושימשי	1	0		0	פיוט #611 — ישתבח קעימה דלא מאת	אה משה אה משה * אה נביי ושימשי * לית לנו שלישי * וכמוך לא אקימת :
תולרת	1	0		0	פיוט #611 — ישתבח קעימה דלא מאת	יסידו עולמים * בארץ ובשמים * כי הו נבי תמים * ולא לנביותו תולרת :
למועדיבון	1	0		0	פיוט #611 — ישתבח קעימה דלא מאת	למועדיבון שבעות * מן יומי השמחות * לא תמוש על קשטה * צמיתה
משרשרה	1	0		0	פיוט #611 — ישתבח קעימה דלא מאת	משרשרה מקדם * מעל ימי אדם * מצדיק 'לצדיק * מורשה לו לקחת:
הקלס	1	0		0	פיוט #611 — ישתבח קעימה דלא מאת	תנו חדו תנוי באיקר ‏ וחנו * תחת הקלס הטוב * דבו נפשה
וחפדו	1	0		0	פיוט #611 — ישתבח קעימה דלא מאת	: טובו עלי יתר * וחפדו טב עד מותר * מקדם ומבתר * כל טוב ממו אחת‎
ומנאץ	1	0		0	פיוט #611 — ישתבח קעימה דלא מאת	ימינו תרח * כל אוב ומנאץ * דו ירפא וימחץ * כל רב קמיו באת:‎
דעכד	1	0		0	פיוט #611 — ישתבח קעימה דלא מאת	דעכד באשתה יומים * מה ‏ ובשמים * דשבת דלא מן דוש * בשביע
רמשמרתו	1	0		0	פיוט #612 — 'לשבת :	רמשמרתו למודע * בעזוב כל עבידה * וזאת אות הברית * אשר לא תכרת :
ואתשרשרו	1	0		0	פיוט #613 — תת עורן לתת	ואתשרשרו בשלמו * ואמר לא טוב * וחלץ ‏ ממו * וזבגם בחדו * עד
דאתילר	1	0		0	פיוט #613 — תת עורן לתת	ילידה דאתילר * אלהים ישמרו * משמרה תמימה * ובחייה יעמרו * ויתרבי
ויתלמר	1	0		0	פיוט #613 — תת עורן לתת	ויתלמר * קדוש כל ספרו * בקדוש שם יהוה * אל צריק וישרו:
עונדיו	1	0		0	פיוט #613 — תת עורן לתת	יקירה וקראה * לקדוש כל ספרו * וצלאה ונאירה * וכל עונדיו כשרו * ומיפב ‏
ומיפב	1	0		0	פיוט #613 — תת עורן לתת	יקירה וקראה * לקדוש כל ספרו * וצלאה ונאירה * וכל עונדיו כשרו * ומיפב ‏
חשלשה	1	0		0	פיוט #614 — אה סדר סיעתה * מן אלה כל שביכון טבן	בעמל חשלשה ויוסף ודמע בל מימנה :
המהרשו	1	0		0	פיוט #614 — אה סדר סיעתה * מן אלה כל שביכון טבן	נכון המהרשו‎
ואתציק	1	0		0	פיוט #614 — אה סדר סיעתה * מן אלה כל שביכון טבן	קריבי חתנה וחרסתה סגים * ואתציק עדנה * על נתחתי יתון ' בין אהן
ונאירים	1	0		0	פיוט #614 — אה סדר סיעתה * מן אלה כל שביכון טבן	קראים צלאים * דלון טב דכרניה * חשובים כתובים ונאירים * וחרות הלב
אזרבג	1	0		0	פיוט #614 — אה סדר סיעתה * מן אלה כל שביכון טבן	טביה * וישמר חי בניון * ויתלמדון קדוש כתביה * ומן לא אזרבג ‘ ‏
יזרבג	1	0		0	פיוט #614 — אה סדר סיעתה * מן אלה כל שביכון טבן	יזרבג קרוב בשלמיה * בעמל השלשה האבות * ופתור חלמיה * ובעמל משה
ויזרבגו	1	0		0	פיוט #615 — לאחי חתנה מן מימר אב ‏ הדנפי	וילמדון קדש כל אלפנים * ויזרבגו קרוב בשלם * ושמח ושרכנים * ויתן לו
ואזדבגו	1	0		0	פיוט #615 — לאחי חתנה מן מימר אב ‏ הדנפי	אדם וחוֹה * תריון אתכנשו * במיסון גן עדן * למרון ישמשו * ואזדבגו
רחס	1	0		0	פיוט #615 — לאחי חתנה מן מימר אב ‏ הדנפי	חיה * הא טובי לדיזדבג * ותהי עובדיו ייה * כזבוג יעקב ישראל * על רחס
יהריג	1	0		0	פיוט #615 — לאחי חתנה מן מימר אב ‏ הדנפי	דאנון הך שלטנים ‏ העם הסוררים * יהוה יהריג לשנאיון קמי הצררים *
ואונפו	1	0		0	פיוט #616 — עורן כן בהם עוד	סגים מן יהוב כל מתנאתה * דאמר למשחה ולבניך לחק עולם * ואונפו
ישכילם	1	0		0	פיוט #616 — עורן כן בהם עוד	טוביון בזאת דרגתה * יהוה ישכילם אל רצונו ויצזה' ‏ ברכתה * ויפרי
ויצזה	1	0		0	פיוט #616 — עורן כן בהם עוד	טוביון בזאת דרגתה * יהוה ישכילם אל רצונו ויצזה' ‏ ברכתה * ויפרי
לזריעיון	1	0		0	פיוט #617 — *עורן כן בהם יהוה ירבי מספרם	ירשה לזריעיון * ואלמתון נציבה : ובקוממותון בסור לישראל * ואיטבות
דנקיבאתו	1	0		0	פיוט #617 — *עורן כן בהם יהוה ירבי מספרם	‏ * דנקיבאתו מתרברבה : ארכון בית כהנתה רבתה * ומסחנה וכוכבה :
עליוגים	1	0		0	פיוט #618 — והנביא * ומקריבי הזבח: ובאבוה פינחס * דעצר המגיפה והשיבה	כנותון וחנותון בדרגים עליוגים * עליונים על נותר השבטים ולון חלקי
ומררשה	1	0		0	פיוט #618 — והנביא * ומקריבי הזבח: ובאבוה פינחס * דעצר המגיפה והשיבה	סוברות עלמה וחדות הנפש ומררשה * יהוה יאריך בחייו ויגרש מפניו כל
לעובר	1	0		0	פיוט #619 — סהבו פינחס דקנא לאלה והמגיפה גרשה ; מגיבים אמן	לעובר ביש לא* קדם:
ורתזאן	1	0		0	פיוט #619 — סהבו פינחס דקנא לאלה והמגיפה גרשה ; מגיבים אמן	אלהיםי רחמים ורתזאן : וזכרון ‏ משה * טפי לכל שרבאן:
דערידין	1	0		0	פיוט #620 — ועל סדרי	ברכאן: דערידין בחמשתי ספרי ארהותה * מבראשית ועד ולא קם עוד:
זברונך	1	0		0	פיוט #620 — ועל סדרי	זברונך מאד מתעצם * ועל כל אמי הארץ מתריאם * תחת זרועת יהוה
דאתגביל	1	0		0	פיוט #620 — ועל סדרי	ישראל ‏ ברכתה רבתה * במקום ברכתה * דאתגביל בהגרתה * בארץ
ונשתחבד	1	0		0	פיוט #620 — ועל סדרי	ונשתחבד לגדלה * ונימר ‏ אן יתמר לה *
נגלג	1	0		0	פיוט #621 — ישתבח אלהים	טובינן טובינן * כל ימי חיינן * אן נגלג פממינן * ונימר בלשן העברי :
מתננדות	1	0		0	פיוט #621 — ישתבח אלהים	אבדות: הוא הסניל מן אברהם * והזכות לו מתננדות: הוא בחורה דמן
חמידות	1	0		0	פיוט #621 — ישתבח אלהים	חמידות: הוא זהרה דמן לוי * ונוראותו יקידות: הוא שמשה דמן קהת *
דרברו	1	0		0	פיוט #621 — ישתבח אלהים	סהדות: הוא דרברו יהוה פה אל פה * במראה ולא בחדות:
ויודיעהו	1	0		0	פיוט #621 — ישתבח אלהים	יליד עם ילידיו * אתילד הרצון * יגישהו יהוה * ידעהו ויודיעהו :
פקירות	1	0		0	פיוט #621 — ישתבח אלהים	‏ פקירות: ולא מדע ישיג קצה * מה לו מן כבדות: ‏
יגבילו	1	0		0	פיוט #621 — ישתבח אלהים	ומלאביו * לא יגבילו במדות: הוא מניר עלמה * בבתים והשדות: הוא
ראתבנת	1	0		0	פיוט #621 — ישתבח אלהים	פרידות : הוא עמוד עננה * ראתבנת עליו היסודות: הוא הדמע דמן אדם '
מיגה	1	0		0	פיוט #622 — ישתבח אלהים	ואמטה לדרגתה * רבתה עליונה * לא אמטה בה אנש * מכל מיגה ‏ :
טיויב	1	0		0	פיוט #623 — ישתבח מרן קמאה	הגבר דשמו טיויב: מן הבריה הוא מעתד * יקום יושיע שיביט:
שיביט	1	0		0	פיוט #623 — ישתבח מרן קמאה	הגבר דשמו טיויב: מן הבריה הוא מעתד * יקום יושיע שיביט:
הנרור	1	0		0	פיוט #623 — ישתבח מרן קמאה	יעקב הנרור מיד * פרעה הדר ויייקיח: נקם נקמת וינגד * יתון לטעם
ויייקיח	1	0		0	פיוט #623 — ישתבח מרן קמאה	יעקב הנרור מיד * פרעה הדר ויייקיח: נקם נקמת וינגד * יתון לטעם
צפחית	1	0		0	פיוט #623 — ישתבח מרן קמאה	צפחית: שמו משה בן יוכבד:
גליגיו	1	0		0	פיוט #623 — ישתבח מרן קמאה	מן אנה ננציב סלם * ‏ בדרגיו : בדחלה ונשלם * על מן אהלין גליגיו:
דתודיע	1	0		0	פיוט #625 — עורן כן פריסה לילידה לסעד אלה יסלח לו יהוה	עמרתי על תרח מקום * וסבתי חלק מן דעתה: דתודיע הידועים * דרכי
ואנלג	1	0		0	פיוט #625 — עורן כן פריסה לילידה לסעד אלה יסלח לו יהוה	ואנלג לשני * בדכרן זאת גליגותה: גליגות בן עמרם * מאורה דנביותה:
ועלסתה	1	0		0	פיוט #626 — מימרי השמח * הלבב בו ישמח	צריכיה * ויטר זימוניה * וחתנה ועלסתה יגמלו בחנה וחסדה ואצלחותה:
קנלי	1	0		0	פיוט #627 — לילירה	וישמע מד לא שמעי מן חבתה הפתח קנלי: בנקיבות בן עמרם '
ישראיליה	1	0		0	פיוט #628 — צלות מועד השמיני	שביע מועדיה : וקדש קדשיה: קדשיו בשמש גליה: ‏ אה ישראיליה: ‏
םש	1	0	שכנ	0.334	פיוט #631 — ישתבח אלהים	ו םש
שאלח	1	0		0	פיוט #631 — ישתבח אלהים	וא ‏ זקן ישראל שאלח בר יצחק הדנפי ‏ וגו
מסתבלות	1	0		0	פיוט #634 — מן זבני * כל ששוני * ותחתם מיני: המועדים דשתמרת	ובו הצלות * מתקבלות * מן פעלות * מנחות עלות * בטנא מסתבלות *
וישתחבר	1	0		0	פיוט #634 — מן זבני * כל ששוני * ותחתם מיני: המועדים דשתמרת	תתכבד * והמה יסגד * והכהן יקרא וישתחבר * ער תרר: ברכות לך
בששונום	1	0		0	פיוט #634 — מן זבני * כל ששוני * ותחתם מיני: המועדים דשתמרת	ותנים * יומה תנים * סני שנים * בששונום * ובשרכנים * בבטח אמנים *
פפר	1	0		0	פיוט #634 — מן זבני * כל ששוני * ותחתם מיני: המועדים דשתמרת	טב פפר לו ‘ ‏ עד אליו תירשו;
לצמיתת	1	0		0	פיוט #635 — צלות מועד השמיני	הברית * לעבדה כשית * ולקוממית * מן ישית * מליו בכל דלת * לצמיתת *
מתכזנים	1	0		0	פיוט #635 — צלות מועד השמיני	דהודיעך זבנים * מתבנים * על חשבנים * מתכזנים * על פי הרבנים * דלון
חדבנים	1	0		0	פיוט #635 — צלות מועד השמיני	בנים * בכל דר כרונים * חדבנים: לכל ‏ מירת :
ששונך	1	0		0	פיוט #635 — צלות מועד השמיני	זבנךי דעל חשבנך * ראשם ששונך * דבו פצנך * מן ‏ * ובו נתנך *
משתמרת	1	0		0	פיוט #637 — צלות מועד השמיני	דהודיען 'זבנת : מועדי אלהים * בעדנים משתמרת: נודי לאלה נודי * על
משיגת	1	0		0	פיוט #637 — צלות מועד השמיני	משיגת : ולא ‏ יתכון * ולא תירא ולא תחת : ותנים יומה מאה שנה *
יבעס	1	0		0	פיוט #639 — מימר: מי יהוה אפרשו	שמו פינחס * מן פינחס * אלה לו יחס * ולאיביו יבעס: ויגלי לו מקדשו:
רבמערתה	1	0		0	פיוט #639 — מימר: מי יהוה אפרשו	ותנים * יומה תנים * מאה שנה אה זימונים * 'בשרכנים * בעמל 'רבמערתה
חעשו	1	0		0	פיוט #639 — מימר: מי יהוה אפרשו	חעשו:
יבבש	1	0		0	פיוט #644 — דו שביע המועדים * ואיקריו כברים * גליה בשמש	בעמלם מרן יקבל צלואתכון * ויעני בעואתכון * ופניכון ‏ יבבש:
יטלטלנוכון	1	0		0	פיוט #644 — דו שביע המועדים * ואיקריו כברים * גליה בשמש	וישמע קלין דצבעתכון * ולא יטלטלנוכון * ותמטון לכל בלש :
שלשהג	1	0		0	פיוט #645 — צלות מועד השמיני	הסגודות שלשהג ‏
ראושו	1	0		0	פיוט #645 — צלות מועד השמיני	סלם מציב נכח שער השמים * ראושו מטי אל מעון הקדש ;
אסנילבם	1	0		0	פיוט #646 — צלות מועד השמיני	אסנילבם: ושלח לך משה בן עמרם * קדש כל נביכם: ואפרש לך על
וחאמשיתי	1	0		0	פיוט #646 — צלות מועד השמיני	דבביכם : וחאמשיתי יומיה * יום בכוריכם: ‏ שביעה * שביע חדשיכם :
ציאמיבם	1	0		0	פיוט #646 — צלות מועד השמיני	מקרא קדש * והעשירי מנה ‏ ציאמיבם : ומועד חג הסכות * 'דבו חג אל
שירח	1	0		0	פיוט #648 — צלות מועד השמיני	יו שירח על מועד השמיני ... ‏
בפליחן	1	0		0	פיוט #649 — המועדים	ומן לכות יתותר * בטוב לחברה יזכר: ומן עבר בפליחן ידכר * מן
באדכיר	1	0		0	פיוט #652 — צלות מועד השמיני	צלותה באדכיר לטב *
פובה	1	0		0	פיוט #653 — צלות מועד השמיני	פובה ‏
רברנך	1	0		0	פיוט #656 — בשבת על סדרך	'מקוממי רברנך :
נושעתם	1	0		0	פיוט #657 — צלות מועד השמיני	נושעתם מאיביכם *
שמחותיכם	1	0		0	פיוט #658 — תשביתו שבתכם	וביום שמחותיכם:
מושבותיבם	1	0		0	פיוט #658 — תשביתו שבתכם	בכל מושבותיבם ;
דרכיר	1	0		0	פיוט #662 — תעשו את מועדי יהוה	דרכיר יהוה
רלוכו	1	0		0	פיוט #663 — צלות מועד השמיני	על כעסות כל טלום : 'בזכות 'רלוכו ארשי * ויוסף בעל החלום: ובנביא
ובראכתו	1	0		0	פיוט #663 — צלות מועד השמיני	וישמו מועד 'מברך עליכון * ובראכתו לוכון יכמרה: ובשנה הבאה ישוב
ונדלשה	1	0		0	פיוט #663 — צלות מועד השמיני	ויתמר דראן רב חילה וכי בשם ‏ יתרבי ונהבה ונדלשה
ועלזו	1	0		0	פיוט #664 — צלות מועד חשמיני	בו: וביד איתמר עבדת * הלזים ועלזו: הפוקידה על הכילים * וזר לא
הפוקידה	1	0		0	פיוט #664 — צלות מועד חשמיני	בו: וביד איתמר עבדת * הלזים ועלזו: הפוקידה על הכילים * וזר לא
הציב	1	0		0	פיוט #664 — צלות מועד חשמיני	כליל * ‏ הברכה הציב: כי לא ‏ מפי זרעו * האן דו שביב; יבא
שביב	1	0		0	פיוט #664 — צלות מועד חשמיני	כליל * ‏ הברכה הציב: כי לא ‏ מפי זרעו * האן דו שביב; יבא
ומברכאתו	1	0		0	פיוט #664 — צלות מועד חשמיני	יהוה ויקבץ נדחו * ומברכאתו עליך ישיב: בשלש פעמים בשנה * ואת
אסתיב	1	0		0	פיוט #664 — צלות מועד חשמיני	וזכותו לא אסתיב: ובאשר עליו השלם * דאמר לו יהוה בתיב : וזרוקי
וזרוקי	1	0		0	פיוט #664 — צלות מועד חשמיני	וזכותו לא אסתיב: ובאשר עליו השלם * דאמר לו יהוה בתיב : וזרוקי
לגלגיון	1	0		0	פיוט #664 — צלות מועד חשמיני	רק עם נבון ותכום : מתקרים עם קדש * אל יהוה אל רחום: לגלגיון
דאשתתף	1	0		0	פיוט #666 — חתמת המועדים : לנצעיו כל קרביה וממן עד לעלם	זעם: ובעמל 'דמאוריו מופעים * דאמיר לו לך אל העם: ובעמל דאשתתף
המצטמדה	1	0		0	פיוט #666 — חתמת המועדים : לנצעיו כל קרביה וממן עד לעלם	ורחותה עזרת * והמגיפה טרידה: בן יפדה' יתכון * עמה המצטמדה: וישיב
החפידה	1	0		0	פיוט #666 — חתמת המועדים : לנצעיו כל קרביה וממן עד לעלם	תשוב והכהנים * לשרת ולברך עמידה : בם' ובכם' נמצא * הטובות החפידה :
תלכדה	1	0		0	פיוט #666 — חתמת המועדים : לנצעיו כל קרביה וממן עד לעלם	לך קבצות * מכל בדור ונדח: ותמלך כל הארצות * ובנתיה תלכדה:
נועשאים	1	0		0	פיוט #667 — צלות מועד השמיני	נועשאים בתקון החכמה ' גון ומין למינהו;
חעו	1	0		0	פיוט #667 — צלות מועד השמיני	אמר מפחד * לבבו ‏ חעו: יהוה אלהינו יהוה אחד * ולית אלה
הגביל	1	0		0	פיוט #667 — צלות מועד השמיני	יבטל * ועלמה בה' אשתמרת : גבולון הגדול הגביל * בבעל הגזרת: אב
שמיעו	1	0		0	פיוט #668 — צלות מוער השמיני	הטוב הטב אל רבי ' שמיעו כל כריזאן :
בדביקים	1	0		0	פיוט #668 — צלות מוער השמיני	בדביקים בה בנצירו * ‏ כל כצען :
סריחן	1	0		0	פיוט #668 — צלות מוער השמיני	אחד קרוב ‘ ‏ סלחיו לכל סריחן :
הקנול	1	0		0	פיוט #668 — צלות מוער השמיני	הקנול לו יתפרשי והרתות לו ישפען :
לסניל	1	0		0	פיוט #669 — צלות מועד השמיני	לסניל עממיה: ובו קרבנים תתעבד * עשרה מלבד תמידיה : ובו הוֹה
השביריה	1	0		0	פיוט #669 — צלות מועד השמיני	מני והטיב לבבי השביריה: שם' הכהן יניבו * ועליו השלום יעזריה: ויימר
אננדנו	1	0		0	פיוט #670 — צלות מועד השמיני	אננדנו: שלם לך יום השמיני עצרת * כליל מועדי יהוה אלחינו: 'דבך כל
ויוכר	1	0		0	פיוט #670 — צלות מועד השמיני	ויוכר בל קהל ישראל בטב * האן דאנון בכל מבונו: וכן ישמר חייכם
צגג	1	0		0	פיוט #670 — צלות מועד השמיני	ויתמר אלהי אברהם לך נברך ‏ צגג וידבר משה באוני כל קהל
איביזילי	1	0		0	פיוט #670 — צלות מועד השמיני	ותמר מן אדיק עלינן מרן איביזילי עירישיתימ ‏ מועד
עירישיתימ	1	0		0	פיוט #670 — צלות מועד השמיני	ותמר מן אדיק עלינן מרן איביזילי עירישיתימ ‏ מועד
זיליעיפיציר	1	0		0	פיוט #670 — צלות מועד השמיני	השמיני ‏ א'ב'זיליעיפיציר ישית ומרי בעמל
תסתיב	1	0		0	פיוט #671 — צלות מועד השמיני	קרבן הנזיר * כד תסתיב מירותו: וככן קרבן הנשיאים * במזבח לחנכתו:
פראצור	1	0		0	פיוט #671 — צלות מועד השמיני	ביום השמיני גמליל ‏ פראצור * נשיא בני משפחתו: וביום השמיני
עמידותי	1	0		0	פיוט #672 — אצטמתו: ודן מימרה דאמרתי קמיכון * תנים יומה חתמתו	עמידותי: ינש המלך 'בטנא ' ואל פתח המשכן ייתי: וחצצרתה' יתקעו *
לראתותך	1	0		0	פיוט #672 — אצטמתו: ודן מימרה דאמרתי קמיכון * תנים יומה חתמתו	המלך כד יראו * יפל ארצה בפאתי: פניו ויאמר * 'לראתותך צריכותי:
נכסיפותי	1	0		0	פיוט #672 — אצטמתו: ודן מימרה דאמרתי קמיכון * תנים יומה חתמתו	‏ צבאותי: שלם לך פרוט ברכתה רבתה * ‏ נכסיפותי: שלם לך
יימד	1	0		0	פיוט #672 — אצטמתו: ודן מימרה דאמרתי קמיכון * תנים יומה חתמתו	יימד * עשיתי כאשר צויתי: השקף ממעון קדשך * ושמע תפלותי: שם'
נירותיבון	1	0		0	פיוט #673 — צלות מועד השמיני	: סורו למקל ריח ניחחים: בצלותיכון ומקרתיכון * נירותיבון מופעים‎
לשביע	1	0		0	פיוט #673 — צלות מועד השמיני	המועדים * ולית לעורנו כוֹתו: אדמי 'לשביע הימים * דרמת קדישותו: ובזה
ייפר	1	0		0	פיוט #674 — צלות מועד השמיני	וברכת התורה בך תניר * יברכך ישא יאיר: והברית ‏ לא ייפר *
באהקרה	1	0		0	פיוט #675 — צלות מועד השמיני	ז' ימים בשמח ורגש * אתה וכל עדתך 'ברגש: היו לפני יהוה באהקרה ;
אתושיע	1	0		0	פיוט #676 — צלות מועד השמיני	בממצאו * אתושיע ובנה לו צור מקדשי: ובטובות עמרה:
בזזיעו	1	0		0	פיוט #677 — במצות : וחג הקציר בכורי מעשיך אשר תזרע	דמע הספרים : בעשרת הדברים * 'בזזיעו הטברים : ויגיבו השמרים * 'רשמה
דאסנלך	1	0		0	פיוט #678 — צלות מועד השמיני	ומה לך * ביהוה 'מנן עזרך : ואשר חרב גאותך דאסנלך * בקדש ספרך:
ותיטיב	1	0		0	פיוט #679 — צלות מועד השמיני	כי אתה אלהינו * ‏ תמיד בעותן: תתן לן מן טובך * ותיטיב
רהשיב	1	0		0	פיוט #679 — צלות מועד השמיני	אלהי שני בני אהרן * אלעזר ואיתמר השלמים: ופינחס רהשיב חרון *
רררס	1	0		0	פיוט #680 — צלות מועד השמיני	דמה' * הנביא דאתכון מקדם עלמה : הנביא 'רררס באשתה * הנביא 'דדער
ישנילך	1	0		0	פיוט #681 — צלות מועד השמיני	לו קטר: יתן לך טב מתנים * וברתותו לך יכמר: ולעמל טוב ישנילך *
ופוס	1	0		0	פיוט #685 — מועדי אלהים כלם חסידים	היו מאבידים : והשני בו 'בתוך הים * עברו 'בשלם * ופוס פרעה דאתרים *
בקשור	1	0		0	פיוט #687 — 'בזכרון יום השמיני אשר * הוא ‏ המועדים	מתנגדים 'בישר * 'בקשור מתקשר * וככן בו אסתדר * איקרים כנדים: בו
יחמלך	1	0		0	פיוט #689 — ויחדש ‏ שמחותך * ומכל רע יפשרך	‏ פללך * וישמע למימרך: ובטובו יחמלך * ובחסדו יסוברך : ויקים
ראצטמת	1	0		0	פיוט #690 — צלות מועד השמיני	דגלגיו יתרים * ויום סלוחיה: ומועד חג הסכות ראצטמת בו ארבע אקרים *
והפגודות	1	0		0	פיוט #692 — צלות מועד השמיני	‏ ותמר ‏ אתהו דבריך עלמה תרח רחמיך: והפגודות
בפוב	1	0		0	פיוט #695 — צלות מועד חג הסכות במדינה	בפוב
ומתילף	1	0		0	פיוט #696 — צלות מועד חנ הסכות במדינה	ובו מוסף ‏ ומה הונף * ‏ קטף * לא מתחלף * ומתילף: מן ‏
חסדר	1	0		0	פיוט #696 — צלות מועד חנ הסכות במדינה	מן הו חסדר * ישב בעדר * ופרי ‏ הדר * וידר נדר * לעדר עדר *
ווושעך	1	0		0	פיוט #696 — צלות מועד חנ הסכות במדינה	* ווושעך * ויוליכך * ‏ מרך * ויקימך : ויגבי פרותך * מן שנאי
תתרזחו	1	0		0	פיוט #697 — סדר קדישותה: ותלבש מן רצונו בגדי	ל ויאמנכם ממה תיראו * ומן פנותה תתרזחו * ותרח הקבול יפתחו : ובד
יויבד	1	0		0	פיוט #698 — צלות מועד חנ הסכות במדינה	יויבד מפניך כל דבב * ומן הצרע לך ינפֿש: ויושיעך מן חשך פנותה *
ואשכיל	1	0		0	פיוט #699 — בחדש השביעי תחנו אתו . , . אל בני ישראל	הציל * ואנדיל * ואשכיל * ואבדיל : ואסניל במועדי :
אהרןל	1	0		0	פיוט #700 — צלות מועד חנ הסכות במדינה	על המכתב דבר אל אהרןל עשר יום ‏ השביעי ומן אתהו
אונפו	1	0		0	פיוט #702 — צלות מועד חנ הסכות במדינה	מועדים ניאספו: בון שמחות וחנות * ותנופה אונפו : בסכות וגליגות * על
וגליגות	1	0		0	פיוט #702 — צלות מועד חנ הסכות במדינה	מועדים ניאספו: בון שמחות וחנות * ותנופה אונפו : בסכות וגליגות * על
פירי	1	0		0	פיוט #702 — צלות מועד חנ הסכות במדינה	פירי אשקפו: על ארבע ירכים * ואף שמיך יערפו: טל על הלכים '
ויחדיפו	1	0		0	פיוט #702 — צלות מועד חנ הסכות במדינה	לן מנון גאלה * וכוח ‏ ירפו: ומן זה האתר יכרת * מדכרון ויחדיפו :
חניפו	1	0		0	פיוט #702 — צלות מועד חנ הסכות במדינה	במשכן יהוה * והקרבנים חניפו: ובקדוש שם יהוה * הטוב לך יאספו:
יוזיפו	1	0		0	פיוט #702 — צלות מועד חנ הסכות במדינה	ויקים לך קיאמה * ובמימרו בטוב יוזיפו: ורדפו מכם חמשה מאה * ומאה
יומיבון	1	0		0	פיוט #702 — צלות מועד חנ הסכות במדינה	יומיבון: תעשו בטב שמח * יומי מועדיכון: ותראו משכן יהוה * על קרש
עביט	1	0		0	פיוט #704 — צלות מועד חנ הסכות במדינה	וצפי מימר והביט * הקיאם והשלשלה: ודע לאשר לך עביט * והיית' רק
הפרדיס	1	0		0	פיוט #704 — צלות מועד חנ הסכות במדינה	פרי הפרדיס * וזה ממצא קמיך : מעתיד לך בטל רסיס ‏ וראה לו בחלמיך :
רסיס	1	0		0	פיוט #704 — צלות מועד חנ הסכות במדינה	פרי הפרדיס * וזה ממצא קמיך : מעתיד לך בטל רסיס ‏ וראה לו בחלמיך :
בספרד	1	0		0	פיוט #704 — צלות מועד חנ הסכות במדינה	בספרד * וברך את לחמך ואת מימיך:
במשכיליו	1	0		0	פיוט #705 — האלהים דאמר בסכות תשבו שבעת ימים	כן אשר על הארץ נפל * חלוצים במשכיליו:
פיליו	1	0		0	פיוט #705 — האלהים דאמר בסכות תשבו שבעת ימים	ונימר ישתבח הבריו * צעורה דשלם פיליו: וצער אדם במימריו *
סנוליו	1	0		0	פיוט #705 — האלהים דאמר בסכות תשבו שבעת ימים	ובמבטה שפתו אבדיליו: ובחר מן זרעו בשגם * סגיל מן סנוליו: בשגם
זיראתה	1	0		0	פיוט #706 — צלות מועד חנ הסכות במדינה	אן שמרת' כל חקיו * ומיני זיראתה: יצוֹה יהוה אתך את הברכה '
טבריגו	1	0		0	פיוט #706 — צלות מועד חנ הסכות במדינה	ולמאתי הכהנים ולמאת כל קהל ישראל * הסגודים לקדש טבריגו : ועל
בחפדך	1	0		0	פיוט #706 — צלות מועד חנ הסכות במדינה	חסול זה נימר * קמיכון בארכנו: ‏ אתה בחפדך ‏
וישתמר	1	0		0	פיוט #708 — צלות מועד חנ הסכות במדינה	וישתמר ולא יסור: כמה פקד העבוד * דלכל בריה צעור: דבעד' זה
פרור	1	0		0	פיוט #708 — צלות מועד חנ הסכות במדינה	המועד אסנלך * כמה פניך אמור: חנ הסכות תעשה לך * אמת אתה פרור :
גלוגם	1	0		0	פיוט #708 — צלות מועד חנ הסכות במדינה	קצי עשרת הרברים * דמן גלוגם שמור: וארבע לגו ‏
תתאפף	1	0		0	פיוט #708 — צלות מועד חנ הסכות במדינה	בו תבואת הארץ תתאפף * דמנה ישביר השבור: יהיה ‏ 'מברך * אה
סונרי	1	0		0	פיוט #709 — צלות מועד חג הסכות במדינה	סונרי רתות אלה * דו לרחמים מקור:
טבהתוי	1	0		0	פיוט #709 — צלות מועד חג הסכות במדינה	עובדי טבהתוי דעבדה בעבור:
אצילו	1	0		0	פיוט #709 — צלות מועד חג הסכות במדינה	הגוי הגדול אשר ' בגדלו אצילו מן אפור :
תרפעו	1	0		0	פיוט #710 — צלות מועד חג הסכות	על מה עשה בון מרן * ועל זה עמל זעלי : אה מרן אה מרן * תרפעו מן
המטד	1	0		0	פיוט #710 — צלות מועד חג הסכות	התפלה תתקבלי: אהיה אשר אהיה * רחמיך המטד עלי: שוב מחרון
הזנדק	1	0		0	פיוט #710 — צלות מועד חג הסכות	הזנדק זעלי: ומן באש דרס * אשר נורו לא יכלי: ואהרן ואלעזר ואיתמר *
מצתמדים	1	0		0	פיוט #711 — צלות מועד חג הסכות	עליך מצתמדים: דאתפרש על יד נור כוכבה * דמע הקדקדים: בקדש
וסנולים	1	0		0	פיוט #711 — צלות מועד חג הסכות	מות הפורר * וסנולים מתפדים: והשני חג המצות * דבו תהיו עקדים :
המפגדים	1	0		0	פיוט #711 — צלות מועד חג הסכות	על קדש כל טברות * רמע המפגדים : והשלישי אשתמה * בשלשה שמות
והסליחות	1	0		0	פיוט #711 — צלות מועד חג הסכות	הידים: מן הכופר והסליחות * והעונות טרודים: לו עשרה דמות טובות *
ונמילך	1	0		0	פיוט #711 — צלות מועד חג הסכות	ברא הבריה ' תאמר זה אלי: ובחרך אה עמו לטוב * ונמילך בטוב נמלי:
יושיעני	1	0		0	פיוט #711 — צלות מועד חג הסכות	יושיעני מן קטולי: מן נפש והיצר הרע * ודבבי אשר הו קובלי: כי אני
הזילי	1	0		0	פיוט #711 — צלות מועד חג הסכות	ועלי: בי עמלי רעות * מיום הייתי טפלי; ואן לא ירחמני * הזילי הזילו :
הזילו	1	0		0	פיוט #711 — צלות מועד חג הסכות	ועלי: בי עמלי רעות * מיום הייתי טפלי; ואן לא ירחמני * הזילי הזילו :
רברך	1	0		0	פיוט #712 — צלות מועד חנ הסכות	האל 'רברך וקדש זה המקום * דו מקום לדש כל טברות: בגדלו זכרו
יושעיך	1	0		0	פיוט #719 — צלות ‏ מועד חג הסכות	אלהי יצחק ‏ * יושעיך מכל תעובה: והברית דנשבע * יקימו אמן
מיתוביחך	1	0		0	פיוט #719 — צלות ‏ מועד חג הסכות	אלהי ‏ הנדור * יצילך מכל מצור : וילבישך נזר נור * ויעלי מיתוביחך:
יסניק	1	0		0	פיוט #719 — צלות ‏ מועד חג הסכות	אלהי יוסף הצדיק * ברצונו עליך ידיק : ותרחו בפניך לא יסניק * ‏
דודבג	1	0		0	פיוט #720 — צלות ‏ מועד חג הסכות	שמירות קהלי * סגולי כל עמה: דעשו עמנו הטוב * בזאת השמח : דודבג
השבירים	1	0		0	פיוט #720 — צלות ‏ מועד חג הסכות	בטב נפש וברחמה: גברו אל לבי ולבביון * השבירים מן הגנומה: יוסיף
ויזבג	1	0		0	פיוט #720 — צלות ‏ מועד חג הסכות	הילירים ‏ מטמון * ויזבג נותרם כמה : יתריח ויחמד * כאמנות עובדיו
הפתירה	1	0		0	פיוט #721 — צלות שבת מועד חג הסכות	הפתירה בצדקתך י* וטבה מן טובך שימה:
דגיעה	1	0		0	פיוט #722 — צלות שבת מועד חנ הסכות	ולית לנו שנא * אלא הנפש : דעם דגיעה וחנה * מדרשה הריש :
עפש	1	0		0	פיוט #722 — צלות שבת מועד חנ הסכות	כמתעתע דבוקה * וא נ שמה לא ימצא: רק ענה ישקח * עפש ‏ טשש
פרדיסי	1	0		0	פיוט #722 — צלות שבת מועד חנ הסכות	אדמי המדע * פרדיסי כפתר : ומרדרור עם קדה * ריחות בו אסתדר:
שיש	1	0		0	פיוט #722 — צלות שבת מועד חנ הסכות	גלגיו יתר * ועל הכל יניף: הו פינחס אשר * ‏ שיש
ותצאפר	1	0		0	פיוט #724 — ישתבח הקדם * אהיה אשר אהיה: שמו הצור תמים 'ייהיויה	לנפשך תשפך * ותצאפר מנבך: ‏ תקץ מן שנתך * ‏ קלש
נסתגד	1	0		0	פיוט #725 — צלות שבת מועד חג הסכות	° על פתח רחמיך נעמד * ופני גדלך נסתגד: ואליך נשא הקול * ואל
מפתכלים	1	0		0	פיוט #725 — צלות שבת מועד חג הסכות	‏ תסף: אהב ‏ * ובעותיון לא תטרף: כי מנך מפתכלים *
דשתבעת	1	0		0	פיוט #725 — צלות שבת מועד חג הסכות	מן עבדיך המימנים * ושוב מחרון אפך : וזכור לזכאיםי דשתבעת ‏
והושיעון	1	0		0	פיוט #725 — צלות שבת מועד חג הסכות	המגפה * והושיעון מן נקמך: והשקף עליהם * ברחמיך מעמך: כי לך
ירכר	1	0		0	פיוט #727 — צלות שבת מועד חג הסכות	יום דינה * ומה בו מן תשלמה: ויעזב כל מאום לזבנו * ולא ירכר חן
ואהול	1	0		0	פיוט #727 — צלות שבת מועד חג הסכות	אשר מריתם: ועז עלי מימר זה * קמי האדונים מן שרתם: ואהול
ולעונותינו	1	0		0	פיוט #727 — צלות שבת מועד חג הסכות	ולעונותינו ולחטאותינו ונחלתנו * אן עמיך סלח נא:
תצטמת	1	0		0	פיוט #728 — צלות שבת מועד חג הסכות	תצטמת באישה: דמן בסר ואדם * בעקבה וברישה: מאה וששים
צמיתים	1	0		0	פיוט #728 — צלות שבת מועד חג הסכות	צמיתים במקומה : ודיצמת בינם ביגע * רב ‏ עלמה: יגלי עם בעל
רביל	1	0		0	פיוט #728 — צלות שבת מועד חג הסכות	שני הפנים * דילך רביל בין עמה: וישמע דבר המוכח * במן לא שמע
ארכעה	1	0		0	פיוט #728 — צלות שבת מועד חג הסכות	ארכעה ג
ואתקומםג	1	0		0	פיוט #728 — צלות שבת מועד חג הסכות	הענן * ששת ימים ויקרא : ‏ השביעי * ואתקומםג יול * יום
שריפת	1	0		0	פיוט #729 — צלות ‏ מועד חנ הסכות	הן זה הנבי * השליך דבביו אל ‏ שריפת: חרון אף יהוה * והציל
בהצנצ	1	0		0	פיוט #729 — צלות ‏ מועד חנ הסכות	‏ רד לון * לחם מן השמים : וינחו' אתו בהצנצ נ ת זכרון * לאחרית
אגלג	1	0		0	פיוט #730 — צלות שבת מועד חג הסכות	טור חוריב אגלג ואמר * בסרני בסרני: בילידה דבה * ועלמה מתני: לו
שריפותה	1	0		0	פיוט #731 — צלות ‏ מועד חנ הסכות	ילידה דאתא : ילך ברגליו עלי * ולא ימצא מני שריפותה: רק תדבקני
ושריפותי	1	0		0	פיוט #731 — צלות ‏ מועד חנ הסכות	הקדישות * ושריפותי כניעותה: ומה ידרש בי לדבביו * ייתי בזריזותה :
בגליגותה	1	0		0	פיוט #731 — צלות ‏ מועד חנ הסכות	ומזה ברחמותה: ומן בזה כותי * קדם חשך בתרה בגליגותה: ואמר
השיכותה	1	0		0	פיוט #731 — צלות ‏ מועד חנ הסכות	ותתחלף תשביתה: דלי ביום ההוא * מן השיכותה לנאירותה: אה
לנאירותה	1	0		0	פיוט #731 — צלות ‏ מועד חנ הסכות	ותתחלף תשביתה: דלי ביום ההוא * מן השיכותה לנאירותה: אה
פגילותה	1	0		0	פיוט #731 — צלות ‏ מועד חנ הסכות	טובי אה טובי * בזאת פגילותה :
גלוגי	1	0		0	פיוט #731 — צלות ‏ מועד חנ הסכות	בהמשמר: אלא גלוגי אני בו * נלוג רב ויתר: אני מכסי לה * בכל
נלוג	1	0		0	פיוט #731 — צלות ‏ מועד חנ הסכות	בהמשמר: אלא גלוגי אני בו * נלוג רב ויתר: אני מכסי לה * בכל
עתידה	1	0		0	פיוט #732 — צלות שבת מועד ‏ הסכות	אלהים ‏ * עתידה מן היום הששי: מן יומה ‏ חצלם * אתעתד
חצלם	1	0		0	פיוט #732 — צלות שבת מועד ‏ הסכות	אלהים ‏ * עתידה מן היום הששי: מן יומה ‏ חצלם * אתעתד
המתילר	1	0		0	פיוט #732 — צלות שבת מועד ‏ הסכות	ודחלת מן פקוד פרעה * כל ‏ המתילר : להעברים היאר תשליכון *
ותסתבל	1	0		0	פיוט #732 — צלות שבת מועד ‏ הסכות	היר והיר בטל * שפעותה והבלד : ותסתבל ביכלות האל * הנכבד על
חבטל	1	0		0	פיוט #733 — צלות ‏ מועד ‏ הסכות	ובטובו ‏ יחמל : ויסגי חדותה ביומיון * ומהם אמן לא חבטל : ויקים תהבה
ניסוספי	1	0		0	פיוט #733 — צלות ‏ מועד ‏ הסכות	ניסוספי ארבע הפאות *
מתאסל	1	0		0	פיוט #733 — צלות ‏ מועד ‏ הסכות	דבבריה מתאסל :
תטעיל	1	0		0	פיוט #733 — צלות ‏ מועד ‏ הסכות	אל מליייהיויה תטעיל:
ינאל	1	0		0	פיוט #733 — צלות ‏ מועד ‏ הסכות	כל זבן מן זבן ינאל :
אסתבל	1	0		0	פיוט #734 — בין מדעה נתבונן * ונחדש לנו ממלל	ואראה' * והמים אל מקום אחד אסתבל; וברקיע השמים נטע כוכבים *
זבגם	1	0		0	פיוט #734 — בין מדעה נתבונן * ונחדש לנו ממלל	הוה מצלעו האחד * ולו עליה משל : וברב טובו זבגם * ושלשלה מהורה
משתפל	1	0		0	פיוט #734 — בין מדעה נתבונן * ונחדש לנו ממלל	דמדכרו אני מתפחר לא משתפל: גדול כהני בני לויי דלו תמיד טב
חטובות	1	0		0	פיוט #734 — בין מדעה נתבונן * ונחדש לנו ממלל	חטובות והחסדים * דעשו ‏ עבדון הדל : ‏ בנו * ומטה מן מרו ‏
ויגמילון	1	0		0	פיוט #734 — בין מדעה נתבונן * ונחדש לנו ממלל	נתפלל: אן יחלף עליון * ויגמילון בטב גמל: ויצוה הברכה בין ידיון *
ומתודע	1	0		0	פיוט #735 — צלות ‏ מועד חג הסכות	כל מסבין ונשיש: ומתודע בעמלי הטוב * דמן טובו לנו קדיש: 'במשמענו
ושמלי	1	0		0	פיוט #736 — צלות שבת מועד חנ הסכות	ימיני ושמלי :
רינאלי	1	0		0	פיוט #736 — צלות שבת מועד חנ הסכות	מנו 'רינאלי:
לגלגיו	1	0		0	פיוט #737 — והשמחות יחדש	שאל מה תבקש * את משה אני מבקש: אספר לגלגיו * ונקיבו לוכון
ויניקהו	1	0		0	פיוט #737 — והשמחות יחדש	לו שמש: ויניקהו דבש מסלע * ושמן מצור החלמיש: ועת דרשו הכפור *
אזדרמה	1	0		0	פיוט #738 — ישתבח שמו הקדוש * דרבותו עצומה	בשלישי * יום בו אזדרמה: משה ‏ * ומלאכי שומה: והרביעי
מזדרמה	1	0		0	פיוט #738 — ישתבח שמו הקדוש * דרבותו עצומה	ותעלו * לנבעת עלמה: ותשבו תחת טליה * ארבע אקרים מזדרמה: פרי
וחבור	1	0		0	פיוט #739 — צלות ‏ מועד חנ הסכות	מימרי: כי לשמ קצור * וחסיר * וחבור: וכל בלעדי' ירשנו: לא לי
רצבעתך	1	0		0	פיוט #739 — צלות ‏ מועד חנ הסכות	וישמע קלין 'רצבעתך : ויאמין יראתך * ויחדש 'שמחותך * וייטיב 'עקובאתך :
נפתז	1	0		0	פיוט #739 — צלות ‏ מועד חנ הסכות	נפתז תרח המדרש * במפרט המדרשים: תרח פתוח לכל מן *
פניבון	1	0		0	פיוט #739 — צלות ‏ מועד חנ הסכות	‏ דרשים: נגלי פניבון סודים * סודים רברבים וקשים : מתפרשים
משתמשים	1	0		0	פיוט #739 — צלות ‏ מועד חנ הסכות	עבות וערבי נחל * זה ‏ משתמשים: ושמחתם לפני יהוה אלהיך *
ובעטיף	1	0		0	פיוט #739 — צלות ‏ מועד חנ הסכות	על בני הפלגשים: ובעמל מן אמר * ובעטיף הצאן לא ישים: ובעמל מן
ררחף	1	0		0	פיוט #739 — צלות ‏ מועד חנ הסכות	בלב מלא : ונסגד פניו * לרביניו * על חנניו: 'ררחף עלינו: בחף עלי
ודקדק	1	0		0	פיוט #739 — צלות ‏ מועד חנ הסכות	יומי מועדינו: לון פרק * ודקדק * ושוזבק : ופרטיס * ואפריס * ולון אלמיס :
ופרטיס	1	0		0	פיוט #739 — צלות ‏ מועד חנ הסכות	יומי מועדינו: לון פרק * ודקדק * ושוזבק : ופרטיס * ואפריס * ולון אלמיס :
ואפריס	1	0		0	פיוט #739 — צלות ‏ מועד חנ הסכות	יומי מועדינו: לון פרק * ודקדק * ושוזבק : ופרטיס * ואפריס * ולון אלמיס :
אלמיס	1	0		0	פיוט #739 — צלות ‏ מועד חנ הסכות	יומי מועדינו: לון פרק * ודקדק * ושוזבק : ופרטיס * ואפריס * ולון אלמיס :
חנבון	1	0		0	פיוט #739 — צלות ‏ מועד חנ הסכות	אנה ינדי חנבון בוננו: ובתר כן אספר * ואפתר * ואזכר : מועדי * 'רבון
זיז	1	0		0	פיוט #739 — צלות ‏ מועד חנ הסכות	ושני השמטה זי תשמיט שנת ז' ושני הביל זיז: טב כל זי יומי
הפנודות	1	0		0	פיוט #740 — תשבחן לשמו הקדוש * בכל לילה ויומה	הפנודות שבעה :
תבואחך	1	0		0	פיוט #740 — תשבחן לשמו הקדוש * בכל לילה ויומה	‏ כי יברכך יהוה אלהיך בכל תבואחך , , . הסכות: יפתח יהוה
הזכיר	1	0		0	פיוט #741 — צלות שבת מועד חג הסכות	ובחמשה עשר‎ ; וש יום החג יום השבת הזכיר‎
במועדיבם	1	0		0	פיוט #741 — צלות שבת מועד חג הסכות	אלה תעשו ליהוה במועדיבם וגו
צמיטיה	1	0		0	פיוט #743 — תתחנו במועדיכם אה פדורים * ואשול מן צרקתכם תפשטו עדרים	'עם זה צמיטיה: זה בו לנו אנחותה * חה בו חנ לקדש טבריה : לאוי
ורנש	1	0		0	פיוט #746 — הראש והשני: והשלישי בתר מעמד הר סיני: והרביצי ראש חדש	והששי זה המועד * בו יתעבד: כל שמח ורנש * וחג אל קרש הטברים:
המצטמדים	1	0		0	פיוט #747 — צלות שבת מועד חג הסכות	תנים יומה חדים * עבדכון יימר לוכון: סדרה המצטמדים * ישמר יהוה
ררל	1	0		0	פיוט #747 — צלות שבת מועד חג הסכות	צלות ‏ מועד חנ הסכות: ררל
דוריד	1	0		0	פיוט #748 — הסכות ושם גלגיו יתרים	מכל חלה * ולדבבך יבד : ויושיעך ויפשרך * ויכילך מן המן דוריד: מטל
ושיעך	1	0		0	פיוט #748 — הסכות ושם גלגיו יתרים	הזהב והכסף * והשמח והשרכנים: װושיעך ויפשרך * ויטיב. לך העקבנים:
פנר	1	0		0	פיוט #749 — צלות שבת מועד חנ הסכות	דבר: לא תבנית ולא צלם * ולא ‏ ולא פנר: ראה רפא ריאם * אל
חסודים	1	0		0	פיוט #754 — צלות שבת מועד חג הסכות	שנים בתים טובים חסודים‎
ושתעבד	1	0		0	פיוט #755 — ‘ ‏ צלותו יחתם: כמה אתקדם המדכר	‏ * ויסגד ושתעבד: מה רב שעתה 'רבה * יבוא הכהן הגדול אל
פהביו	1	0		0	פיוט #755 — ‘ ‏ צלותו יחתם: כמה אתקדם המדכר	פהביו: ותנח עליו הרוח * ותזדוע ממו אברו: שם' ‏ הדמעות כמטר:
ותזדוע	1	0		0	פיוט #755 — ‘ ‏ צלותו יחתם: כמה אתקדם המדכר	פהביו: ותנח עליו הרוח * ותזדוע ממו אברו: שם' ‏ הדמעות כמטר:
בחעיו	1	0		0	פיוט #755 — ‘ ‏ צלותו יחתם: כמה אתקדם המדכר	ובעואתכון * וישמע ‏ 'דצבעתכון : ופרט החלק הששי * 'בחעיו קשה :
שמלו	1	0		0	פיוט #757 — בו 'ביומי מועדי: מועדי יהוה הישר	שמלו * ועסכר ישראל קבלו : ושרי יקרי הקצה הזוכירה * ויסכמה במהרה:
סקדה	1	0		0	פיוט #757 — בו 'ביומי מועדי: מועדי יהוה הישר	ולבו אל סקדה * 'בלב מלי ‏ ויחתמו התורה שם * ויימרו כהלון
חבתח	1	0		0	פיוט #758 — ובתר זה רבנה ישתבח יימר	או 'ספרים * ישלח אחרי חבתה שרים: שם' ייתי חבתח ומן עמו אל
וגביר	1	0		0	פיוט #759 — צלות ‏ מועד חנ הסכות	אלהי האיש הרם * וגביר כל העולם: וקדקד מינה דארם * דאשתלח
דגלגי	1	0		0	פיוט #762 — וישתבח	במש מר המועדים דגלגי ון עצומים: ושם זה השבת מובאו * בין תרי
לימיניפי	1	0		0	פיוט #765 — ועל כל קהליכון וצפריכון ומועדיכון ‏ מן אלה	‏ לימיניפי
ישראלג	1	0		0	פיוט #767 — צלות שבעת יומי הסכות	ישראלג ‏ כ ‏ ותמר מן אתהו
יראח	1	0		0	פיוט #770 — צלות שבעת יומי הסכות	יהוה יראח:‎
חשרץ	1	0		0	פיוט #770 — צלות שבעת יומי הסכות	יכולה קדישה : 'חשרץ שרצים ועופים * 'ביומה חמישח : ואפרש שבעת
חמישח	1	0		0	פיוט #770 — צלות שבעת יומי הסכות	יכולה קדישה : 'חשרץ שרצים ועופים * 'ביומה חמישח : ואפרש שבעת
תשתבה	1	0		0	פיוט #771 — צלות שבעת יומי הסכות	לעלם תסתגד ולעלם תשתבה: ‏ הצלות בטוב: ‏
מתעדדה	1	0		0	פיוט #775 — צלות שבעת יומי הסכות	אתי בשלם מועדה * לא מטלטל ‏ הסכות * חדותה מתעדדה* * זכרון
זהותהי	1	0		0	פיוט #775 — צלות שבעת יומי הסכות	דרך יעקב ישראל * באמנו ורב זהותהי מימ; ממא הו דחל * ויעקב ‏
רקבע	1	0		0	פיוט #777 — 'בסכות הושבתי את בני ישראל	יתוב סכותך מן ארבע * אקרים זבדים * כמו עלמה רקבע * בה הכל מן
גלגיכון	1	0		0	פיוט #779 — צלות יום הכפור	עד יאמרו הגוים אנה * עם חכום ‏ גלגיכון: ואני בעי לא תכרת
חבילים	1	0		0	פיוט #779 — צלות יום הכפור	מכרתון * אה קהלה מביניכון : צפרתם מבתרון * ויתומים חבילים על
לברור	1	0		0	פיוט #779 — צלות יום הכפור	לברור * ישראל הנפוץ בכל מכון : ודכרן טבן לאמר * יהוה ירחם מאתיכון :
וירכר	1	0		0	פיוט #780 — צלות יום הכפור	התמימה : ורתי על מעטות קהלי * בין בל אמי עלמה: *וירכר ‏
פליחן	1	0		0	פיוט #780 — צלות יום הכפור	אלהי זה היום * הרב הגדול היפה : דאתה בו צעום קעום ' דרוש פליחן
מחשיב	1	0		0	פיוט #780 — צלות יום הכפור	מכל פה: תהי על הטאך דאתקדם * עד תעצר המגפה: מחשיב נפשך
חפרקן	1	0		0	פיוט #780 — צלות יום הכפור	על בל ‏ ירא מן נקמתו התקיפה : בעי מן מרן חפרקן * ירפא
השפיפה	1	0		0	פיוט #780 — צלות יום הכפור	דלותן השפיפה: אמור אה מרן דבקן * ברחמיך הרחופה : סלח וכפר
הרחופה	1	0		0	פיוט #780 — צלות יום הכפור	דלותן השפיפה: אמור אה מרן דבקן * ברחמיך הרחופה : סלח וכפר
וחיכולה	1	0		0	פיוט #781 — כול צלות יום הכפור	אתה תדע נלאי * וחיכולה לך לבדך :
סוכילים	1	0		0	פיוט #783 — צלות ‏ הכפור	חטאים * למלוך רוחינו: אשמים ‏ פשעים * בכל יומינו: סוכילים
וערפותינו	1	0		0	פיוט #783 — צלות ‏ הכפור	קצירים זידנים * בכל עובדינו: זאת המעשים * מעט מן רעותינו : וערפותינו
דפרדיס	1	0		0	פיוט #784 — צלות יום הכפור	דפרדיס זכותה פרנים: ומשם מי דאמר ואיה השה * ולדבירות אביו חפס :
מטעס	1	0		0	פיוט #784 — צלות יום הכפור	ואיתמר השנים: ופינחס ‏ הך ‏ מטעס * ודקר הזנים: ועזר ית
במפניס	1	0		0	פיוט #784 — צלות יום הכפור	החמה במפניס * עם מפנס דלא ישא פנים: ועצר ית מגיפותה * מעל דמע
אתשרשרת	1	0		0	פיוט #784 — צלות יום הכפור	אל כהן אתשרשרת עמם * אל גדול הכהנים: ארכון הימים ההם * חליפת
הסנילות	1	0		0	פיוט #786 — צלות ‏ הכפור	‏ למספר בני ישראל * העם הסנילות: כי חלק יהוה עמו יעקב
ויודיהוי	1	0		0	פיוט #786 — צלות ‏ הכפור	ויודיהוי בכל עדנות: ישמן ישרון * ויבעט בטובות והברכות: אין כאל
ישכיר	1	0		0	פיוט #786 — צלות ‏ הכפור	בעלמה ובאחריתה: וחצי אכלה בם במגיפות * עד ישכיר מדם חלל
אכיעסם	1	0		0	פיוט #786 — צלות ‏ הכפור	בגוי גבל אכיעסם * טבעים בטמאותה: ‏ ירדף אחד אלף בשניאנם *
בצכותת	1	0		0	פיוט #786 — צלות ‏ הכפור	ושנים יניסו רבבותה: אם לא צורם מכרם * ויהוה אסגירם בצכותת :
ונקלס	1	0		0	פיוט #787 — תשביתו שבתכם: לנצחיו כל קרביה וממן עד לעלם	נכרז בשם יהוה * ונרכן ונרנן ונקלס : בגליגות זכאי עלמה * דכל מנון
וטכפ	1	0		0	פיוט #787 — תשביתו שבתכם: לנצחיו כל קרביה וממן עד לעלם	אקר וטכפ : משם האב הראש אב כל הבשר * דמן עפרה אטלמפ : ומשם
אטלמפ	1	0		0	פיוט #787 — תשביתו שבתכם: לנצחיו כל קרביה וממן עד לעלם	אקר וטכפ : משם האב הראש אב כל הבשר * דמן עפרה אטלמפ : ומשם
הפוכילים	1	0		0	פיוט #788 — צלות ‏ הכפֿור	אתו * מן אש ורוח ומים ועפרי: וונבלו צור ישועתו * אנון הפוכילים
אוביח	1	0		0	פיוט #788 — צלות ‏ הכפֿור	אוביח נפשי ‏ אנירך * עשרה התוכחות; שאל אביך ויגידך * מה
בקשיטותה	1	0		0	פיוט #788 — צלות ‏ הכפֿור	עשה יהוה ‏ האבות: זקניך ואמרו לך בקשיטותה * מה ‏ אלהי
חדבבות	1	0		0	פיוט #788 — צלות ‏ הכפֿור	כעוס חדבבות: אתחסלת המוכחות בשניאם * דאתקדם לון המדכרות:
ויצילהו	1	0		0	פיוט #788 — צלות ‏ הכפֿור	לית יוכל הדבב עמו קוממות: ועל גליו ירחף ויצילהו * מן השנאות
יניקהו	1	0		0	פיוט #788 — צלות ‏ הכפֿור	‏ הארצות: דבש מסלע יניקהוּ * זבן ‏ פרעה למילדות: ושמן מחלמיש
והשביר	1	0		0	פיוט #788 — צלות ‏ הכפֿור	צור הוציאהו * והשביר לון השבירות: חמת בקר וחלב צאן יאכילהו *
השבירות	1	0		0	פיוט #788 — צלות ‏ הכפֿור	צור הוציאהו * והשביר לון השבירות: חמת בקר וחלב צאן יאכילהו *
תשיבן	1	0		0	פיוט #792 — 'בצלותו ותחנונו	ויאמר ארני יהוה סלח * ‏ התפלה * ושובה לנו שלח * תשיבן ‏
ואוציאן	1	0		0	פיוט #792 — 'בצלותו ותחנונו	ואוציאן מן אסור * אשמן 'בדרור * בזה יום הכפור * וליד הסרך
ילחטאותינו	1	0		0	פיוט #792 — 'בצלותו ותחנונו	וסלחת' לעונינוי ילחטאותינו ונחלתנו :
ופליטן	1	0		0	פיוט #792 — 'בצלותו ותחנונו	אלהי אתורי הארץ * טל הרתו בן 'פרץ * ועם השובה לן ‏ * ופליטן
אתמפר	1	0		0	פיוט #792 — 'בצלותו ותחנונו	'דמנה אתמפר נח 'בתתובה * ומנה ‏ לו רבה * 'לבעל שיבה טובה *
אתגלג	1	0		0	פיוט #792 — 'בצלותו ותחנונו	בל גלי וכל נסתר * אתגלג ואתמסר * מן בעלמה סדר * למוקר רביאנו:
ואסתהרו	1	0		0	פיוט #792 — 'בצלותו ותחנונו	ואסתהרו כל סדרה * ושכוני לעל ולרע * וכל אתפחר וקרא * בגלינות
ישנג	1	0		0	פיוט #794 — צלות ‏ הכפור	אל גבור לית ישנג: אל גאל מכל שנג: אל בדול יתגלב: אל בלי £
שנג	1	0		0	פיוט #794 — צלות ‏ הכפור	אל גבור לית ישנג: אל גאל מכל שנג: אל בדול יתגלב: אל בלי £
יתגלב	1	0		0	פיוט #794 — צלות ‏ הכפור	אל גבור לית ישנג: אל גאל מכל שנג: אל בדול יתגלב: אל בלי £
פצב	1	0		0	פיוט #794 — צלות ‏ הכפור	פניו פצב:
ומשבדז	1	0		0	פיוט #794 — צלות ‏ הכפור	אל חיולה ומשבדז: אל ‏ לו נשבח: אל חיותו לא תגטע: אל £
תגטע	1	0		0	פיוט #794 — צלות ‏ הכפור	אל חיולה ומשבדז: אל ‏ לו נשבח: אל חיותו לא תגטע: אל £
פנול	1	0		0	פיוט #794 — צלות ‏ הכפור	אל לית לו קץ ולא גבול: אל לעלמה סבול: אל לא יעשה פנול:
דטלמיס	1	0		0	פיוט #794 — צלות ‏ הכפור	אל סעודה דטלמיס : אל סבול דלא נמיס: אל סקוף אל פרס: אל
נמיס	1	0		0	פיוט #794 — צלות ‏ הכפור	אל סעודה דטלמיס : אל סבול דלא נמיס: אל סקוף אל פרס: אל
הצריקי	1	0		0	פיוט #795 — צלות ‏ הכפור	אלהי הנבי הצריקי בן עמרם הדמע: בציאמה לך נצעק * אה ‏
הנלוג	1	0		0	פיוט #797 — צלות יום הכפור	הנלוג * מה מטינן ערכו * לא אנן ולא אנש:
ואודיעו	1	0		0	פיוט #797 — צלות יום הכפור	ושמו לשן קשטה * ואודיעו בחשבן חלק חלק * ולכל חלק אורו ואופיע *
חמאור	1	0		0	פיוט #797 — צלות יום הכפור	אבהתיו הך בוכבים * כל מהם לו גבול * והוא ביניון חמאור הגדול * ולו
קשיטותון	1	0		0	פיוט #798 — את המועדים * משני קצות החשבן * תעלי ותתפרש	והיו אהלין שני חדשים * פרשי כנפי קשיטותון * למעלה ‏
משתמש	1	0		0	פיוט #800 — וששה משמותם על המועד השני * ותולדותם מעשה הרש	לדרושיו * ותבת עצי גפר * ואוצר מלא כופר * בידן הו משתמש * יום טוב
דאתגלגו	1	0		0	פיוט #803 — הנביא דצעם ארבעים יום וארבעים לילה: בדילן בקושו	הנביא דאתגלגו בדכרנו הכהנים : הנביא דאגלא רביאניו והו בן שמנים:
ברכרן	1	0		0	פיוט #803 — הנביא דצעם ארבעים יום וארבעים לילה: בדילן בקושו	ברכרן שמו ננשם: מן נקם ומן אשו:
נפשותיבם	1	0		0	פיוט #803 — הנביא דצעם ארבעים יום וארבעים לילה: בדילן בקושו	נפשותיבם: וכל מלאכה לא תעשו:
ברכרנו	1	0		0	פיוט #806 — הסוד אל נח אל אברם: כל זכאה בחדשו	משה אשר ברכרנו כל באש ירפא: משה דבתפלותו תשקע האש
חפירה	1	0		0	פיוט #807 — צלות יום הכפור	‏ יתמר כימי טובה חפירה ‏ בימי
זיראתך	1	0		0	פיוט #809 — לית בכל יומיה ומרקה אלהים רחמנה וישתבח	זיראתך: טובינן נקום קמיך * ונימר מודאה לך על מתנאתך:
ובצריקים	1	0		0	פיוט #811 — צלות ‏ הכפור	ובצריקים * טובך תקים * משמר החקים * ומב חשבנו:
הנמיל	1	0		0	פיוט #811 — צלות ‏ הכפור	ומן הנמיל * בן חי וחגמיל * טובך השביל * בל דרכנו :
וחגמיל	1	0		0	פיוט #811 — צלות ‏ הכפור	ומן הנמיל * בן חי וחגמיל * טובך השביל * בל דרכנו :
רתאזנו	1	0		0	פיוט #811 — צלות ‏ הכפור	ובתלמוד כן * דרכך הכן * ולנו היכין * רתאזנו :
רמעמך	1	0		0	פיוט #811 — צלות ‏ הכפור	ומדרש עמך * 'רמעמך * טובך יסמך * דאת דיאגו:
דיאגו	1	0		0	פיוט #811 — צלות ‏ הכפור	ומדרש עמך * 'רמעמך * טובך יסמך * דאת דיאגו:
ישמיענו	1	0		0	פיוט #811 — צלות ‏ הכפור	ומפרש עדר * בו אתבסר * בין הסדר * ישמיענו :
פלב	1	0		0	פיוט #812 — צלות ‏ הכפור	עוני סבב * מוצא ול * בעמל פלב * מני אסיר :
המררש	1	0		0	פיוט #812 — צלות ‏ הכפור	עברך כנש * זה המררש * שנת תבלש * נא היא סופיר :
הפביל	1	0		0	פיוט #812 — צלות ‏ הכפור	עוני נדיל * דאתה ‏ * רב הפביל * מן דאתפנו;
אצתמיד	1	0		0	פיוט #813 — צלות יום הכפֿור	פשע כבד * בי אצתמיד * גרמי אבד * ורוחי מרר:‎
מסתדיר	1	0		0	פיוט #813 — צלות יום הכפֿור	: עוני כעפר * לית לו מספר * גלי וסתר * בי מסתדיר‎
חתד	1	0		0	פיוט #813 — צלות יום הכפֿור	: חתד שובהי ושמע צבע * מן ישבת * ויודה וישר‎
פדיר	1	0		0	פיוט #813 — צלות יום הכפֿור	; באב הבשר * וקץ כל בשר פלח וכפר * לכל פדיר‎
השיגני	1	0		0	פיוט #814 — צלות יום הכפור	אדרש מנך * ברביאנך * אל רצונך * השיגני :
עלק	1	0		0	פיוט #814 — צלות יום הכפור	בחסדך דבק * ולעבד פרק * באשר עלק * מן ‏
ואושיע	1	0		0	פיוט #816 — צלות יום הכפור	לא תתנשי * כל ארשי * זכור ואושיע * מן רצמני ;
גברותךי	1	0		0	פיוט #817 — ואשר אמרי זה המימר * אפשט עדר * אה* זימוני	גברותךי דרוש יתך * ומי זולתך * צדיק עני ;
צדבי	1	0		0	פיוט #817 — ואשר אמרי זה המימר * אפשט עדר * אה* זימוני	ומורא * לית בינם רבי: ובני קרח ' לא ‏ צדבי: ולא מתו
ואסתגל	1	0		0	פיוט #819 — צלות ‏ הכפור	אהרן כהנה * דברך בעדניו : ועמה 'דברה * וסנה מניאניו: ואסתגל
ואלשבוע	1	0		0	פיוט #822 — צלות יום הכפור	ויתמר עליו זה אלאקראו ואלשבוע מן מימר הזקין הזוכיר אלה
פהרוה	1	0		0	פיוט #823 — ומד אנן ידעין ‏ ישתבח אלהים	בני בעלי השבועה : היום השובה פהרוה: בכל הנפש ומלואה : וראו
ררפוני	1	0		0	פיוט #825 — צלות ‏ הכפור	ררפוני הרעות האלה * עוד מעט וסקלוני: וסקלוני ואש קדאה תלחט '
הגמיאני	1	0		0	פיוט #825 — צלות ‏ הכפור	ונא מעט הנמיאני : הגמיאני מים מן הרתו * ותן רעותי נגיפים לפני : לפני
נניפים	1	0		0	פיוט #825 — צלות ‏ הכפור	יתנם יהוה נגפני: נניפים לפניכם * וישליכם אל הארץ עורני: עורני
נצתדק	1	0		0	פיוט #828 — ישתבח אלהים	האלה * ומה נאמר לארני: לאדני ומה נדר ומה נצתדק * והאלהים מצא
אתילב	1	0		0	פיוט #829 — צלות יום הכפור	משה טב כל מולב * וכמו לא אתילב * שמו בן יוכבר * זכרו טב
פגיל	1	0		0	פיוט #829 — צלות יום הכפור	משה נביא פגיל * ומרן לן בו אבדיל * עליו בל ‏ נשאל השלם ולא
בהסליחן	1	0		0	פיוט #830 — צלות יום הכפור	בהסליחן * בזאת ‏ עדנה : ואשמר חיי קהלי * ואותירון 'בששונה : והוציאון
ואבחק	1	0		0	פיוט #830 — צלות יום הכפור	אוצרך * והטיב המתנה : אהיה אשר אהיה * ואבחק מנון כל סנא : ואתגבר
נביעו	1	0		0	פיוט #831 — צלות ‏ הכפור	נביעו מה תבחרו * והדרישות נותינה:
והדרישות	1	0		0	פיוט #831 — צלות ‏ הכפור	נביעו מה תבחרו * והדרישות נותינה:
חידנה	1	0		0	פיוט #832 — וארצי סדר עלמה * והזה * העשיר ממנה	לן ' רחצון על עורנה: וכל דלבר מגה לא כלום * רק ’‏ חידנה: בו
ונבנע	1	0		0	פיוט #832 — וארצי סדר עלמה * והזה * העשיר ממנה	נדבק ועליו נתרחיץ * ונשא לו העינה : ונבכי דם דמעות * פני גדלו ונבנע:
ישךאל	1	0		0	פיוט #833 — צלות יום הכפור	יום בין הימים מה טבו: בו סדר ‏ ישךאל יקיו: וישלחו העונות
חדובים	1	0		0	פיוט #833 — צלות יום הכפור	חובים ; ‏ בו ישראל יהיו צעורים חדובים:
לגיותינו	1	0		0	פיוט #833 — צלות יום הכפור	יום טובותיו רביאנו: שבתה עם צומה אזרמנו: זה בו אנחו לגיותינו:
מציבת	1	0		0	פיוט #835 — צלות יום הכפור	השרה' * אה מזבח אל ראה : אה מציבת יעקב * קרש עבראי: אה מקום
לחטאיבון	1	0		0	פיוט #835 — צלות יום הכפור	‏ תתנשאי: ויסלח אלה לחטאיבון * וכל אשם ופשעי: ‏
אושיט	1	0		0	פיוט #835 — צלות יום הכפור	משה נבי קשט * בחרו האל הקשט * וכתב רב לו אושיט * קדש מן ‏
גזיותו	1	0		0	פיוט #835 — צלות יום הכפור	טהורה גזיותו * וצדיקה נביותו * ישראל עדתו * שלמו על משה:
רסלם	1	0		0	פיוט #835 — צלות יום הכפור	טובי מן ישלם * 'בטהרות הפם * על משה 'רסלם * דאמלל מן אשה :
תוסיפי	1	0		0	פיוט #836 — צלות ‏ הכפור	כל חטא * וממנו לא תתחטאי: לא תתחטאי מן רע * רק תוסיפי לא
תנרעי	1	0		0	פיוט #836 — צלות ‏ הכפור	תנרעי: מנרעיך מעשיך * אה ממריה בכל שעי: על מה ולא שעה * מן
חבששי	1	0		0	פיוט #836 — צלות ‏ הכפור	תחת הרע * ועור לך מה תמצאי: מה חבששי מיהוה * ואין ליך תכנחי :
תכנחי	1	0		0	פיוט #836 — צלות ‏ הכפור	תחת הרע * ועור לך מה תמצאי: מה חבששי מיהוה * ואין ליך תכנחי :
משתמעי	1	0		0	פיוט #836 — צלות ‏ הכפור	‏ תלאי: הייתי בעליון * ומימריך משתמעי: ואתי יומן שפילה * זועה
זידנאי	1	0		0	פיוט #836 — צלות ‏ הכפור	'בכנשתה יראי : 'דיצאת' מידיך * אל ‏ זידנאי : הא ‏ כנשת שכם *
יביב	1	0		0	פיוט #837 — צלות ‏ הכפור	יביב ידכו מן הרעות :‎
נישיביחי	1	0		0	פיוט #837 — צלות ‏ הכפור	: נישיביחי לאלהי הרוחות‎
מינייירי	1	0		0	פיוט #837 — צלות ‏ הכפור	המראות:‎ מינייירי לבב דלו ראות: ייביקירי על‎
ייביקירי	1	0		0	פיוט #837 — צלות ‏ הכפור	המראות:‎ מינייירי לבב דלו ראות: ייביקירי על‎
עיייניייצלמך	1	0		0	פיוט #837 — צלות ‏ הכפור	: עיייניייצלמך לראות: תיציפייימיני המראות‎
תיציפייימיני	1	0		0	פיוט #837 — צלות ‏ הכפור	: עיייניייצלמך לראות: תיציפייימיני המראות‎
חיייייךיתמיד	1	0		0	פיוט #837 — צלות ‏ הכפור	: חיייייךיתמיד בכל שעות: מיה: ליךי משכיל בכל תעות‎
מיייתיב	1	0		0	פיוט #837 — צלות ‏ הכפור	: מיה: טיבי מדבק בראות: מיייתיב * יתה למראות‎
איז	1	0		0	פיוט #837 — צלות ‏ הכפור	: איז ניךי מכינה לשמעות: ויאיניך * לא במשמעות‎
יישייבקר	1	0		0	פיוט #837 — צלות ‏ הכפור	: היא:יישייבקר מלאות: ייציפייי עיני המראות‎
ייציפייי	1	0		0	פיוט #837 — צלות ‏ הכפור	: היא:יישייבקר מלאות: ייציפייי עיני המראות‎
תישימיר	1	0		0	פיוט #837 — צלות ‏ הכפור	: ט ויב יך* למשמע השמעות: תישימיר . מיני המצות‎
ייקיביל	1	0		0	פיוט #837 — צלות ‏ הכפור	ת'נ'יים * יומה מאה שנה במלאות: ייקיביל * אלה מכם מיני‎
ננחץ	1	0		0	פיוט #838 — צלות ‏ הכפור	עם חדוד שעיה: עד מתי ננחץ יהוהי במעשה' בישיה: עד מתי נמרי
זכדה	1	0		0	פיוט #839 — צלות יום הכפור;	יהוה * ברית אבהתה זכדה: וקבל ציאמה 'ביוסף * קדקדה ונזרה: ורחמה
ויטהד	1	0		0	פיוט #840 — מימרי * 'דפניכון אמרה: מרן יקבל צלואתכון מראשה ועד אהרה	ימהרה: ויטהד יצריכון * ולבבכון יגזרה : וישנא לשנאיבון * וישלמכם' מכל
לשנאיבון	1	0		0	פיוט #840 — מימרי * 'דפניכון אמרה: מרן יקבל צלואתכון מראשה ועד אהרה	ימהרה: ויטהד יצריכון * ולבבכון יגזרה : וישנא לשנאיבון * וישלמכם' מכל
המסתדרה	1	0		0	פיוט #840 — מימרי * 'דפניכון אמרה: מרן יקבל צלואתכון מראשה ועד אהרה	שנה * אה העדה המסתדרה : מגיבים אמן:
רנקיב	1	0		0	פיוט #841 — ‏ ישתבח אלהים	מה רב ומברך זה היום הקדש * אשר הו עשר יום מן חדש * השביעי 'רנקיב‎
הנורל	1	0		0	פיוט #841 — ‏ ישתבח אלהים	הנורל ליהוה * וכפר בערו ובעד עמה:‎
וזברה	1	0		0	פיוט #843 — צלות יום הכפור	וענוה' ותורות * וחטאות מכפרה : והערות מן אדם * בהמה נקבה וזברה:
והשוטה	1	0		0	פיוט #843 — צלות יום הכפור	ומוצא הטמאים * ולבר החטאת ומעזרה : והשוטה ומשפטה * והנפילה
ומחדיש	1	0		0	פיוט #843 — צלות יום הכפור	והזרע: והנזירים מכל נפש * ומשפטה ונדרה : ומחדיש על הנזיר * אן
אזכלה	1	0		0	פיוט #843 — צלות יום הכפור	יאמר לבני ישראל * לא אוכל אזכלה : עד יצא הרשע * ולא הו מנן
זוכירה	1	0		0	פיוט #843 — צלות יום הכפור	ממה 'בקצי * האלות זוכירה: יאיר יהוה פניו אליך * במאורות יאירה :
סליחותך	1	0		0	פיוט #843 — צלות יום הכפור	חטאת עמך כפרה : אדני יהוה * סליחותך היום השבירה: אדני יהוה *
הריצנו	1	0		0	פיוט #846 — צלות יום הכפור	צללנו 'בים העונות * אשר הלחצנו: ברחמיך מזה * הבור הריצנו: אהיה
ריחקנו	1	0		0	פיוט #846 — צלות יום הכפור	אהיה * קריב ריחקנו; וסל וגו
השבירנו	1	0		0	פיוט #846 — צלות יום הכפור	מן רחמיך * וחסדיך השבירנו: וסל וגו
ונחלתגו	1	0		0	פיוט #846 — צלות יום הכפור	ונחלתגו ;
צורכותינו	1	0		0	פיוט #848 — צלות יום הכפור	מרי קומם מתנאתה * וספק צורכותינו :
השיגנו	1	0		0	פיוט #849 — צלות יום הכפור	ראה הנשארים בפנותה * ומה אליו השיגנו: מן המעטות והדלות * וגברות
חיפר	1	0		0	פיוט #849 — צלות יום הכפור	מרי לא חיפר בריתך * ‏ מן אתקדמנו:
דצרק	1	0		0	פיוט #850 — צלות יום הכפור	דצרק בצרקה מדילה ' על אבינו אדם וכוננו :
וניבירים	1	0		0	פיוט #850 — צלות יום הכפור	וגברים וניבירים * בכל ‏ בזבנו : וזכאים ושלמים * מן דרך מרון לא פנו:
ויתיקצו	1	0		0	פיוט #850 — צלות יום הכפור	יתכוֹנו : לתתובה ויתיקצו * מן אשר יישנו: בתשעת הימים * ימכרו ויקנו :
אלהנוג	1	0		0	פיוט #851 — צלות יום הכפור	יימר הכהן בריך אלהנוג ‏ אגא יימרו הקהל * יהוה
יתמרג	1	0		0	פיוט #851 — צלות יום הכפור	יתמרג כ אלה רב ,נש . אלהים קמאה וישתבח ‏
כזידון	1	0		0	פיוט #852 — דמע השבעה היום * הזה יום הכפורים	עדן לעברים : בברית יהוה אתי * לא כזידון השערים : אשר תהו וחשכו *
ערירים	1	0		0	פיוט #852 — דמע השבעה היום * הזה יום הכפורים	מן האמת ערירים : קוו אימנותיכון 'בדתי משה דמע הטהורים : וצומו
ושיברו	1	0		0	פיוט #852 — דמע השבעה היום * הזה יום הכפורים	קרש כל ‏ ושיברו ‏ סוברים; סוברה טבה' משלבה * 'בשבר אשר
צלואתכם	1	0		0	פיוט #852 — דמע השבעה היום * הזה יום הכפורים	וישימו ציאם 'מברך עליכם * וברכהתה מתשררים : ומרן ‏ צלואתכם *
רצלא	1	0		0	פיוט #852 — דמע השבעה היום * הזה יום הכפורים	בטוב מזכירים: במשה רצלא וצאםי בצל ‏ כי האיקרים : וצה 'בקרש
ברהש	1	0		0	פיוט #853 — צלות יום הכפור	לארכה ולרחבה * ואותירון 'ברהש:
תדיק	1	0		0	פיוט #854 — ובקדוש מן דאמר ועניתם * את נפשותיכם בתשעה לחדש	אדיקו על קשטהי תדיק עליכון מנצירים :
נשתרים	1	0		0	פיוט #854 — ובקדוש מן דאמר ועניתם * את נפשותיכם בתשעה לחדש	ישרון ואלהיו עמו * ובתרועת המלך נשתרים:
הקשורים	1	0		0	פיוט #854 — ובקדוש מן דאמר ועניתם * את נפשותיכם בתשעה לחדש	על משמר פקודי * את החקים הקשורים :
בגלוגה	1	0		0	פיוט #855 — צלות ‏ הכפור	וזרח : משעיר למו * ורבבות הקדש בגלוגה קמו * עד קבלו ורד עמו ופקד
הסופיר	1	0		0	פיוט #857 — ושמורי הרזים * דמספר כפורים בון ירחש	קהלה טבה בנציר * שוב ולנו השביר * מן הבסרן הסופיר * כי ביום הזה
יזדרם	1	0		0	פיוט #858 — תחלילו ולא תימותו * במה עם המוקש	‏ נקם ושלם * דבה יזדרם : הקבול לקהלו * ובגן עדן יקהלו * במשה ומשמע
בגליגאן	1	0		0	פיוט #859 — צלות יום הכפור	וכל שנה ישוב עליך * ואתה בגליגאן ריאם : ותפרו ותרבו אמן * והאדמה
ואשתחבר	1	0		0	פיוט #860 — פי השבתות	ואשתחבר: ואמהר בתהותה * ואקום בנצירותה * ואשביר סליח ותה
אוכיח	1	0		0	פיוט #860 — פי השבתות	בלב דכי * ועינים תבכי * ואת הנפש אוכיח * לרעות השליכי: עד בשובה
צרקת	1	0		0	פיוט #860 — פי השבתות	מרן במה צרקת' * בעדן הקבול ואדקת' * על ישראל ופרקת' * ובון חשקת' :
זידם	1	0		0	פיוט #861 — צלות ‏ הכפור	מכל זידם :
מג	1	0		0	פיוט #862 — צלות יום הכפור	מג הזכאים ‏
אלרכור	1	0		0	פיוט #862 — צלות יום הכפור	אלרכור‎ ₪ במו אמן אמן אמן: ג‎
ובכפירותו	1	0		0	פיוט #863 — ויתמר עליו ישתבח לו עוד רצון יחוה עליו	ינדל הנבור אשר גדל ' זה יום הכפור * ובכפירותו אסנילכם : אה ישראל
אסנילכם	1	0		0	פיוט #863 — ויתמר עליו ישתבח לו עוד רצון יחוה עליו	ינדל הנבור אשר גדל ' זה יום הכפור * ובכפירותו אסנילכם : אה ישראל
תפלותיכם	1	0		0	פיוט #863 — ויתמר עליו ישתבח לו עוד רצון יחוה עליו	ותימרו מרי ‏ ציאמינו * אולי ישמע תפלותיכם: מרי ‏ שובתינו *
חאש	1	0		0	פיוט #866 — צלות ‏ הכפור	ויתפלל משה ליהוה * ותשקע חאש :
חפדך	1	0		0	פיוט #866 — צלות ‏ הכפור	אה אל רחום ‏ אתה * נתון התבונה: ברחמיך וברב חפדך * טהר
תפב	1	0		0	פיוט #866 — צלות ‏ הכפור	אה אל רחום ‏ אתה * אחד באלהותך: נשאלך תפבֿס * על עמך
עובריך	1	0		0	פיוט #866 — צלות ‏ הכפור	'למסברך: וישמע לפללך * ויקבל 'לנדרך : ויצליח עובריך * ויסקף לדרכך :
פלליבון	1	0		0	פיוט #866 — צלות ‏ הכפור	פלליבון : א ק ט י י י מררשיכון : א ק ט י י י ציאמיכון : א ק ט *
מררשיכון	1	0		0	פיוט #866 — צלות ‏ הכפור	פלליבון : א ק ט י י י מררשיכון : א ק ט י י י ציאמיכון : א ק ט *
וקשרתם	1	0		0	פיוט #870 — צלות יום הכפור	הוה וו ‎ וקשרתם . . . עיניך‎
רמולך	1	0		0	פיוט #872 — צלות יום הכפור	אל כבודה 'רמולך : אל כוחו הכל ספֿך: אל כבלע ולא ó ‏ אל
משנח	1	0		0	פיוט #872 — צלות יום הכפור	אל מקים כל קיאם: אל מחדש העולם: אל 'משנח ומרומם ;
אהסם	1	0		0	פיוט #872 — צלות יום הכפור	אל כמך אל אהסם: אל סנך בטל רפס: אל סוביב ולא נמים:
סאף	1	0		0	פיוט #872 — צלות יום הכפור	אל פרד ולא סאף : אל פני פניו נרקף: אל פלי וירחף : אל פקד
ייחץ	1	0		0	פיוט #872 — צלות יום הכפור	אל צדיק לית לו ץ: אל צעור בלא נאץ: אל צפין דלא ייחץ :
הגלוב	1	0		0	פיוט #873 — צלות יום הכפור	אל גאה לית לו פרוג : אל גבור לא בעל זוג : אל בדול לו הגלוב :
דיפתגד	1	0		0	פיוט #873 — צלות יום הכפור	אל דיאן אל כבד : אל דבוק 'דיפתגד : אל דמע דיפעד : אל דעבד
דיפעד	1	0		0	פיוט #873 — צלות יום הכפור	אל דיאן אל כבד : אל דבוק 'דיפתגד : אל דמע דיפעד : אל דעבד
עצמר	1	0		0	פיוט #873 — צלות יום הכפור	ומה עצמר:
וינצירו	1	0		0	פיוט #875 — עבודה דעלמה וטובינן וישתבח	בגדלו ‏ זה ‏ הכפור * תרח* לתהבים : 'דישובו מכל מטא * וינצירו
יטהדו	1	0		0	פיוט #875 — עבודה דעלמה וטובינן וישתבח	ותהללות בנצירו: למרון יאמרו: והפממים יטהדו: במקרת רום
רשמרו	1	0		0	פיוט #875 — עבודה דעלמה וטובינן וישתבח	'רשמרו 'גזרך: בכל הימים נימר * אה מרן תמיד תתברך:
וילהר	1	0		0	פיוט #876 — צלות יום הכפור	וילהר זה הנביא * משה ויקד ארצה : ויאמר עבדך * חן בעיניך מצא :
זהד	1	0		0	פיוט #876 — צלות יום הכפור	ויפן וירד מן ההר * ברבותה רבתה : הך זהד במלאו * ומקבל אגרתה :
רצליבון	1	0		0	פיוט #876 — צלות יום הכפור	אה עדת יהוה * דבצלותה שרים : קומו על רצליבון * ואמרו בטב מימרים :
גנע	1	0		0	פיוט #876 — צלות יום הכפור	גנע ‏ לי תרומה יתמר דראן אתהו יקירה ומרקה
ולפירים	1	0		0	פיוט #877 — צלות יום הכפור	ואלהים ומשה * מלנון עמדים : ולבר מן הכל * עשין* ולפירים :
ומולר	1	0		0	פיוט #878 — צלות ‏ הכפור	ותמחים בדיל: ‏ חלמות ' בן פרת בן רחל: ומולר רום הנשמות * בן
חורד	1	0		0	פיוט #879 — צלות יום הכפור	ויוסף חורד מצרימה:
נדדיולא	1	0		0	פיוט #879 — צלות יום הכפור	נפשו לא טמא : ובנין ‏ לא נדדיולא קרב אל זמח: וט אלה לו
זמח	1	0		0	פיוט #879 — צלות יום הכפור	נפשו לא טמא : ובנין ‏ לא נדדיולא קרב אל זמח: וט אלה לו
הזידון	1	0		0	פיוט #880 — צלות יום הכפור	הזידון * וירבו מפתרו: על המצבה אשר בנו * בקצה נֹדרו: אנה עינים
מציבותך	1	0		0	פיוט #880 — צלות יום הכפור	והי מורשה ממך * לזרעי ביתך : וישבת זכרך ממנה * והי מציבותך :
תולדוחך	1	0		0	פיוט #880 — צלות יום הכפור	ואדרשו מיהוה * ישיב ירשותך : לבניך אשר * ישיגו תולדוחך :
הרמעות	1	0		0	פיוט #880 — צלות יום הכפור	נבכי הרמעות * פניך אה אל שרי : הציל לנו בחסדך * את חלקת השדה:
הסובב	1	0		0	פיוט #881 — צלות יום הכפור	והמצור אשר בנו * ‏ הקצפה : והמצוק הסובב * והצרו אשר קצפה :
מגיפותינו	1	0		0	פיוט #881 — צלות יום הכפור	והמדוים * הרעים * אשר לא תרפא : ורב מגיפותינו * מוצא המאספה :
מקומותינו	1	0		0	פיוט #881 — צלות יום הכפור	זכרון מקומותינו * יימס* את הכוחים : ושיב את הלבבים * במיני המדוים :
יימס	1	0		0	פיוט #881 — צלות יום הכפור	זכרון מקומותינו * יימס* את הכוחים : ושיב את הלבבים * במיני המדוים :
זידון	1	0		0	פיוט #881 — צלות יום הכפור	מנוחים : ואתחלף ‏ משה * אשר הו אלהים : בשם זידון 'שקר * על
נהמועדים	1	0		0	פיוט #881 — צלות יום הכפור	השבתות * נהמועדים העשוים או לנו ומה חסונו * מן מקומים
האזתח	1	0		0	פיוט #881 — צלות יום הכפור	יפרע : והאזרח ישוב גד * והגר ישוב האזתח: ויד ישראל תקצר *
וחנחילם	1	0		0	פיוט #882 — צלות ‏ הכפור	וצוֹם למשמרה * באורכות השנים : וחנחילם ארץ כנען * קדש המתנים :
אתפריסת	1	0		0	פיוט #883 — צלות ‏ הכפור	רוחתה מנן אתכסית * ופנותה אתפריסת : ונפשותינו אתכלית * בקנאן חלקת
תסתדרו	1	0		0	פיוט #884 — צלות יום הכפור	חלקת השרה תימר זכרו * הימים אשר עברו: דהויתון בון תסתדרו *
בפיובה	1	0		0	פיוט #884 — צלות יום הכפור	‏ שירות 'כתבה * חלפה בפיובה : ולא ‏ ארזה * יקרו בה בחלקת
ויתמרג	1	0		0	פיוט #885 — צלות יום הכפור	רב אלה , . ויתמרג כי בשם * ויתרבי ויתהלל
אלהיםג	1	0		0	פיוט #885 — צלות יום הכפור	אלהיםג ותמר ‏ מליפוט :
ויפנע	1	0		0	פיוט #885 — צלות יום הכפור	שיאליו : בתר ברוך אבהתה * 'דמן דבב גאליו: ויפנע באתרה * דברמשה
ייאפל	1	0		0	פיוט #887 — צלות יום הכפור	ברעתיי: כהוא 'החכום אשר * על כאבים אתי: יכלה יתון ממה * ייאפל
רבראתי	1	0		0	פיוט #887 — צלות יום הכפור	לו אמחה' * האדם 'רבראתי : ובמי אמיר אליו ' בא נא אל שפחתי :
ורדאמיר	1	0		0	פיוט #887 — צלות יום הכפור	ורדאמיר ‏ * הנה הוא באמתחתי: ודאמר כי כבד פה * וערלה
יוביחו	1	0		0	פיוט #887 — צלות יום הכפור	לית אנון יוביחו: 'למפרש דן מימר * מן מימר 'דביו: נכון מן נבונים *
יופיעו	1	0		0	פיוט #887 — צלות יום הכפור	מפניכם יופיעו :
טוממה	1	0		0	פיוט #888 — צלות יום הכפור	מן קרבן אשה * ומאוריו טוממה : עדתו זה היום * בין ידיך קעמה : אולי
ודרקר	1	0		0	פיוט #888 — צלות יום הכפור	ותלימה' ובניו * ודרקר ברמח: מרי בעמלם' * אן ראית שמע: ופלח
ודאפשיטו	1	0		0	פיוט #888 — צלות יום הכפור	ובגו ' בעלי השבועה: ואשר 'בגללו * אמיר כי שנואה: ודאפשיטו
ודורח	1	0		0	פיוט #889 — צלות יום הכפור	שלח יד ימינו : ובעמל אשר פניו * המנחה הכינו: ודורח משעיר * אש
נחיגו	1	0		0	פיוט #889 — צלות יום הכפור	דת מימינו : ודאמרת' לו חקך * וחק בניך נחיגו: מרי בעמלם * ראה'
ברחול	1	0		0	פיוט #889 — צלות יום הכפור	משלטה : בתר ‏ מלעל * הות היום מטה : וכן הות 'ברחול * בתר
עמורי	1	0		0	פיוט #890 — צלות ‏ הכפור	עמורי * אש וענן יופעו : אי רמות מחנה' * ישראל וצבאו : ואמיר היו
קשורים	1	0		0	פיוט #890 — צלות ‏ הכפור	קרא לו כפור * דמות כל גזרים: מה הותירו שני * É‏ קשורים :
סופירים	1	0		0	פיוט #890 — צלות ‏ הכפור	סופירים : שלש מאות וארבע * וחמשים ממפירים : עם חצי יום ירבה *
ממפירים	1	0		0	פיוט #890 — צלות ‏ הכפור	סופירים : שלש מאות וארבע * וחמשים ממפירים : עם חצי יום ירבה *
כמתחפל	1	0		0	פיוט #890 — צלות ‏ הכפור	חשבן * לית ‏ קצירים : כי הוא כמתחפל * לשנה דרורים : בו סלחיו
רגבול	1	0		0	פיוט #890 — צלות ‏ הכפור	ולא גביה 'בצלם * כצלם 'רגבול : גבול מן אקרים * יתמו כתמול : תמול
ייאחז	1	0		0	פיוט #890 — צלות ‏ הכפור	שלשום עד יהי * מן עלמה נטול : לא יתחלק בפאת * ולא ייאחז באחל :
יכנחו	1	0		0	פיוט #891 — צלות יום הכפור	בכל ‏ * וקדמיו יכנחו : ופקודיו ישמרו * תמיד וישמעו :
מגבשים	1	0		0	פיוט #892 — דאפרש שבתה * יתמר לה מד לאוי	‏ ארבע מתעשים : ומגרשי בל ערים * מן ארבע מגבשים : נגבה וקדמה
ודביקות	1	0		0	פיוט #892 — דאפרש שבתה * יתמר לה מד לאוי	וימה * וצפונה נגשים : ודביקות ישראל * מן ארבע ארשים : השם ומשה
פקידה	1	0		0	פיוט #893 — צלות יום הכפור	פקידה : ולא גלא פתרונה * ולא סתרה הודע : מנה מאתים וארבעים *
רתשמר	1	0		0	פיוט #893 — צלות יום הכפור	ושמנה נגידה: דן מצות עשה ' רתשמר פקודה: מספר אבר ‘ ‏
פוקידה	1	0		0	פיוט #893 — צלות יום הכפור	וששים * וחמשה עבידה : על חשבן השנה * בהשמש פוקידה : סודם' לית
להלפש	1	0		0	פיוט #893 — צלות יום הכפור	אנן * נקצר 'בתלמודה: כי כל אבר ואבר * להלפש יעמידה: כל ‏
דהורירה	1	0		0	פיוט #893 — צלות יום הכפור	וישביע' יתה' * באלהים עבודה: עשה חק מחקות * אלהים דהורירה:
ניסוס	1	0		0	פיוט #893 — צלות יום הכפור	ניסוס הקדשים * מן קדש יום שבתה : שבתה דמיה לאקר * מפרח לגו שתה :
סופירין	1	0		0	פיוט #893 — צלות יום הכפור	פרחיה סופירין * בצרק חשבתה : הם' תשע וארבעים * גלים תוך הגרת':
דחפדון	1	0		0	פיוט #893 — צלות יום הכפור	בשבתות * דחפדון כרעו: בראישון קטל ' פרעה עם צבאו: והשני
ורמלערע	1	0		0	פיוט #894 — צלות ‏ הכפור	יתה' ואפרש * רמשה ‏ צפרה : ורקיע מבדיל ‏ מים * 'דלעל ורמלערע:
אוכר	1	0		0	פיוט #894 — צלות ‏ הכפור	סתרה: סתרה יתגלי * זבן אזכרה : אוכר בתר זה * דברים ממפרה :
ריצרה	1	0		0	פיוט #894 — צלות ‏ הכפור	'ריצרה : ברא וייצר ויעש * וקרא ואמר לארע :
רראמו	1	0		0	פיוט #894 — צלות ‏ הכפור	הצמות * למן 'רראמו : צמות שמש וירח * בקשט קוממו : ובצמותון יורו '
ילגש	1	0		0	פיוט #894 — צלות ‏ הכפור	מאות וארבע * וחמשים ינגש : ילגש לה שעות * חצי ‏ יתשרש : כי כל
להחרטמים	1	0		0	פיוט #896 — צלות יום הכפור	ובבהמה * כל עפר הארץ היה כנים : ויקרא פרעה להחרטמים * ואמרו
יוריאהו	1	0		0	פיוט #896 — צלות יום הכפור	עציאנו רודה : וזה עד יוריאהו אלה * שפיפו ונלאו בכל עבדה : ואן
לשמיצו	1	0		0	פיוט #896 — צלות יום הכפור	יהוה הצדיק הנכבדה: ושב ‏ לשמיצו מבתר * ‏ לא אתפדה: אלא
זכירים	1	0		0	פיוט #896 — צלות יום הכפור	חק לעלם זכירים: יום מות בכורי מצרים * מבכור פרעה ועד עמו
רחמוני	1	0		0	פיוט #897 — צלות יום הכפור	‏ וייתו * ויאמר פרעה ‏ רחמוני: מן ראות זה התנין ' פן יבוא
אודיע	1	0		0	פיוט #897 — צלות יום הכפור	לשלח העם: ומבתר אודיע אלה * ‏ להנביא התם: ‏ לפרעה
תרבר	1	0		0	פיוט #898 — צלות ‏ הכפור	סימני: בי ביר חזקה ישלחם * ואדבה' לון פרקני : בה תרבר לישראל *
לרכרן	1	0		0	פיוט #899 — צלות יום הכפור	ונסקף לרכרן תמחיו * ונבנה' הטוב עליו: כי תמחיו מתמחים * ומריח
מעיבט	1	0		0	פיוט #899 — צלות יום הכפור	לא תאכליו : ועת' אתקדם אסתיר פניו * כי ירא מעיבט ומלליו : אלהים
לחיקו	1	0		0	פיוט #899 — צלות יום הכפור	למען יאמנו ‏ ישרה ועוד מובא ידו לחיקו** ובתר תשוב 'מצרעת
וינחג	1	0		0	פיוט #899 — צלות יום הכפור	ננש משה במהרה * וינחג את צאנו: על פי מימר מרה * וישב אל יתרו
ולביק	1	0		0	פיוט #899 — צלות יום הכפור	ולביק
אותירני	1	0		0	פיוט #900 — צלות יום הכפור	והבקר * וכל מה לי ומקנה' : 'בידך נתתיו * ובברכתך אותירני: ויעש
ותתריחץ	1	0		0	פיוט #901 — צלות יום הכפור	'בסי * כי באש תכסהו: לגו מוקידה ותתריחץ * על התמים באלהו :
ולהתיבה	1	0		0	פיוט #901 — צלות יום הכפור	לארעה * ומה לון צבאים : ועמדו 'בתשמישותו * ולהתיבה נשאים :
והניקהו	1	0		0	פיוט #901 — צלות יום הכפור	קעמים בה 'בנהרה * ונהרה בטל שפעים : והניקהו ‏ מסלע * וארוו
ריאכלהו	1	0		0	פיוט #902 — צלות ‏ הכפור	מבגלל יודיע פרקן * ‏ 'ריאכלהו : היא בהמן זכאה * היא בנים דלא
לחטוב	1	0		0	פיוט #902 — צלות ‏ הכפור	פרעו : היא בחורים בני טבים * ישראל לחטוב לקחו: לקחו לו לעם
המצזה	1	0		0	פיוט #902 — צלות ‏ הכפור	טוב ורע * לא תאכל תתעקר : וסר מן המצזה * ולא שמע ולא שמר :
ואתריד	1	0		0	פיוט #902 — צלות ‏ הכפור	'ברבר הנחש ויאכל * והביא עליו צרר : ואתריד מן גן ‏ * ומאה
אתריד	1	0		0	פיוט #902 — צלות ‏ הכפור	האדם אשתיאר נביך * מבתר אתריד : מן מוקר גן עד; * ואבלו על נפשו
ריד	1	0		0	פיוט #902 — צלות ‏ הכפור	כבד: ומה שנה ליהוה * היה ‏ סגד : והו ידי עונו * ומה עליו הוֹריד:
בכביבותו	1	0		0	פיוט #904 — פניו כל גבור צד * ולא עורן ימטי	בשבע שמימותו: בכל שמים כוכב * סחר 'בכביבותו : ולכל כוכב
עידים	1	0		0	פיוט #904 — פניו כל גבור צד * ולא עורן ימטי	מנדל * בו קעום ‏ על פי עידים לו תמכו * במחשב דקיו ודרגותו ;
יעביר	1	0		0	פיוט #904 — פניו כל גבור צד * ולא עורן ימטי	והזבן בד ייתי * במגיד *חשבותו: יעביר קול במחנה' * שמורי מצותו :
רבשומה	1	0		0	פיוט #904 — פניו כל גבור צד * ולא עורן ימטי	התקומות * רבשומה תימנה אצתמתו : כי אין מספר לון * והתשיע לא
והתשיע	1	0		0	פיוט #904 — פניו כל גבור צד * ולא עורן ימטי	התקומות * רבשומה תימנה אצתמתו : כי אין מספר לון * והתשיע לא
זילי	1	0		0	פיוט #904 — פניו כל גבור צד * ולא עורן ימטי	יגמל לפי: מה לי מן חטאות * וסני רעי ומקצפי: ‏ מזה זילי יבאש
סעורה	1	0		0	פיוט #904 — פניו כל גבור צד * ולא עורן ימטי	סעורה:‎ בשם‎
וניסוסי	1	0		0	פיוט #904 — פניו כל גבור צד * ולא עורן ימטי	פרדיס * וניסוסי הקדשים מנה שרשר: ‏ מובא כל שתה * מועדי
יפנש	1	0		0	פיוט #904 — פניו כל גבור צד * ולא עורן ימטי	הנקבה והזכר : ינש יבלש יפנש * תהבה בו מה אתבסר : ‏ מנה
דמסתרר	1	0		0	פיוט #904 — פניו כל גבור צד * ולא עורן ימטי	שמה' * מראשית פרי האדמה 'דמסתרר : תוך הטנא דעל ידו * ויפתח
לחייבון	1	0		0	פיוט #904 — פניו כל גבור צד * ולא עורן ימטי	לחייבון ישמר:
בקשק	1	0		0	פיוט #905 — צלות ‏ הכפור	לה' * ובה תאמץ' ותחזק: ותדע אן היא לודע * התמיד 'בקשק: מפני
פלץ	1	0		0	פיוט #905 — צלות ‏ הכפור	משק: ו* היא ‏ ימים * העולם בון פלץ: בלא כלי ולא יד * מן
אתעחק	1	0		0	פיוט #905 — צלות ‏ הכפור	‏ לעשות אתעחק: א * תודיע הפרידות * למי בחכמתו פרק: כל
שוזבק	1	0		0	פיוט #905 — צלות ‏ הכפור	והמורא * תמן ליתו שוזבק: מן האש השריפה * 'דתוקידו וישתנק : בה
דתוקידו	1	0		0	פיוט #905 — צלות ‏ הכפור	והמורא * תמן ליתו שוזבק: מן האש השריפה * 'דתוקידו וישתנק : בה
וישתנק	1	0		0	פיוט #905 — צלות ‏ הכפור	והמורא * תמן ליתו שוזבק: מן האש השריפה * 'דתוקידו וישתנק : בה
ואודיעך	1	0		0	פיוט #905 — צלות ‏ הכפור	וברשותו ממו הוצאך: ואודיעך מה אתודע * וגלא לך מה אתמחך:
אודעך	1	0		0	פיוט #905 — צלות ‏ הכפור	ושמך לו לעם קדש * וקדישותו אודעך: על יד נביאך משה * 'דבו
מתפהר	1	0		0	פיוט #906 — צלות יום הכפור	£ ממסיר: דו צדיק מן צדיקות * ושמו בצדיק מתפהר: ובמלאת
ובסתיר	1	0		0	פיוט #906 — צלות יום הכפור	בגלי ובסתיר : צפי ‏ חדה מלה * והך שמו בה מתקטיר : וחכם
זירנו	1	0		0	פיוט #906 — צלות יום הכפור	דבלעדיו זירנו : משפטיו אחז כלה * תמיר בשלטנו: לא ילך ולא ייתי *
תלחטנו	1	0		0	פיוט #906 — צלות יום הכפור	יסף עליו ‏ * ואש קדחה תלחטנו: היום דינה ואוי לו * הך קטל
גייותינו	1	0		0	פיוט #906 — צלות יום הכפור	כל תועבה * וטהר נפשותינו: מכל שקוצינו * וקדש גייותינו : ‏
בשימרות	1	0		0	פיוט #906 — צלות יום הכפור	דאתפסק : בין טוב ‏ רע * 'בשימרות כל חק: טובך תבדיל
ואסתדיר	1	0		0	פיוט #907 — צלות יום הכפור	פרי * אתפרש ואסתדיר : ק * חיי אביו * באוליד לו זה חגביר: ואן
חגביר	1	0		0	פיוט #907 — צלות יום הכפור	פרי * אתפרש ואסתדיר : ק * חיי אביו * באוליד לו זה חגביר: ואן
אזכיר	1	0		0	פיוט #907 — צלות יום הכפור	תדרש תדע * קשיטות מה אזכיר : ראה מספר אותות צדיק * ותן
במשקול	1	0		0	פיוט #908 — צלות יום הכפור	כל מן ישיב עליו פעלו * במשקול מזוניה : הזכאה הך זכותה' * וחיבה
ועמידותו	1	0		0	פיוט #908 — צלות יום הכפור	רמיה : על מעזר כל אנש * וקוממו מן עפריה : ’‏ נקם ועמידותו *
ובקוש	1	0		0	פיוט #908 — צלות יום הכפור	קמי אלה אלהיה: ובקוש קשט כל אנש ממו * כמה עבד בחיה: וקשט
בשופטיה	1	0		0	פיוט #908 — צלות יום הכפור	את נפש האדם 'בשופטיה : ולא ישתבק קשט לאנש * מכל בוראיה :
יסתבל	1	0		0	פיוט #909 — אל אמונה ואין עול * ישתבח 'בכל עדניה	‏ סרועה לית לו * ביום דינה גמל : אלא האש השריפה * ועליה הוא יסתבל :
דיטעל	1	0		0	פיוט #909 — אל אמונה ואין עול * ישתבח 'בכל עדניה	לאלה בעמלו * ולא זכר היום 'דיטעל : בו לבין ידי מרן * ומעמדו ‏
חשמר	1	0		0	פיוט #909 — אל אמונה ואין עול * ישתבח 'בכל עדניה	לא תהי נואל: חשמר לך ושמור נפשך מאר * פן תשכח את כל ;
ויוליבו	1	0		0	פיוט #910 — צלות ‏ הכפור	באת: אן שמר חקות אלה * יפתח לו דלת : ויוליבו בשלם * וילבישו
אוכחח	1	0		0	פיוט #910 — צלות ‏ הכפור	אוכחח : ודע אן מרך קרוב ממך * ואין לגדלו תבנית : לך לך מן
לטטפות	1	0		0	פיוט #910 — צלות ‏ הכפור	חקיו ומצותיו ומשפטיו * 'לטטפות בין עיניך קעמת: דו רחום בעלמה*
פהדי	1	0		0	פיוט #910 — צלות ‏ הכפור	וכן ‏ באחרת : ומימרו עליו פהדי דו שמור הברית : והחסד לאהביו *
אורידו	1	0		0	פיוט #911 — צלות יום הכפור	דתקן עשותך אה עברו : במלאת חכמתו ו'בלותו * ורם טובה לך אורידו:
אתקשר	1	0		0	פיוט #914 — צלות יום הכפור	בשר : מ ארש ‏ משה ' דעם השם אתקשר : אן תיפיך משה תמצאו *
תצריק	1	0		0	פיוט #914 — צלות יום הכפור	ואן תצפי מלת בשגם * תמצאו רז משה בה נסתר : ואן לא תצריק ראה '
מתשרשר	1	0		0	פיוט #914 — צלות יום הכפור	מתשרשר : ולו לא הוא מה ‏ לא גלי ולא סתר : ולו לא הוא מה
וטאחצי	1	0		0	פיוט #914 — צלות יום הכפור	ויתקדש ויתעצם: דבו ‏ היכולה * מפני בראשית וטאחצי ‏
פודים	1	0		0	פיוט #914 — צלות יום הכפור	‏ אקרא * וזה המקרא לרם : פודים בו נסדרו * וזכרנו מה
וחמקרא	1	0		0	פיוט #914 — צלות יום הכפור	לבהלבון * מפם הנביא מתקרא: עד יתיתבו ‏ * למשמע וחמקרא:
רכמספרה	1	0		0	פיוט #914 — צלות יום הכפור	ומנון על מספר בי שריו כי בשם יהוה: רכמספרה מאומים * שמע
ניסתר	1	0		0	פיוט #914 — צלות יום הכפור	בה ניסתר : ואמרו הן היא סוד השם * דאנדה בראשית ‏ נסתר :
חבוראות	1	0		0	פיוט #915 — צלות יום הכפור	הו לבדו מפני * סדר חבוראות: ומאחרי כלה * לו כן התמידות:
הסיפרות	1	0		0	פיוט #915 — צלות יום הכפור	ותמחי מתמחות: במפתרון נחל על מה ניכל * מן דברי הסיפרות ;
מליהיעיויעין	1	0		0	פיוט #915 — צלות יום הכפור	התורה * קדש כל התורות: ומספר אותות מליהיעיויעין המגידות :
מאליפות	1	0		0	פיוט #915 — צלות יום הכפור	אבישע * 'רביאר מאליפות: עיויעין המאור ‏ והמימר הכה לו עדות ;
עיויעין	1	0		0	פיוט #915 — צלות יום הכפור	אבישע * 'רביאר מאליפות: עיויעין המאור ‏ והמימר הכה לו עדות ;
מקשר	1	0		0	פיוט #915 — צלות יום הכפור	יקירה ; כל רז ולו דבר * למגלי איקרה : ואקר הממלל 'מקשר * 'בשריו
בקוש	1	0		0	פיוט #916 — צלות יום הכפֿור	בלעדיך * בקוש ולא מסבי: מרי קוממן על דתך * ומהבותך בלבי ‏
ויוריאני	1	0		0	פיוט #916 — צלות יום הכפֿור	לשביל קשטה * ונפשי בה ינזרה : ויוריאני מה היא * ומה לגה ברא : מן
צסתר	1	0		0	פיוט #917 — צלות יום הכפור	יכלתי : אלא:מן ‏ מן יגלי * צסתר מה קבצתי: בי 'זבני ארן *
שבירותי	1	0		0	פיוט #917 — צלות יום הכפור	יגדני טב חדרך * וייטיב לב שבירותי: כאב רך יסוברני * והתורה ממו
ררביאנך	1	0		0	פיוט #918 — צלות יום הכפור	בכן לו עשה : כוֹת זה המעשה * 'ררביאנך בו הנשא : וקרבך מרך לגדלו '
דשתאתף	1	0		0	פיוט #918 — צלות יום הכפור	נביאך וחבלך * נור בריאתה ושמשה : דשתאתף שמו מן השם * ואתקרי
נאירותה	1	0		0	פיוט #918 — צלות יום הכפור	הוא דבבה * ועליו תפשה : וקשטה ממך לא 'כסי * רק נאירותה קרשה :
ספיק	1	0		0	פיוט #920 — תאותך : ושבת' ושב יהוה * אלהיך את שובתך	רתאי רתאיה * רחם והשקף ברתות : ולקעמים פניך * ספיק בסליחות: ’‏
בסליחות	1	0		0	פיוט #920 — תאותך : ושבת' ושב יהוה * אלהיך את שובתך	רתאי רתאיה * רחם והשקף ברתות : ולקעמים פניך * ספיק בסליחות: ’‏
בפפירות	1	0		0	פיוט #920 — תאותך : ושבת' ושב יהוה * אלהיך את שובתך	יום סלוחיה * ושמע הנקעות : הך די אמנותך * ואכמר בפפירות : אל
הזימירות	1	0		0	פיוט #920 — תאותך : ושבת' ושב יהוה * אלהיך את שובתך	הזימירות : ולו מאתך 'עני * והוליכו 'בקוממות : על משמר מה *חדדתה *
ותוזיף	1	0		0	פיוט #920 — תאותך : ושבת' ושב יהוה * אלהיך את שובתך	תתחני * ותוזיף מן הצלות : בערב ובבקר * בשמח ואיקרות : פני יהוה
חפירות	1	0		0	פיוט #920 — תאותך : ושבת' ושב יהוה * אלהיך את שובתך	מועדיה * קדשיו חפירות : מה פֿכו מן מועד * דהקיב ‘ ’‏ שמות ;
שביקין	1	0		0	פיוט #920 — תאותך : ושבת' ושב יהוה * אלהיך את שובתך	צור ישועה 'לתהבין : דו אוצר מליא' כופר * למי לחוביון שביקין : אנלא
לץ	1	0		0	פיוט #920 — תאותך : ושבת' ושב יהוה * אלהיך את שובתך	השנה בון תזדמן : קור וחם לץ וחרף * דן לדן מקפין : כן גם הוא מדמי'
חפדיו	1	0		0	פיוט #920 — תאותך : ושבת' ושב יהוה * אלהיך את שובתך	רבותו * רבים וסגי ‏ ולית בחדשים דמו * סודי חפדיו 'מרחפין:
מרנגין	1	0		0	פיוט #920 — תאותך : ושבת' ושב יהוה * אלהיך את שובתך	יום הכפור * דבו לחיבה' דרורין : טובי מן יעבר עליו * והו בפיו 'מרנגין :
אנצירותך	1	0		0	פיוט #920 — תאותך : ושבת' ושב יהוה * אלהיך את שובתך	רשעותך : וצום לאלהיך בנציר * ואגלי אנצירותך : היום פני מרך *
שנבותך	1	0		0	פיוט #920 — תאותך : ושבת' ושב יהוה * אלהיך את שובתך	וגרש חטאותך : היום פני מרך * וקרע שנבותך : היום פני מרך * והטיב
וגלוג	1	0		0	פיוט #920 — תאותך : ושבת' ושב יהוה * אלהיך את שובתך	לשובתך : לכפר עליכם * מן מיני רעותך : צפי פרקנך בו * וגלוג
ניזרותך	1	0		0	פיוט #920 — תאותך : ושבת' ושב יהוה * אלהיך את שובתך	תלבש בגד ניזרותך : היום הד; הו יומך * תתרברב בו חדותך; ותאותה
נכסיפותך	1	0		0	פיוט #920 — תאותך : ושבת' ושב יהוה * אלהיך את שובתך	ותתובתה * קעמים סביבותך: יפה לך כד תקום * תסב כפי נכסיפותך:
ותורז	1	0		0	פיוט #920 — תאותך : ושבת' ושב יהוה * אלהיך את שובתך	הרתו * ותורז בפצותך : מן רע מה עשית' * ותגוז 'בזהותך: ממו ואתה
יניק	1	0		0	פיוט #921 — צלות יום הכפור	כוכב. מניר * ’‏ פרעה יניק: ער בא לשפת ים סוף * ועליו שם'
וחזיק	1	0		0	פיוט #921 — צלות יום הכפור	אדיק: ואנלא לו ‏ * סימן רב וחזיק: עליו ‏ ורחמים * ועל .‏
אתפריק	1	0		0	פיוט #921 — צלות יום הכפור	דבביו אציק: כד אקוה מימי ימה * ולמעברו אתפריק: שנים עשר
אמשיק	1	0		0	פיוט #921 — צלות יום הכפור	פרקה * וכל שבט באחדה אמשיק: וישב ‏ לחרבה * ובוצין דלא
מסתפיק	1	0		0	פיוט #921 — צלות יום הכפור	טפי דליק: על פתחיו דרך שלמה * עד כי הלך ישראל מסתפיק :
אמחיק	1	0		0	פיוט #921 — צלות יום הכפור	אמחיק : ויושיע יהוה ביום ההוא את ישראל * מיד מצרים הזנדיק:
תמתיק	1	0		0	פיוט #921 — צלות יום הכפור	ובקל “ ‏ צעק: בקצת אז ישר ' בתשבחות תמתיק: ועל פי
פנשנו	1	0		0	פיוט #921 — צלות יום הכפור	אילים * תריה סימנים פנשנו: והרביעי במדבר ‏ * המן לון הובדנו:
ברל	1	0		0	פיוט #922 — צלות ‏ הכפור	מתודע * ארשה בו לנן: גו דן ’‏ * ושם ‏ עמירונן ברל
ישתזי	1	0		0	פיוט #922 — צלות ‏ הכפור	רב וגדול * יקום מן רזי החשבן: כמה ישתזי אמיתו * ‏ מובא כל
ימשבו	1	0		0	פיוט #922 — צלות ‏ הכפור	קעמין בחן: הנפש ועורי * כל עובדיון כן: לא ימשבו על אמת * אן
עצותיהם	1	0		0	פיוט #922 — צלות ‏ הכפור	תאותו * ולא ישו דן 'לדן : כי גוי אבר עצותיהם * ואין בהם אל בונן ;
עמידותן	1	0		0	פיוט #922 — צלות ‏ הכפור	אולי נגוז מתמן: 'למודע עודן * מה עליו עמידותן: מן אנה נחל
מתינידים	1	0		0	פיוט #922 — צלות ‏ הכפור	מתינידים; לגו תורת משה * שבעה מועדים : וזבן מובאון * 'דבו יהיו
עמורים	1	0		0	פיוט #922 — צלות ‏ הכפור	עמורים : היא עמודי רוחתה * ואקבעת בו צמידים : על מוציא ישראל *
תדביק	1	0		0	פיוט #922 — צלות ‏ הכפור	וידיק: עמוד אש וענן * 'בליליה ואיממה לו תדביק : והו הל ‘ ‏
ופבולי	1	0		0	פיוט #923 — צלות ‏ הכפור	דתו * ‏ גן ’‏ מקור: ופבולי דנל אימנו * לא ימטי בון עצור :
והלובי	1	0		0	פיוט #923 — צלות ‏ הכפור	והלובי שביליו * חכמה בזה ומי ישור: פהדה קשיטה * אן לית בם'
פהדה	1	0		0	פיוט #923 — צלות ‏ הכפור	והלובי שביליו * חכמה בזה ומי ישור: פהדה קשיטה * אן לית בם'
זיליו	1	0		0	פיוט #923 — צלות ‏ הכפור	ארור : רק המתפני לעורנו * זיליו משקיח מי בור : המצוק והצרר :
משקיח	1	0		0	פיוט #923 — צלות ‏ הכפור	ארור : רק המתפני לעורנו * זיליו משקיח מי בור : המצוק והצרר :
וררדר	1	0		0	פיוט #923 — צלות ‏ הכפור	שש היו טי דק ‏ הערפה וקוץ וררדר
חסודות	1	0		0	פיוט #923 — צלות ‏ הכפור	וטוב 'למאכל * ויאכל וינשק ‏ סטים נטפח : וישיג טובות חסודות *
ברכרון	1	0		0	פיוט #923 — צלות ‏ הכפור	'ברכרון : נביה רבה משה * בן עמרם נביאנן : דאתבחר מן הבריה *
לנלוג	1	0		0	פיוט #923 — צלות ‏ הכפור	לנלוג מיתוביתן :‏ מן עורן כל הגוים * ימין ושמאל סביבותן : וחכמנן
ולדקיע	1	0		0	פיוט #924 — צלות ‏ הכפור	בנור: נור מדע דעת חכמתו * ולדקיע עמרם בא עבור : ופלק אל
וייניקחו	1	0		0	פיוט #924 — צלות ‏ הכפור	ולו הוה נטור : וייניקחו דבש מפלע * ושמן מחלמש צור : וכל צבאות
מחלמש	1	0		0	פיוט #924 — צלות ‏ הכפור	ולו הוה נטור : וייניקחו דבש מפלע * ושמן מחלמש צור : וכל צבאות
ובגלוג	1	0		0	פיוט #924 — צלות ‏ הכפור	שמשו * וכל מנון בא לו שמור: ובגלוג נקיבותו * 'מדבר לאטר: בתר
שגור	1	0		0	פיוט #924 — צלות ‏ הכפור	וסתור: בא איש האלהים * 'דבחרו ולו שגור : בא צדיק הנאמנים *
המופף	1	0		0	פיוט #925 — צלות ‏ הכפור	יכולה * יסני מספרה: יביא עליו חטא * מן המופף והמנרע: נשוב
והמנרע	1	0		0	פיוט #925 — צלות ‏ הכפור	יכולה * יסני מספרה: יביא עליו חטא * מן המופף והמנרע: נשוב
והךמש	1	0		0	פיוט #925 — צלות ‏ הכפור	ועוף * יעפף ויברא : מיני הבהמה והךמש * לגו ימה ומדברה: עם . ‏
חתיד	1	0		0	פיוט #926 — ואמר * ישתבח באריה דכן ברא	כיר יכלות מרן * מליא' מכל חכמה: ממו 'חתיד בוראיו * ויתבם' כמה ;
וקתמה	1	0		0	פיוט #926 — ואמר * ישתבח באריה דכן ברא	אקרי * אש ורוח ומים וקתמה : ויפח ‏ נשמת חיים * ויהי
ונפילות	1	0		0	פיוט #926 — ואמר * ישתבח באריה דכן ברא	טוב ונפילות תרדיהמה : ולקחות הצלע לעזר * וקוממו ‏ תמימה : . ‏
בקשורות	1	0		0	פיוט #926 — ואמר * ישתבח באריה דכן ברא	רב זה התמח: והיה משניהם' לבשר אחד *‏ בקשורות נפשם':
רתקן	1	0		0	פיוט #927 — צלות יום הכפור	'רתקן בחכמתו * בריאת הבראוים : ואתו שמיען לה' * ולצרקתו 'מקוים :
שמיען	1	0		0	פיוט #927 — צלות יום הכפור	'רתקן בחכמתו * בריאת הבראוים : ואתו שמיען לה' * ולצרקתו 'מקוים :
ולצרקתו	1	0		0	פיוט #927 — צלות יום הכפור	'רתקן בחכמתו * בריאת הבראוים : ואתו שמיען לה' * ולצרקתו 'מקוים :
רמרון	1	0		0	פיוט #927 — צלות יום הכפור	טובות רבות מאר * לא יספר איקרון: טובי עלמיה * 'רמרון ודברון :
ריצרון	1	0		0	פיוט #927 — צלות יום הכפור	שחוקי מעון מדורון: אלהי קדם ותחת * זרועתו עולמו 'ריצרון: ושם
קשרון	1	0		0	פיוט #927 — צלות יום הכפור	ובתקון חכמתו * אחד באחד קשרון: ‏ עם שנים עשר מגדל * כן
ויסתירון	1	0		0	פיוט #927 — צלות יום הכפור	וכה מן משרון: רק 'רקיע בם' הלוך * יגלי לון ויסתירון :‏ וראה
יתשרשרון	1	0		0	פיוט #927 — צלות יום הכפור	המחשב * הך מה יתשרשרון: והשמש והירח * דאתרבה נורון:
וחדבתה	1	0		0	פיוט #928 — צלות יום הכפור	‏ וחדבתה : ואיקרך יתגליג * ויקום לך ומשלת' : במדעיך רבים * ובך
יתגליג	1	0		0	פיוט #928 — צלות יום הכפור	‏ וחדבתה : ואיקרך יתגליג * ויקום לך ומשלת' : במדעיך רבים * ובך
יודיען	1	0		0	פיוט #929 — לחשבתה : ואלהיך מרצי עליך * ותגוז לגו גנתה	יודיען באה הברכות ' הך זאת והך זאת: ומה טמיר לגוון * מן אקרים
יצאפי	1	0		0	פיוט #929 — לחשבתה : ואלהיך מרצי עליך * ותגוז לגו גנתה	יצפי לא יצאפי * ולא לו עינים צפוים : שמיע ולא ישמע * ולית
תגיעות	1	0		0	פיוט #930 — צלות יום הכפור	ברע * מן תגיעות נפשך תיפכה : ותתותר אחרי לבבך * ומרך מן זה
יבפך	1	0		0	פיוט #930 — צלות יום הכפור	לא יבפך ולא ישיחתך * וברית אבותיך לא ישכח :
ויופע	1	0		0	פיוט #930 — צלות יום הכפור	צלם ‏ מרך: על ראשך כליל * ויופע נור צלמך : במדע והבינה *
ואסקיף	1	0		0	פיוט #930 — צלות יום הכפור	בית המדע * ועשית' מחקה לגנך : ואסקיף את דרגיו * ולא תשים דמים
תיאפר	1	0		0	פיוט #930 — צלות יום הכפור	מה תחמר ' וכל מאתך: װדעת בי כאשר תיאפר * יהוה אלהיך
ואבתב	1	0		0	פיוט #930 — צלות יום הכפור	קדש כל 'ספרך: דאמר על רבותו * ואבתב 'לקבלך : למען ישוב ‏
למצזה	1	0		0	פיוט #930 — צלות יום הכפור	ופנית' והלכת : וא למצזה * ושמרת' ועשית': כל אמר לך * ולי ‏
אתשכיל	1	0		0	פיוט #931 — צלות יום הכפור	והביט הך המובא לו * אולי עליו אתשכיל : ואמצא לי מקלט * ישינני
תתכלכל	1	0		0	פיוט #931 — צלות יום הכפור	אתריח * מעודניו ואכל : אולי תסבע נפשי * ובלא מזון תתכלכל : ואמטי
אתשכליל	1	0		0	פיוט #931 — צלות יום הכפור	ית בקושי * ודלו אני 'משאל : מן תניו מימר הידועים * ‏ אתשכליל ;
ופרניסו	1	0		0	פיוט #931 — צלות יום הכפור	כלום אבל : ואתו דן פרדסה * וכל מנון מן אבדיל : בו מקום ופרניסו *
סוביל	1	0		0	פיוט #931 — צלות יום הכפור	שחוק * ולית כלה לה נטל : ודרכיו רחוקה * על כל אנש סוביל: ואו
וידביק	1	0		0	פיוט #931 — צלות יום הכפור	ולא במימר אני גדל: ואבי היה ידעיו * וידביק ‏ האליל : אוי ‏
ימשיל	1	0		0	פיוט #931 — צלות יום הכפור	זה מן מסכין * ועל מדעו הקליל : בי לית בדן לבדו * על המדע ימשיל:
ימיל	1	0		0	פיוט #931 — צלות יום הכפור	רק יצרך אן יקום * וערלת לבו ימיל : וינציר 'נצירה ייה * לבין ידי האל :
וררשתי	1	0		0	פיוט #932 — צלות יום הכפור	ונסתי מן רע חשבני: וררשתי מדרך הדרך * ובה שמתי רחצוני: על
תלמודע	1	0		0	פיוט #932 — צלות יום הכפור	בעין לבי ראיתי * דרוש דרך המדע: ינבך אן לא יהי * מן בעלי תלמודע :
ילכדה	1	0		0	פיוט #932 — צלות יום הכפור	ובפניו ילכדה : יבוא ימצא תמחו * ינבך בון המדע: ינשק ריח ניחח *
ואתקשר	1	0		0	פיוט #933 — צלות ‏ הכפור	ונפשי לה חשקת * ואתקשר בו עניני: מאז מה חכמתי ' נפשי מעודני:
קטרותיכם	1	0		0	פיוט #934 — צלות ‏ הכפור	לריח ניחח ליהוה * להקטיר קטרותיכם : על ‏ השובה * ותקריבו
הטאותיכם	1	0		0	פיוט #934 — צלות ‏ הכפור	אלה ויסלח * מכל הטאותיכם : אה דרושי עדן הקבול * הליצו מאתכם :
בשמחותיכם	1	0		0	פיוט #934 — צלות ‏ הכפור	שבתכם : ותחגו ותשובו * ותשבו 'בשמחותיכם : שבעת ימים תמימים *
הפליחן	1	0		0	פיוט #934 — צלות ‏ הכפור	תחת החטא * עד יופה על צלמו : מזרח הפליחן מדת 'דזרח משער
בשמירותך	1	0		0	פיוט #935 — צלות יום הכפור	'כתבך : הן שמרת' ועשית' * 'בשמירותך יפרך וירבך: וההית לקהל
לזברון	1	0		0	פיוט #937 — צלות יום הכפור	מזה לזברון * נסות תלימיו הדיל : אהרן הכהן הלוי * דלברכתה רבתה
רמחלל	1	0		0	פיוט #937 — צלות יום הכפור	כל 'רמחלל: מן העם על אשר * עשו את הענֿל: ויקהלו עליו * ועמון
עשח	1	0		0	פיוט #937 — צלות יום הכפור	מלחמה מה ילל : אוי 'למה אמרו לו * קום עשח' לנו עגל : וישכחו
חזיאל	1	0		0	פיוט #937 — צלות יום הכפור	אליצפן בני חזיאל * ואליהם מלל : קרבו ושאו את אחיכם * מאת פני
והשלישת	1	0		0	פיוט #937 — צלות יום הכפור	הלב * והשנית צריכה : תקום דחלה מנה * ולבון רע לא משכה: והשלישת
ומורידותו	1	0		0	פיוט #938 — צלות יום הכפור	דבר השלוי ומורידותו : ותדבר מרים ואהרן במשה * על אדות אתתו :
חעלו	1	0		0	פיוט #938 — צלות יום הכפור	חעלו * ויעפלו לעלותו : ומה היה מבתר * מן דבר קרח וכל עדתו : אתם
בחלילותו	1	0		0	פיוט #938 — צלות יום הכפור	בחלילותו : דמן מעבר הארץ הטובה * בדילון הות מנחותו: על מי
בצלותב	1	0		0	פיוט #938 — צלות יום הכפור	ואיש בקולי מה שמע: ולו לא מוצא משה * יקום בצלותב ובצומה:
מחריב	1	0		0	פיוט #939 — צלות יום הכפור	אתו בבור * והבור מן המים מחריב : ואחד ‏ עשרה * לא יוכל יקום על
יושיב	1	0		0	פיוט #939 — צלות יום הכפור	הסחר * 'עם האסורים יושיב : ואסורו חתמת נסותו * ’‏ בקבול אסב :
חז	1	0		0	פיוט #939 — צלות יום הכפור	מנה שביר מסב : והשיב אחיו לו לעבדים * ולא ישאו בפניו חז : במימרו
חשיבתם	1	0		0	פיוט #939 — צלות יום הכפור	אתם חשיבתם עלי רע * והאלהים לטובה חשיב : ‏ על מה עברו *
ואזדעת	1	0		0	פיוט #939 — צלות יום הכפור	ויבאו לפרעה ואזדעת 'חברותו: מן ראותם' והתמח * דעבדו לו בביתו ;
שמוצה	1	0		0	פיוט #940 — צלות יום הכפור	ברעב פן נפצה : ויפג לבו כי לא האמן להם * במה ידע כל שמוצה:
הפיצה	1	0		0	פיוט #940 — צלות יום הכפור	דרכך קרצה : לנוי גדול אשמך שם * וגוים גדלים מפניך הפיצה : ואעלך
וההמישת	1	0		0	פיוט #941 — צלות ‏ הכפור	רחל מולדות : בנימים ויתעצב לו * 'מרבהו במינקות : וההמישת ‏
ממציקות	1	0		0	פיוט #941 — צלות ‏ הכפור	ממציקות : לבו נא הגברים * רדו שם' במהרות : ושברו לנו משם' *
חבילה	1	0		0	פיוט #942 — צלות יום הכפור	כבדה מאר בבעלה: מות שרה אשתו * דהות באהבותו חבילה: וירץ
פנש	1	0		0	פיוט #942 — צלות יום הכפור	במקנה ובצאן יתרה : פנש את ‏ אחיו * ברכוש והנשים והזרע :
חאשי	1	0		0	פיוט #943 — צלות יום הכפור	רצית במשפטיו אמת * על חאשי כלילה : ואשלם לו הדבר ואתרחץ *
טשפטיו	1	0		0	פיוט #943 — צלות יום הכפור	‏ טשפטיו אתקבלה : ולא תימר אבי אהבי * מה בי בפרך יכולה ;
מדהשך	1	0		0	פיוט #943 — צלות יום הכפור	עשה בי מדהשך ושלח : ידך והרנני הרג * הנפש מני מתקבלה : על
פהרה	1	0		0	פיוט #944 — צלות יום הכפור	וממו דבר לא יגרע: ויהוה אלהיו עמו * ותרועת גאותו בו פהרה:
נומקה	1	0		0	פיוט #944 — צלות יום הכפור	‏ לזרעו נומקה : גזרת המרה ושרוה ממו * ‏ שובקה: הן
שובקה	1	0		0	פיוט #944 — צלות יום הכפור	‏ לזרעו נומקה : גזרת המרה ושרוה ממו * ‏ שובקה: הן
חנרי	1	0		0	פיוט #945 — צלות ‏ הכפור	חנרי שמע מני העצך * הרביעית מן נסות בן תרח: אברהם בעל
חניביו	1	0		0	פיוט #945 — צלות ‏ הכפור	שמו הנורא : וילק את חניביו * ילידי ביתו אמסרה: שמנה עשר ושלש
ראתרבת	1	0		0	פיוט #946 — צלות יום הכפור	השני מן בעלי הנפות * ראתרבת לון המיתובה : בן מהלילאל ירד * נסותו
מהלילאל	1	0		0	פיוט #946 — צלות יום הכפור	השני מן בעלי הנפות * ראתרבת לון המיתובה : בן מהלילאל ירד * נסותו
אמשילו	1	0		0	פיוט #946 — צלות יום הכפור	למי אמשילו : על מה ירצי לאלה * והרע בטוב אבדילו : ועשו הישר
ואגמילו	1	0		0	פיוט #946 — צלות יום הכפור	קבול * “ ‏ אלה ואגמילו : במוצא צדיק מחלציו * עמל מריח עמלו:
יניב	1	0		0	פיוט #946 — צלות יום הכפור	עליו והוא קעום * משים התשבחן גמלו ; לאלה ומקבל ממו * ובחנני יניב
לרזח	1	0		0	פיוט #947 — צלות יום הכפור	‏ עבודו : מתהלך ‏ לרזח היום * במה עשה ינידו וימלא
ואשתזי	1	0		0	פיוט #947 — צלות יום הכפור	והביא' עליו ועל זרעו המות * ואשתזי במאדו : בכי מתחסר על ‏ *
הגמילו	1	0		0	פיוט #948 — לאלה מתנזר במעמדו: בתפלה מאה שנה * 'מודי *חליפות פקודו	וירג אבל * ואתנצל מן רצונה : ואלה מן טב צדקתו * הגמילו טב מתנה :
תודיעך	1	0		0	פיוט #948 — לאלה מתנזר במעמדו: בתפלה מאה שנה * 'מודי *חליפות פקודו	תודיעך סוברה ובסרנה : והימים הראישונים * ממצרים ועד אנה ;
בוננותיי	1	0		0	פיוט #949 — צלות ‏ הכפֿור	ואצליח עבידתי: בין בעלי המדע * ומן בון בוננותיי: ויהי דברי כשיר *
יסתובר	1	0		0	פיוט #949 — צלות ‏ הכפֿור	וסוברה בו לאחותי : מי בעל נסות יגש * וישמע הדה שירתי : יסתובר
ועמידות	1	0		0	פיוט #949 — צלות ‏ הכפֿור	לפתח רחמיו * ועמידות מסכין עמדתי: בדחילה וב א רכנו * ונפשי
זריעון	1	0		0	פיוט #949 — צלות ‏ הכפֿור	נפֿרדו: זכאי הלכו שביליו * זריעון ירותי פקודו : ויתב לון שחוקי
ואזדועו	1	0		0	פיוט #949 — צלות ‏ הכפֿור	ויהי כאשר אכלו * הו ואשתו יחדו: ונפקחו עיני שניהם * ואזדועו
לנויותי	1	0		0	פיוט #950 — צלות יום הכפור	לבדו * הך רכב נשמותי: רוח עלה יעלה' * וישוב לנויותי: המיה וכל
וחקטיר	1	0		0	פיוט #952 — על מזבח הצלות * ומנחה חדשה	מן נסך הזמירות * וחקטיר מגרשה :
נורשה	1	0		0	פיוט #952 — על מזבח הצלות * ומנחה חדשה	חילה וכל דבלעדיו נורשה: אכן אכן עולמו * ועלמה לון אפרישה :
אתחפלת	1	0		0	פיוט #953 — צלות יום הכפור	שירתה אתחפלת * והמימר בה חתמתי: ואורכתי הדבר * ומן המוכח לא
וסמובי	1	0		0	פיוט #953 — צלות יום הכפור	וסמובי בצרותי: ונור עיני ולב לבי * ואל ראשי מצנפותי: אחי הגדול
תתפתיח	1	0		0	פיוט #953 — צלות יום הכפור	בטוב * ואוצרי טבה תה לו תתפתיח: ולא יחסכנן ממצאו * וישימו
תודיענו	1	0		0	פיוט #953 — צלות יום הכפור	תוריאנו לכל קשט וחכמת: תודיענו הדרך * ותפתח לנו דלת :
ישמיחך	1	0		0	פיוט #954 — צלות יום הכפור	ותראה מה ישמיחך * וכוכבך בסעד יניר: אל ירך לבבך אל תירא *
אזבר	1	0		0	פיוט #956 — ועני * והקים מימרך לנו: וסלחת לעונינו * ולחטאותינו ונחלתנו	ומה אזבר תהי נטור : האן דו מנו 'דידע * האן דו מנו דיתור : קדישות‎
והמצזה	1	0		0	פיוט #957 — צלות יום הכפור	קבל מן מרו * לוחות אבנים תרים : עם התורה והמצזה * בספר חמשה
צרקתך	1	0		0	פיוט #957 — צלות יום הכפור	רב צרקתך עמן * בדן המתנות הכשירים: בנביך ובכתבך * דבמדכרון
ייאפכו	1	0		0	פיוט #958 — צלות ‏ הכפור	המועדים * דבון נברכו : ישראל ובמקדומון האבלים ייאפכו : בשמחות
תיפר	1	0		0	פיוט #958 — צלות ‏ הכפור	לו תמכו: אנון השמש והירח * ויסודיו מתבני על הכוח; מרי לא תיפר
אשכיל	1	0		0	פיוט #959 — צלות יום הכפור	והיוביל : וצריקות מועדיך * בעדניון לך אשכיל: מי כמוך העם הנושע *
תושיען	1	0		0	פיוט #960 — צלות יום הכפור	קורתו * ותפלותו תושיען מן ארצם: ונמטי לגן עדן * ותרחו באפינן
וטביע	1	0		0	פיוט #960 — צלות יום הכפור	יום נקם וחשבנה : ויחשב הן היא תושיעו * בעלמה ועורנה: וטביע
ואסתדר	1	0		0	פיוט #961 — צלות יום הכפור	בה ואסתדר : וגלת לנו כל דעה * ודרך הרע מן איקר: ומרן מן טב
תצרק	1	0		0	פיוט #961 — צלות יום הכפור	תצרק * ראה מה אזכר : בדיל אדם בעת * למימר מרו מה' שמר :
ברמעות	1	0		0	פיוט #961 — צלות יום הכפור	ונד במדבר : ויבכי ברמעות דמים * ועל הגן יתחסר : ואוליד ‏ מקדם *
יכסיף	1	0		0	פיוט #961 — צלות יום הכפור	‏ עד מותר * דכרן משה בן עמרם: דכרן יכסיף הלב * *ויוסיף
התשיע	1	0		0	פיוט #962 — צלות יום הכפור	והרקיע התשיע * המתקרי סוביבה : לית לאחד עליו מימר * ונלא ממו
עטידה	1	0		0	פיוט #962 — צלות יום הכפור	ובארשו מדילה רכביה: בתוך השמים עטידה * בלא עמודיה: ובתר
ומרזח	1	0		0	פיוט #963 — צלות יום הכפור	בי הו רתי ומיטב ומרזח : מנה נדחל ויתה נרחם * ולה נשתעבד ונשבח :
סנרה	1	0		0	פיוט #963 — צלות יום הכפור	ותימר זבני הדעת * ימיה סנרה: מן חסר הידועים * ולא נבון ולא
אתלטר	1	0		0	פיוט #963 — צלות יום הכפור	ובמקומו שרא: ולית תימר הדעת הלכו אנשיו * כל ‏ אתלטר קרא:
נמחעתה	1	0		0	פיוט #963 — צלות יום הכפור	נמחעתה‎
יודיעני	1	0		0	פיוט #964 — צלות יום הכפור	טוב יסעדני * והו יהיה לי סמך : ולא ידעיו יודיעני * מה הי דרך המלך:
רתדרך	1	0		0	פיוט #964 — צלות יום הכפור	דרך תאבה: והנה אנכי עמך * ושמרתיך בררכי רתדרך בה: והשבתיך
משתמעים	1	0		0	פיוט #965 — צלות יום הכפור	יטיב לי ממללי * ויהונו משתמעים: פני כל נבון ‏ * והדרושים
זיקד	1	0		0	פיוט #966 — צלות ‏ הכפור	הגשם ירדי: שם ישמח לב המלך * זיקד ויסנד ויודי: ויימר אה חילה
גבירנן	1	0		0	פיוט #966 — צלות ‏ הכפור	אל ארכון זה הדר : גבירנן ומצנפת ראשינן * הכהן הגדול אלעזר : אלה
בכפירותו	1	0		0	פיוט #966 — צלות ‏ הכפור	יריך בחייו * ועלמה בכפירותו יעמר: ולא ישמים אלה מן ראותו '
תתשרשר	1	0		0	פיוט #966 — צלות ‏ הכפור	קדושה * בקנאת אביהם תתשרשר : לא תכרת עד לעלם * וקיאמון מקים
תרזח	1	0		0	פיוט #967 — צלות יום הכפור	תרזח לו מן עונו * ותפדי יתו מכל מום: ותטללו ברצונך * ותצילו
הסובבים	1	0		0	פיוט #967 — צלות יום הכפור	‏ שלם לך הרגריזים * ומן בך ‏ צמידי: יתחנו הסובבים בך * וישובו
מתיפדי	1	0		0	פיוט #967 — צלות יום הכפור	מתיפדי: ער יסור יום שבתה * דקרשיו כבדי: מה רבו מן מועד *
כפירותי	1	0		0	פיוט #968 — צלות ‏ הכפור	הכפרית * אתהפכת חזותו : במלים כתובים כפירותי 'ביכלות ‏
דלעזזאל	1	0		0	פיוט #968 — צלות ‏ הכפור	בחכמיתו ודעתו: על ראש השעיר * דלעזזאל שלח אתו: ואדם לא
לכפירותו	1	0		0	פיוט #968 — צלות ‏ הכפור	יצא הכהן לכפירותו: יעמד בנציר פני מרו * ויימר אהלין אמירותו:
והושיענו	1	0		0	פיוט #968 — צלות ‏ הכפור	ברית אבותינו: וצדק עלינו ברב חסדך * ופדי אפרינו: והושיענו
וצרקה	1	0		0	פיוט #968 — צלות ‏ הכפור	'בישועתך * ורחם דלותינו: וצרקה עבר לן מרן * ולא תגזי גמלינו:
נסתובר	1	0		0	פיוט #968 — צלות ‏ הכפור	לנו עמל טוב * נמצאו קמינו: נסתובר בו לפניך * וננחם נפשותינו:
מסובבים	1	0		0	פיוט #968 — צלות ‏ הכפור	נזכר יום מעמדנו: פני יהוה ערמים * מסובבים בנו עמלינו : מנו דיאחס
פוטיריה	1	0		0	פיוט #970 — צלות יום הכפור	יומיה: בתר מביא עומר התנופה * ממחרת שבת חנ פוטיריה: תחל
במרבר	1	0		0	פיוט #970 — צלות יום הכפור	מריריה : והשלישי באילים * אגלת סימנים תריה: והרביעי במרבר
סדיריה	1	0		0	פיוט #970 — צלות יום הכפור	בנשאן עמדים * בשפול ומעיל סדיריה : בשלישי משלישי * במחזי
ולפידיח	1	0		0	פיוט #970 — צלות יום הכפור	צפריה : הוה קולות וברקים * ואשתה ולפידיח: וחשך וענן וערפל *
אורזעת	1	0		0	פיוט #970 — צלות יום הכפור	‏ זה התמח * אורזעת מנון אבריה: ואתקשטו ואסידו * ואמרו
רמעי	1	0		0	פיוט #970 — צלות יום הכפור	קדשיה: ולא קהל קדיש חך ’‏ לה * אנון רמעי אמיה: על זה
תנידני	1	0		0	פיוט #970 — צלות יום הכפור	עורני הדרך תנידני * במה בעולם אתחדש: מן כל כלום טב * כל זבן
היוביל	1	0		0	פיוט #970 — צלות יום הכפור	היוביל * ולשני השמטות ארש: מסתמך בארבע מלים * כתובים
המתודעים	1	0		0	פיוט #971 — צלות יום הכפור	המדע * דבלבו אסתדר: מחכם צמות החדשים * המתודעים שנים
לזידנים	1	0		0	פיוט #973 — צלות ‏ הכפור	וקשטה לא יכסה * רק גלי בנהירותה : והקול יתי לזידנים * מן כסיאתה‎
והורר	1	0		0	פיוט #973 — צלות ‏ הכפור	בתבה רבה והורר : מן שומיה לארעה * ובנין המועדים יסד: על שני
יונל	1	0		0	פיוט #973 — צלות ‏ הכפור	מנדנד: מי יונל דמי לך * לא ‏ ולא מחמד; תתחני במה ‏ לך
וטפטף	1	0		0	פיוט #974 — צלות יוב הכפור	דרך הירא: דשרת עליהם הרוח * וטפטף עליון הנור וזרח: עד
ולשנבים	1	0		0	פיוט #974 — צלות יוב הכפור	הופיע * וזרח ממזרת : ודרס לגו האש * ולשנבים קרע: ועלה אל
ותונף	1	0		0	פיוט #975 — צלות יום הכפור	ותונף ותורם: על כל עמי הארץ * ועל כל מינה דאדם :
ויודיעני	1	0		0	פיוט #975 — צלות יום הכפור	ויודיעני במהלך בדרכה * אולי אמצא ללבי פשרו: ‏ אגיב למימרי
ואמשילך	1	0		0	פיוט #976 — צלות ‏ הכפור	ולידה הוא מעזר: ואמשילך על מה בו * מכל טוב ואיקר : ואקים‎
הפפיר	1	0		0	פיוט #976 — צלות ‏ הכפור	הדרך אשתזי * לכל איש גביר : לבו טהור נקיא * כלבנת הפפיר :
ובסובילו	1	0		0	פיוט #978 — צלות ‏ הכפור	ובסובילו יהי ננוד: כי לבו ריק מן החכמה * רק בו איל עקור:
גדור	1	0		0	פיוט #978 — צלות ‏ הכפור	דמי לשור בדישו * על ראשו גדור: פרקן רב בינו ובין בעל המדע *
יודיעו	1	0		0	פיוט #978 — צלות ‏ הכפור	מן החכמה * הך ‏ על אפוד : יודיעו בעודנות * עלמה עם חדוד:
וררש	1	0		0	פיוט #978 — צלות ‏ הכפור	וררש מודע הדרך * ופתח אוצר חתום: מלי מן החכמה * ממה דבו
דרכיאיהוה	1	0		0	פיוט #978 — צלות ‏ הכפור	דהפ ‏ אנת דרכיאיהוה הא טובי הלוכון : בי בו בהר יהום:
יסתירה	1	0		0	פיוט #981 — ר'ש'ת' נחתם ‏ השירה: דאמרתי קמיכון * אה סדרה המסתדרה	‏ על כל שמיע * 'למומותי יסתירה: וצדקתכון תסבל עבדכון *
יץ	1	0		0	פיוט #983 — ‏ קטרת הסמים: כהנה רבה אלעזר חליפת הרבנים השלמים	משכנה ויצא אליו כהנה * והו לבוש הצ יץ וה נ זרי: ‏ המלך
דלמניפה	1	0		0	פיוט #983 — ‏ קטרת הסמים: כהנה רבה אלעזר חליפת הרבנים השלמים	וגברי : שלם לך חליפת מן קנא * דלמניפה עצרי: שלם לך אה כהן
השבירי	1	0		0	פיוט #983 — ‏ קטרת הסמים: כהנה רבה אלעזר חליפת הרבנים השלמים	פיך תדבירי: סב טנאי מני * והטיב לבבי השבירי: ‏ הכהן יעננו *
דגליגאתו	1	0		0	פיוט #985 — זאת מימריה	על ‏ הרגל נתקומם * והלשן נשנרו; בגליגות דן יומה * דגליגאתו יתרו:
ואנצירו	1	0		0	פיוט #985 — זאת מימריה	ואנצירו: ובתהללות ירננו * ברמשו וצפרו: צעמים מערב עד ערב '
המשתברו	1	0		0	פיוט #985 — זאת מימריה	ומרו: וימר אימנותי בך יהוה * מיטיב הלבבים המשתברו: ובמשה
חציצר	1	0		0	פיוט #986 — צלות יום הכפור	חציצר מקים בקדש * ובכל ארצכם השופר : ומימר מקרא קדש * מן
ונליגאתו	1	0		0	פיוט #986 — צלות יום הכפור	נגש נפרש נימר * באהן יומה ונליגאתו: יום הסליחן והרחמים * דביום
דלעזזל	1	0		0	פיוט #986 — צלות יום הכפור	נוראותו: מה ימרו על ראש השעיר * 'דלעזזל בגורלותו : שם' ‏
חקבול	1	0		0	פיוט #986 — צלות יום הכפור	מרון * יתקבל מן הכהן כפירותו: ויהוה עליו חקבול * ויפתח ‏
בפליחות	1	0		0	פיוט #986 — צלות יום הכפור	השמח למרון * ויודו לו על טבהתו: וכל אחד לחברה יחנה * בפליחות
עשוריה	1	0		0	פיוט #986 — צלות יום הכפור	עשוריה: דבו הכהן ירחץ * מן מימי כיוריה: שני פעמים * בזאת
נוגעו	1	0		0	פיוט #986 — צלות יום הכפור	שיאליה: הראש בדיל מובאו * אל קדש קדשיה: והשני נוגעו בדם
כאחבע	1	0		0	פיוט #987 — צלות יום הכפור	רברבאן * כאחבע מועדים דבו אסתדר : וכארבע אקרי העולם * אש
וחציצר	1	0		0	פיוט #987 — צלות יום הכפור	יתקע בו בשופר : ובין השופר וחציצר * פרקן קמיך לו אפתר : כי
רמיתוביתון	1	0		0	פיוט #988 — צלות יום הכפור	רמיתוביתון כשרו: ‏ היותם' בפנותה * מן הטמאות יטהרו: וברצון
שמירותם	1	0		0	פיוט #988 — צלות יום הכפור	מרון ילכו * ומצותיו ישמרו: ‏ שמירותם ישמרון * בעלמה ובאחרו:
והמניפה	1	0		0	פיוט #988 — צלות יום הכפור	מעזרו : והשביעי ‏ תתגבר פנותה * והמניפה תעצרו : יהוה ברחמיו *
הגרח	1	0		0	פיוט #988 — צלות יום הכפור	הופיע מהר פראן * אנון בני הגרח : כמימרו וישב במדבר פראן '
הזוכרים	1	0		0	פיוט #988 — צלות יום הכפור	מדבר דברים * שמנה ותנינתה: אמרו הזוכרים * לית לן יכלתה: על
חזכרים	1	0		0	פיוט #988 — צלות יום הכפור	תורה צוה לנו משה * נבי חזכרים ונקבתה: הא כתב רב לית כותה *
ותקנלו	1	0		0	פיוט #988 — צלות יום הכפור	ותקנלו ;ך '
ולפיר	1	0		0	פיוט #989 — צלות יום הכפור	ומשלותה : ומימרו ולפיר אש * זה ישרי על קדש גבעתה: הרגריזים
ותלחט	1	0		0	פיוט #989 — צלות יום הכפור	ראו דן פרקנותה: בין תאכל ותלחט * ישור זה בעלי חכמתה: שם'
התגיעה	1	0		0	פיוט #991 — צלות ‏ הכפור	ביש יצרינו: ומן נפשנו התגיעה * על כן באה עלינו : כל הצרעה הזאת *
תדדש	1	0		0	פיוט #991 — צלות ‏ הכפור	ואן תדדש אה חברי ' זה הדבר תמטנו: אנחם על רעותך * אשר
אקטיר	1	0		0	פיוט #991 — צלות ‏ הכפור	מזבח השובה * אקטיר חלב תשבחתה: ואפרט עליו מן הצלות * שני
דצזיתני	1	0		0	פיוט #991 — צלות ‏ הכפור	‏ מצותיך * דצזיתני בתורותה: לא עברתי ממצותיך ‏ ולא בערתי
תתפוגג	1	0		0	פיוט #991 — צלות ‏ הכפור	תתפוגג נפשותינו: כי השובה לה דרכים * לית במימר הלשונו: רק
ישבירון	1	0		0	פיוט #992 — צלות יום הכפור	‏ עדן * לעבדה ולשמרים : ומרון מן רחמיו ורתותו * ישבירון שבירים ;
וצרקתך	1	0		0	פיוט #993 — צלות יום הכפור	לי חכמה ולא בינה * ועם זה לשני קציר: וצרקתך תסבל עבדך * ועברך
והשבירני	1	0		0	פיוט #993 — צלות יום הכפור	רוח ומדע * אדע בו עשוי ומכונני: ‏ השדים * אינקני והשבירני:
העליטני	1	0		0	פיוט #993 — צלות יום הכפור	עד עלו השדים בפמי * מן מזון אחר העליטני: ופקח חזותי * ומן אלמי
להשתחות	1	0		0	פיוט #994 — צלות ‏ הכפור	ריחותך * ולא תתן אבן מכשית: להשתחות לאל נכר סל וכל
שלמוית	1	0		0	פיוט #994 — צלות ‏ הכפור	אל נא תשית: ‏ חטאה * כות בן שלמוית : ולא תאבד נפשך
תשביר	1	0		0	פיוט #994 — צלות ‏ הכפור	תשיר: תפתח תרח תהותה * תיתי היום תשביר: מן כריה 'דלא פעת *
לצרבך	1	0		0	פיוט #994 — צלות ‏ הכפור	אשרך בן בכור * לא עבד ולא גר: לך בשנה זה היום * ייתי לצרבך
חדשיואת	1	0		0	פיוט #994 — צלות ‏ הכפור	ייסיר: ותצא ממו חדשיואת ‏ כוכב מניר: ‏ על זה אודאו*
לפליחן	1	0		0	פיוט #994 — צלות ‏ הכפור	מלי בופרי בו יתקע שופר דרור: לתהבים מן החובים * דו לפליחן
ואריריך	1	0		0	פיוט #994 — צלות ‏ הכפור	ברוך * ואריריך ארור:
ייעצר	1	0		0	פיוט #994 — צלות ‏ הכפור	וטוב לבב * ותתוזף חדו ואיקר: והרצון ירחף * והנגף ייעצר: ‏
וסנולי	1	0		0	פיוט #995 — צלות יום הכפור	מתחיל * ליתו קול עלי: וטובה אמר ירום נביי * ובן ביתי וסנולי: וקלין
משתמעות	1	0		0	פיוט #995 — צלות יום הכפור	משתמעות : כעצם השמים * מתגלים לראות: כתיבים באשתה * ביכלות
רביעות	1	0		0	פיוט #995 — צלות יום הכפור	רביעות: מובי התאבים * ידיון מלאות: ישיגון מימר סלח * כל ‏
תחליל	1	0		0	פיוט #995 — צלות יום הכפור	ואנציר בשובה * והטוב מן הרע אפרש : ובמעשה החל * לא תחליל
יפוד	1	0		0	פיוט #996 — צלות יום הכפור	באלוני ממריא: בו ‏ יפוד הזרע * כי 'ביצחק יקריא: בו בא יעקב *
יזדבד	1	0		0	פיוט #997 — צלות ‏ הכפור	יזדבד: עד ארבע עשר ימלא * וככן יהי מנדנד: כי הך ‏ ירר '
עדחו	1	0		0	פיוט #998 — צלות יום הכפור	עדחו : ‏ בגן ‏ * תחת טללי הרתו: ועליו רוח אלהים * שם יאמר
דזאן	1	0		0	פיוט #998 — צלות יום הכפור	דזאן : לחייך וחיב ‏ * תהי ‏ וסגד ומרכן: ומודי לו על מה ‏
חסוד	1	0		0	פיוט #1000 — צלות יום הכפור	אדם בתר * וכוננת בו חסוד: וקוממותו גבר שלם * נציב הך עמוד :
סנוד	1	0		0	פיוט #1000 — צלות יום הכפור	‏ סנוד: ופתח פמה ואמר * בלב מלי בלוד: לית אלה אלא אחד *
ואופח	1	0		0	פיוט #1000 — צלות יום הכפור	הנני מביא: עד ‏ סניל בזבנו * מן אברהם שביע : ואופח מופח
הוביח	1	0		0	פיוט #1000 — צלות יום הכפור	יפה * מן הקרבן דלא הוביח : ודרך כוכב מיעקב * וקם קדקד מן לוי :
יורח	1	0		0	פיוט #1001 — צלות יום הכפור	יורח אורו באיממה: ואחד מן עננו * יוריד טלה ונשמה: ואחד יערף
ושמילה	1	0		0	פיוט #1001 — צלות יום הכפור	ימינה ושמילה: כל כוכב על בנותו * עד יכרת מגדלה: ושבעה כל
וראח	1	0		0	פיוט #1003 — ‏ מימרי אקרי * בשם ייהיויה	נבוא נדרש בו דבר * אסתכל אה חברי וראח
ידועי	1	0		0	פיוט #1003 — ‏ מימרי אקרי * בשם ייהיויה	דעה כל ידועי * ‏ רעתו תעה
תודיעני	1	0		0	פיוט #1003 — ‏ מימרי אקרי * בשם ייהיויה	תודיעני קשיטות השט * תשיג אל מדעי: רז מודע דעתו * בארבע סודים
לכפירותם	1	0		0	פיוט #1003 — ‏ מימרי אקרי * בשם ייהיויה	תחת טללי כפירותו * בזה היום לכפירותם: ורז זה מן עובדי ארשיו *
חקדש	1	0		0	פיוט #1003 — ‏ מימרי אקרי * בשם ייהיויה	אל חקדש בפר ואיל * וכפר על ישראל מטמאתם : ‏ שני
ודלעזזל	1	0		0	פיוט #1003 — ‏ מימרי אקרי * בשם ייהיויה	השעירים * וישליך גורלותם: ודלעזזל יעמיד חי * והתודה עליו עשותם:
הקשור	1	0		0	פיוט #1003 — ‏ מימרי אקרי * בשם ייהיויה	עולם * מטיה מן אבותו: והוא המיתר הקשור * דאתשרשר לו בריתו:
דאתשרשר	1	0		0	פיוט #1003 — ‏ מימרי אקרי * בשם ייהיויה	עולם * מטיה מן אבותו: והוא המיתר הקשור * דאתשרשר לו בריתו:
גליגותו	1	0		0	פיוט #1003 — ‏ מימרי אקרי * בשם ייהיויה	בינם * במשפטי תורותו: ולו עובדים סגי מכן * במפרט גליגותו: יהוה
אצטמתי	1	0		0	פיוט #1003 — ‏ מימרי אקרי * בשם ייהיויה	מה אצטמתי מן דברי הדת ומגירותו: והמום בה עלי לא עליו * ולו
ראחז	1	0		0	פיוט #1003 — ‏ מימרי אקרי * בשם ייהיויה	עפרה ראחז קברתו; וילא עיניה בחזות * דבוק מיתוביתו: וסגול בזה
יואה	1	0		0	פיוט #1004 — צלות ‏ הכפור	מקום ידעו * יעמד בו ויעתר: עד ‏ צלותה יואה איקר רב עד
דמשתמר	1	0		0	פיוט #1006 — צלות ‏ הכפור	קשטה דמשתמר * ביד קשיטים לא סרוחים: מן אחד לאהד ‘ ‏
קולותיון	1	0		0	פיוט #1006 — צלות ‏ הכפור	ויתקוממו * ארך הליל קולותיון תלוים : בשיראן ותהללות עד בקר * ומן
הזבוחים	1	0		0	פיוט #1006 — צלות ‏ הכפור	הזבוחים: וביום פגולה יתוספו טהרה * ועיני הדבבים לון חזוים : ואנון
יתוספו	1	0		0	פיוט #1006 — צלות ‏ הכפור	הזבוחים: וביום פגולה יתוספו טהרה * ועיני הדבבים לון חזוים : ואנון
זבוחים	1	0		0	פיוט #1006 — צלות ‏ הכפור	דאנון בה זבוחים: ‏ יסק הכהן ירשי בעובדו * ועיני הכל לו צפוים :
פוקיד	1	0		0	פיוט #1007 — צלות יום הכפור	נכונים: ועליהון פוקיד אחד * דלו קיאמים ממנים: ‏ אקר ומנה
קי	1	0		0	פיוט #1007 — צלות יום הכפור	העדנים: ואנון הי קי וחמשה וארבעים * קדמיך מתמנים : פרים מאה
ושישים	1	0		0	פיוט #1007 — צלות יום הכפור	וארבע עשרי ולון זבנים מתעינים: וכבשים גי ק' ואחד ושישים *
ולובח	1	0		0	פיוט #1007 — צלות יום הכפור	עשר נתינים : ולבכורים אחד עשר * ולובח השלמים שנים : ומוסף ‏
השישי	1	0		0	פיוט #1007 — צלות יום הכפור	במגרע אי מן המנינים: וביום השישי הי וכ* * וביום השביעי די וכ:
בעובר	1	0		0	פיוט #1007 — צלות יום הכפור	בעובר בל מועד ומועד * וראשם שבתה : רקדשה מרה מן ריש * בריתה
רקדשה	1	0		0	פיוט #1007 — צלות יום הכפור	בעובר בל מועד ומועד * וראשם שבתה : רקדשה מרה מן ריש * בריתה
שמירתו	1	0		0	פיוט #1007 — צלות יום הכפור	גביר אנשה * וגלא שמירתו לאמתה : על זה היתוב דמתעתק * עובדו
בחדבתה	1	0		0	פיוט #1007 — צלות יום הכפור	‏ די יכלתה: ותתנצל מן גועיה * ותטהר ותקדם בחדבתה: ותלבש
גלגתה	1	0		0	פיוט #1007 — צלות יום הכפור	בגדים אחרים * מן בגדי גלגתה : ותצלי רמשה ותקרי * קצי שבתה
בריחקך	1	0		0	פיוט #1008 — צלות יום הכפור	חובך: ומנון מה יתעבד בכל ‏ * בריחקך וקרובך: ומנון מה הוא
תפובבך	1	0		0	פיוט #1008 — צלות יום הכפור	ועלמה אהן ‏ לעורנה * ושומיה וארעה תפובבך; זה לעבודה ועורנה
תולר	1	0		0	פיוט #1008 — צלות יום הכפור	עם ישראל אשרךי ומה לך אתעבד: מן אקרי הקדשים * מן טרם תולר:
תצטמד	1	0		0	פיוט #1008 — צלות יום הכפור	ועת תצטמד שבעה * היובל יתחדד: וששת יומי המצות * והשביעי בו
אתננד	1	0		0	פיוט #1008 — צלות יום הכפור	ושבעה שבעות תספר לך * ובכל שבוע אתננד: תמח מן התמחות '
הגליגה	1	0		0	פיוט #1009 — צלות ‏ הכפור	בהדורות דאזלו והבאים : וקראה יתכון בשמות * על כנפי הגליגה
דאננדו	1	0		0	פיוט #1009 — צלות ‏ הכפור	ממלאים : דאננדו יתכון ממצרים * ובאדיון אתכפתו השנאים: ואביא
פנעים	1	0		0	פיוט #1009 — צלות ‏ הכפור	אתכם אליי כי לי בכם פנעים: עתדתי לכם מאומות * עורניכון מנה
משתברה	1	0		0	פיוט #1010 — צלות יום הכפור	ושרב רב בו שרא: ועינו תראה ותבכי * ודו מן השנא משתברה:
דגביל	1	0		0	פיוט #1010 — צלות יום הכפור	לסגילות הסגולים : הקרובים אל עבודון * דגביל ‏ גבולים: על אד
מפידים	1	0		0	פיוט #1010 — צלות יום הכפור	מפידים על קשיטות היכולה * במאומות גלים : במרתה אמתק לון המים *
יתרויונתן	1	0		0	פיוט #1012 — אהיה * זה ‏ חדש לא בלי	אתמר לה * לעיני ישראל ועמו: ושב משה אל יתרויונתן לו מה
הגלוג	1	0		0	פיוט #1013 — צלות יום הכפֿור	הגלוג * מה לא אמטי ממללי: אמלל מעט מנה * ולא בדוי קבלי: ויהי
קשורי	1	0		0	פיוט #1014 — צלות יום הכפור	בזבן ממצאותו: קשורי מיתר הברית * דבוקי קשיטותו: דור בתר דור
סימואתו	1	0		0	פיוט #1014 — צלות יום הכפור	נוראותו: בארבעתי הפאות * ונגלת סימואתו: ואתחדש ‏ ממצאו
בצורעת	1	0		0	פיוט #1014 — צלות יום הכפור	מוקר * בצורעת אנשה יקיר: לא ראיתי באנשה כותו * וצלם הרוח עליו
אזדזעת	1	0		0	פיוט #1014 — צלות יום הכפור	הדיר: אזדזעת אברי מן ראותו * ודרשתי מפניו אסתיר: מן רב אימתה
צורעתו	1	0		0	פיוט #1014 — צלות יום הכפור	‏ דוביר: ימלל על מה עמינן * לא הדיר ולא אשפיר: מן צורעתו
עטיר	1	0		0	פיוט #1014 — צלות יום הכפור	מרדרור עטיר: ועת יתגלי מן בשרו מעטי מנה עלמה תניר: כמה
יופיע	1	0		0	פיוט #1014 — צלות יום הכפור	יופיע הברק * וכד יסתר יסתיר: והנגלא מעמי עליו * הן הו בנפשה .£
תלימאתי	1	0		0	פיוט #1014 — צלות יום הכפור	מתיטב בגליגאתו * רב מן תלימאתי דאדכרת: וכל דאמרו ‏
ביחדאהו	1	0		0	פיוט #1015 — צלות יום הכפור	חייהון מעט מעט יגעו: ותמידותה לעבודה דכלה * המתפרד ביחדאהו:
אוציאו	1	0		0	פיוט #1015 — צלות יום הכפור	עת אוציאו מן הגן * ואסגיר בתרו התרח: אשתיר כביב נביך * תעי
ואסגיר	1	0		0	פיוט #1015 — צלות יום הכפור	עת אוציאו מן הגן * ואסגיר בתרו התרח: אשתיר כביב נביך * תעי
ייחזק	1	0		0	פיוט #1015 — צלות יום הכפור	מה זכר עודניה * ומה הוה בו מן איקרה: ייחזק עליו הדבר * וכיתנתו
שקיחיה	1	0		0	פיוט #1017 — ‏ חליפתה בארעה * 'בבליל שלטנותה מתכלל	ואמר בנפשו לית זאת העברה * בלא עבוד שקיחיה: ואהן היא ‏
וטעיל	1	0		0	פיוט #1017 — ‏ חליפתה בארעה * 'בבליל שלטנותה מתכלל	משרוה * בארעה ‏ 'בשומיה: ועפל וטעיל בענינה * לאקריה ואפרחיה:
קטרותינו	1	0		0	פיוט #1018 — צלות ‏ הכפור	ציאם נצום ‏ בירא * ונקטיר קטרותינו : ונתקע שופר דרורהי אולי נמצא
סוברותינו	1	0		0	פיוט #1018 — צלות ‏ הכפור	שירות נשיר שירה * תשמח בה' לבבינו : היא זאת השירה * 'דבה סוברותינו :
תסתירה	1	0		0	פיוט #1018 — צלות ‏ הכפור	טב לך ‏ תשמרה * ישמרך אלהינו: 'בדעתך תסתירה * ותפשט עררינו:
המזדרמים	1	0		0	פיוט #1019 — צלות יום הכפור	* אה העם המזדרמים : תפשטו עדר שמשכון‎ * ואשמים : ואשול‎
ננצירה	1	0		0	פיוט #1019 — צלות יום הכפור	נפשותינו ננצירה * פני אלהינו: והשובה נמהרה * ונרים פללינו : אולי נמצא
וגיותינו	1	0		0	פיוט #1019 — צלות יום הכפור	על פתח הנורא * נעמד כלנו: ונשוב שובה יתרה * בכל מאודינו : וגיותינו
ישבירה	1	0		0	פיוט #1019 — צלות יום הכפור	נטהרה * עד נמצא לנפשותינו: יוסף בן פרת ישבירה * ובזה יקים לנו :
ופביבו	1	0		0	פיוט #1020 — צלות ‏ הכפור	הסגולים בו: מבלעדי כל העמים * אשר בארץ ופביבו : ינוזו לגן עדן *
ינוזו	1	0		0	פיוט #1020 — צלות ‏ הכפור	הסגולים בו: מבלעדי כל העמים * אשר בארץ ופביבו : ינוזו לגן עדן *
וחדבו	1	0		0	פיוט #1020 — צלות ‏ הכפור	בשיראן ותשבחן * בשמח וחדבו: אכלים הקרבן * על חקותיו דאתיתבו:
וחפד	1	0		0	פיוט #1020 — צלות ‏ הכפור	דו מועד לא כמועד: ושבת לא ‏ * וחפד לא כחסר: דו מלך
חרטמיהם	1	0		0	פיוט #1022 — הברית קומה: במועד הזה למועדה * מימים ימימה	המכתבים אשר * חרטמיהם שקרו : והכהן הגדול * המשל בדרו: כל יום
והידועים	1	0		0	פיוט #1022 — הברית קומה: במועד הזה למועדה * מימים ימימה	לא יאמרו הזעורים * זה בלו שקרי: והידועים ישמחו בו * דידעו באקרי;
ותזדזע	1	0		0	פיוט #1022 — הברית קומה: במועד הזה למועדה * מימים ימימה	הסכית ושמע ישראל * עד אני אשרי : בזכרון ‏ נקם * ותזדזע אברי :
ונוע	1	0		0	פיוט #1022 — הברית קומה: במועד הזה למועדה * מימים ימימה	ונוע כל בשר * ‏ אימת אל ישרי; ויראה כבוד יהוה * ויאמר במימרי:
לזרוקי	1	0		0	פיוט #1023 — צלות יום הכפור	לזרוקי דמה : ואני עם זה וזה * לא עשיתי מאומה: ולא שכחתי דבר *
ררפוך	1	0		0	פיוט #1023 — צלות יום הכפור	‏ מלחמה: והן ררפוך הגוים * עבד לך מאומה : וקרי קצת ויוסף '
יגלג	1	0		0	פיוט #1024 — צלות ‏ הכפור	טובי: מן יגלג לשנו * 'בדכרן זה הנביא: 'דכל הבריה קמת * בעבורו
אעביף	1	0		0	פיוט #1024 — צלות ‏ הכפור	ענן עבי: וההר בער באש * מאד עד לבבי: השמים והנה * * אעביף ‏
פניויונתן	1	0		0	פיוט #1024 — צלות ‏ הכפור	טובי: וירד יהוה בענן * ויתיצב 'עם הנבי: עבר על פניויונתן לו
בחדבי	1	0		0	פיוט #1024 — צלות ‏ הכפור	כתבי: ”‏ דברי הברית * כרת עמה בחדבי: ומאז רד יהוה בענן *
המצזי	1	0		0	פיוט #1024 — צלות ‏ הכפור	פניו * עד עשה המצזי: ונתן על ‏ * וזה גלי בין יושבי: הארץ
וכובבו	1	0		0	פיוט #1024 — צלות ‏ הכפור	וארעה * וכובבו בתוך שמימותו: ועת יגדל זה התהב * תתגלי זכותו:
וחתרברב	1	0		0	פיוט #1024 — צלות ‏ הכפור	מה טבו אהליך תהבה * ומה רב שכינותו: יזל מים מדליו * וחתרברב
מנוג	1	0		0	פיוט #1024 — צלות ‏ הכפור	עצמותו : וירום מנוג מלכו * ותתנשא מלכותו : וימלך אחד עשר גוים *
חבשר	1	0		0	פיוט #1025 — צלות ‏ הכפור	ביומה חמישה באיקר: וחתם הכל 'בגדלו * באבי כל חבשר: הו אדם
וצזהו	1	0		0	פיוט #1025 — צלות ‏ הכפור	והצלם * ואלבשו מר: ‏ על ראשו * וצזהו במשמרי קדוש ‏
השרוף	1	0		0	פיוט #1025 — צלות ‏ הכפור	עדן * לעברה ולשמר: ועבד מה ‏ * בעת ‏ דבר: הנחש השרוף *
תררש	1	0		0	פיוט #1025 — צלות ‏ הכפור	לא אפתרו גלי * רק אפתר מדכר משה: והן תררש אפתרו לך * עמד
יצרבון	1	0		0	פיוט #1025 — צלות ‏ הכפור	יצרבון למשתה * בפם ישפע ימים: והזבן לא ימוש * בין שני הימים:
ארפכשר	1	0		0	פיוט #1026 — צלות יום הכפור	היה' מקדם * ואן לא יהי מבתר: כי ארפכשר ילד את שלח * ושלח
ואציב	1	0		0	פיוט #1026 — צלות יום הכפור	ילד את עבר: ופלג ‏ את הארי * ואציב גבולות על מספר; כי אלה
ימיצהו	1	0		0	פיוט #1026 — צלות יום הכפור	ישוב המים: ילך אל אתרו * כאבותיך התמים: ימיצהו * ונצע גוים
הציצר	1	0		0	פיוט #1027 — צלות יום הכפור	אדכר עובד טבאתה * הב עלי מדכרו: ‏ הציצר בירי * ואתקע
ויגזע	1	0		0	פיוט #1027 — צלות יום הכפור	אשר בחרו : והנני משחיתם * ויגזע כל בשר וישארו: אנשים במחנה' *
הסטברו	1	0		0	פיוט #1027 — צלות יום הכפור	ובמו השחר עלה * גפרית ואש הסטברו: ושחת ארצה ותשחת * הארץ
וצריקותו	1	0		0	פיוט #1028 — צלות יום הכפור	תמצא זה וצריקותו : והקריב את אשר לחטאת ראישון * זה הי תורותו:
עביראתו	1	0		0	פיוט #1028 — צלות יום הכפור	'עביראתו: ובקשת משם את יהוה * אלהיך ומצאתו:
ערירי	1	0		0	פיוט #1029 — צלות ‏ הכפור	ולאבהתי * ולמלמדי ולספרי: מרי לא תמית יתי ערירי * ולא תשרף לבי
זילך	1	0		0	פיוט #1029 — צלות ‏ הכפור	תימר * משה ליתו שליח: זילך מנו דזעקה אלהי ואמר לו עלה אלי:
יחדאית	1	0		0	פיוט #1030 — צלות יום הכפור	יחדאית: והשלישי 'כתבה רבה * 'דרד ביומה דבו עמית: מראה כבוד
רמשבנה	1	0		0	פיוט #1030 — צלות יום הכפור	'רמשבנה בממציחתו. * והארון ממחצית : בוצינת מנורתו תוקד * 'בשמן
בממציחתו	1	0		0	פיוט #1030 — צלות יום הכפור	'רמשבנה בממציחתו. * והארון ממחצית : בוצינת מנורתו תוקד * 'בשמן
כריתית	1	0		0	פיוט #1030 — צלות יום הכפור	בה בכית: אן אתריח אלה * יכתב לה 'ספר כריתית : ושלחה מביתו *
קדקרך	1	0		0	פיוט #1030 — צלות יום הכפור	'מיסרך: דעל ‏ יראה כל זכורך: ‏ עלי אזכר * קדקרך
דזאזינו	1	0		0	פיוט #1030 — צלות יום הכפור	דזאזינו השמים * ואדברה דברי * ומה הו זה הדבר *' אלא ‏
ורברי	1	0		0	פיוט #1030 — צלות יום הכפור	ברתת ואתת ואמרת * עבודי ורברי; שמני להלך להאיר * וכל אור
הסגור	1	0		0	פיוט #1030 — צלות יום הכפור	יהי אור ויהי אור: בבניאן תרחת * יפתח הסגור: ככן באחד ביייטי
ביייטי	1	0		0	פיוט #1030 — צלות יום הכפור	יהי אור ויהי אור: בבניאן תרחת * יפתח הסגור: ככן באחד ביייטי
קיויבי	1	0		0	פיוט #1030 — צלות יום הכפור	יתן מטר עצור: 'בשמירות קיויבי נצא מן בית האסור: בם ובכם
יושיעו	1	0		0	פיוט #1030 — צלות יום הכפור	המשפט * ממנו לא תסור: מן לו מושיע יושיעו מן צר * ויהי לו צור;
ושלג	1	0		0	פיוט #1031 — צלות יום הכפור	במיני הגשם * מטר ושלג וברד :
ניהפכו	1	0		0	פיוט #1031 — צלות יום הכפור	ניהפכו אהלין בעדניון * לא ימושו עליו עד :
ותסתדר	1	0		0	פיוט #1033 — בשן: והמימר על זה יתמר * ישר הוֹיך ממן	השמיני אשר: בו תעמד מתחת * ותעל ותסתדר: בצלותך אנה * ומן
ותגיב	1	0		0	פיוט #1033 — בשן: והמימר על זה יתמר * ישר הוֹיך ממן	לו מימר יימר: והמכתב יתפתח * והמגפה תעצר: והבהן יברך * ותגיב
ראכתבת	1	0		0	פיוט #1033 — בשן: והמימר על זה יתמר * ישר הוֹיך ממן	בניך ובניו * יום אשר עמדת : תדיר כד 'דקרי * מליה ראכתבת : תמונת
עמידותך	1	0		0	פיוט #1034 — צלות ‏ הכפור	מותך: אל יום אחריתך * אל יום עמידותך: לבין ידי מרך * תתגלי
ישמיע	1	0		0	פיוט #1034 — צלות ‏ הכפור	ויקרא מלאך אלהים * מקרא ישמיע' יתך: חרבת' משרוי * אתר סגדתך :
רתואתך	1	0		0	פיוט #1034 — צלות ‏ הכפור	מחרון אפך * 'בזרוז רתואתך : שוב מחרון אפך * והסיר קצפך ומניפותך :
ויפקירהו	1	0		0	פיוט #1034 — צלות ‏ הכפור	לא 'הפֿיך את עיניו: ויצא מזה היום * ויפקירהו אדניו: בעשות מועד
וקטיר	1	0		0	פיוט #1035 — צלות יום הכפור	אל אהל מועד * וקטיר המזבחה: ריח ניחח ושלמים * תריח וניר
מרהפין	1	0		0	פיוט #1036 — צלות יום הכפור	וכנוש: מלאביה 'מרהפין * יתחני הדרוש: בוה היום כי ממו * יצא
יובילי	1	0		0	פיוט #1036 — צלות יום הכפור	במימר ‏ חשבן קשטה אשר * יאמרו הן יובילי העולם עליו *
וסליחית	1	0		0	פיוט #1036 — צלות יום הכפור	כל אשר בה : ולית זה לבדו * ולא אלא היש בה: כפירות וסליחית *
דלודיעך	1	0		0	פיוט #1037 — צלות יום הכפור	קדום : דלודיעך במפרש * על יד נביא עצום : נביה רבה משה אשרי
חמועדים	1	0		0	פיוט #1037 — צלות יום הכפור	לבל מן חמועדים * נא נפרש כפרוש: מה אתקדם בזאת * זכרונו מן ראש:
רנוש	1	0		0	פיוט #1037 — צלות יום הכפור	רנוש: בו קם רעי אבן ישראל * טוב מי אליו דרוש: בו פקד יהוה
מלקוש	1	0		0	פיוט #1037 — צלות יום הכפור	ועשה הפסח בעתו * לא יורא ולא מלקוש: לית כזבח עורנך * דהלף
פדוש	1	0		0	פיוט #1037 — צלות יום הכפור	ידו פדוש: בכהנה בברכה * הגדלה על ראש : בני ישראל ושני * הכרובים
הוריאךי	1	0		0	פיוט #1038 — צלות יום הכפור	הוריאךי הך ‏ והך זאת: זאת סוביב בה מנוח * מנחיה 'ביחדאות:
מצזה	1	0		0	פיוט #1039 — צלות יום הכפור	המועד 'דיתעבד * באשר 'מצזה: והממלל מתקצר אנה * עד לא יאמרו
סוביבו	1	0		0	פיוט #1039 — צלות יום הכפור	רכבו * 'בשמימיו ויכיר: סוד סגיל סוביבו * סוף ראה לו סופיר: דור
סניר	1	0		0	פיוט #1039 — צלות יום הכפור	ספיר: ואחד ילך 'בדרכיו * ומדבריו סניר: ואחד ישב כתושב * לא
פע	1	0		0	פיוט #1040 — צלות יום הכפור	וישביר * מן בריה דלא פע: ומה לאוי אז'החל * לקחת' מזה ולתת ;
מסנרת	1	0		0	פיוט #1040 — צלות יום הכפור	לו מסנרת: ודלא יזכר בערב * יזכר ממחרת: ודיגדל ממדכר * והיה
רמימרו	1	0		0	פיוט #1040 — צלות יום הכפור	רמימרו יערף * כמטר לקחי: דכל מימיו מים חיים * וכל ‏ דסבע
חדבר	1	0		0	פיוט #1040 — צלות יום הכפור	וצריקות מובאי: ‏ חדבר לו ‏ * כי כל מן יראה': אלהים לו
נשיב	1	0		0	פיוט #1040 — צלות יום הכפור	נלך דרך מדרשין * נשיב דבר האמור:
שירתח	1	0		0	פיוט #1040 — צלות יום הכפור	ייתי לחכמה מקור : וזאת שירתח כטל * גביר לכל שבור: והיא כאיש החכום
והלמש	1	0		0	פיוט #1040 — צלות יום הכפור	בין העוף והלמש * אשר במים רמש : בין הבהמה והחיה * זה 'ברש וזה
וגיר	1	0		0	פיוט #1040 — צלות יום הכפור	לפרכת : ויבא דלא על מודע * וגיר דלא מן עת: ויפתח אוצר
ומלופוט	1	0		0	פיוט #1042 — אלהים יסתגד ‏ - , ותמר ישתבח	רב אלה , ‏ וכי בשם ויתרבי ‏ ומלופוט
זילנים	1	0		0	פיוט #1042 — אלהים יסתגד ‏ - , ותמר ישתבח	אני אל שדי ' לעתירים ולאביונים: התהלך לפני * ונוס מן זילנים: ‏
תובהבים	1	0		0	פיוט #1042 — אלהים יסתגד ‏ - , ותמר ישתבח	תובהבים יצא ממו פתור:‎
נשתחזי	1	0		0	פיוט #1043 — צלות יום הכפור	נשתחזי אלא לו לבדו: כי יהוה הוא האלהים * אין עוד מלבדו:
מקציפים	1	0		0	פיוט #1044 — צלות יום הכפור	אנחנו רעים * וחטאים מקציפים: ורחמיך על כל * עונינו עדפים: יהוה
ושוזבי	1	0		0	פיוט #1045 — צלות ‏ הכפור	צפרתי מהם יתום * ולא אמתן להבי: אלא אהן כוכבה * 'דלמדני ושוזבי:
יצזה	1	0		0	פיוט #1045 — צלות ‏ הכפור	יגזי יהוה גמלו בטוב : והברכה לו יצזה': והנה נתן גדלות * ורוממות לאל
וחארץ	1	0		0	פיוט #1045 — צלות ‏ הכפור	השמים וחארץ * הים וכל אשר בם : עם הדורות אתה * ‏ חליפותם : לא
מחדישם	1	0		0	פיוט #1045 — צלות ‏ הכפור	אחת * תדע כל צפינותם: ובפעם אחת * תתן משלותם : ואתה מחדישם *
חבמתם	1	0		0	פיוט #1045 — צלות ‏ הכפור	כל החכומים * בכל חבמתם: וכל הנבונים * בכל בינתם: לא תודיע
בזזעוים	1	0		0	פיוט #1045 — צלות ‏ הכפור	'רמחכמה * באבדנות כל מוחים: אדם לא תיבל מנה' * תשרי 'בזזעוים:
יובקדוש	1	0		0	פיוט #1047 — צלות יום הכפור	יתברך * ומשמה יברכנו: וחילה רחמנה * 'ברחמיו יקבלנו: יובקדוש שמו
לגזיותיכם	1	0		0	פיוט #1048 — במימרינו: בי בשם יהוה אקרא * והבו גדל לאלהינו	והשנים דביקים בכם: זה בו אנחו לגזיותיכם * וזה בו ענות לנפשותיכם :
סישיתי	1	0		0	פיוט #1050 — צלות יום הכפור	א-סישיתי *‎ “ אלה רב ולית‎
מהס	1	0		0	פיוט #1050 — צלות יום הכפור	å, ‏ אלה רב ינשקו המכתבים כל הקהלי יהוה יסגי מהס אמן .‏ נ ‏ *
ברכאתך	1	0		0	פיוט #1051 — צלות לילת חדה מפוק השבת	יתפלל בהם * תניפהו תנופה * אהיה ברכאתך * עלינו אספה * כי חרב
משכילים	1	0		0	פיוט #1052 — צלות לילת חדה מפוק השבת	: נירות משבחים * בעלמה הושמו * משכילים מבדילים * למן רבו ועצמו *
אתבוגנו	1	0		0	פיוט #1052 — צלות לילת חדה מפוק השבת	תטרף מסכיניםי לתשבחתך אתבוגנו * ולא תסתיר פניך * פני מן אליך
נסתכלו	1	0		0	פיוט #1052 — צלות לילת חדה מפוק השבת	בי אמנותך מיטב * למיטב עמלו * והסהד נסתכלו * בכתבה וממללן *
ואהוח	1	0		0	פיוט #1053 — צלות לילת חדה מפוק השבת	שלמה * ואהוח לן ברחמיך * מן אהן ארצמה * כי המשפט לך באחרית *
הציעם	1	0		0	פיוט #1054 — צלות לילת חדה מפוק השבת	זהרה ושמשה סהדין: לית כותה ומלבר מנה * יום הציעם דזומנה: לא
שומיח	1	0		0	פיוט #1062 — ויהוה אלה וכימי מן מימר אדונן אבישע רצון יהוה עליו	הנירות ערבו * ארשי כהניה : בהם תתברכו * וישקף מן שומיח ;
קותמים	1	0		0	פיוט #1063 — ‏ שבת עשרת יומי הסליחות	ואכלתי * שלשה קותמים מכל: וקמתי על רגלי * ואמרתי בחייך אה סהבי:
ולדביקים	1	0		0	פיוט #1063 — ‏ שבת עשרת יומי הסליחות	לי ברוך יהוה * לתפושי דתי: ולדביקים בו * ולשמורי תורותי: ובין מה
ומודיע	1	0		0	פיוט #1063 — ‏ שבת עשרת יומי הסליחות	בעתו * ומודיע ישראל: והך מה אני נבי * ואחי אהרן כהן: כן זה נבי
שורד	1	0		0	פיוט #1063 — ‏ שבת עשרת יומי הסליחות	וצבאיו * בידיו סמיכים: ויחתם משה צלותו שורד מן השמים : אל ראש
עלמהג	1	0		0	פיוט #1066 — צלות ‏ עשרת ‘ ‏ הסליחות	אתהו דבריך עלמהג ₪ ‏ שג ‏
והוג	1	0		0	פיוט #1072 — רב אלה , וכי בשם וישרו אלקטף '	וישם אלהנו זה השבת אשר הו שבת עשרת יומי הסליחות: והוג
ושתבח	1	0		0	פיוט #1072 — רב אלה , וכי בשם וישרו אלקטף '	הנכבד ‏ ושתבח ‏ מימר זקן ישראל אברהם
צזי	1	0		0	פיוט #1075 — הבליל : ועל ידו אפרש לכם * זה השבת הגדיל	לאמר : צזי את בני ישראל ‏
ותצטמת	1	0		0	פיוט #1077 — עבודה דעלמה תסתגד ותשתבח וישתבח	בגדלו יצמח עשב הטוב * ובפרדיס לבך לו יטע: ותצטמת ברצון קרוב *
ברחוקך	1	0		0	פיוט #1078 — ומקדש ומרקה אתהו חדה וישתבח	הקרבן * תקרבך אל רבך: טובך תשימה בנצירו מלב ומנפש * ברחוקך
אילימיניסיעי	1	0		0	פיוט #1079 — צלות עשרת יומי הסליחות צפרה	‏ אילימיניסיעי
איפיציקיריש	1	0		0	פיוט #1079 — צלות עשרת יומי הסליחות צפרה	שע ‏ איפיציקיריש'
אבג	1	0		0	פיוט #1079 — צלות עשרת יומי הסליחות צפרה	‏ פה אבג ד הגה
אילימיניפית	1	0		0	פיוט #1079 — צלות עשרת יומי הסליחות צפרה	₪ ‏ אילימיניפית'
לבקושה	1	0		0	פיוט #1080 — צלות עשרת יומי הסליחות צפרה	עשרת יומי הסליחות * תרח לבקושה ;
הפגורים	1	0		0	פיוט #1081 — צלות עשרת יומי הסליחות צפרה	₪ יתהלל אלהינו יהוה אל רחום ‏ סלח לעמך ישראל הפגורים
תפבד	1	0		0	פיוט #1082 — צלות עשרת יומי הסליחות צפרה	צדיק וישר הו ' צער אדם וכוננו * צדקתו על עבדיו * צדקה לא תפבד*:
הבריהג	1	0		0	פיוט #1083 — צלות עשרת יומי הסליחות	‏ על פתח רחמיך וכי בשם וקצי הבריהג è ‏
יבנשו	1	0		0	פיוט #1086 — צלות מועד חדש השביעי צפרה	תתקע חציצרות * והשופרי: ‏ עורי * מימר הצורי * יבנשו מן פרי '
חפדיבון	1	0		0	פיוט #1086 — צלות מועד חדש השביעי צפרה	לעבודי * אן ישם זה מועדי * בריך בחדי * על צמידי * ואשול מן חפדיבון
וזברי	1	0		0	פיוט #1086 — צלות מועד חדש השביעי צפרה	מן זימוני * יסבלוני * על חסרני * כי אני * אברהם מן בני * קבצה שמי וזברי ;
המחריבי	1	0		0	פיוט #1086 — צלות מועד חדש השביעי צפרה	‏ אברהם בן ישמעאל המחריבי:
זקינותה	1	0		0	פיוט #1086 — צלות מועד חדש השביעי צפרה	והשביעים זקינותה * אן ‏ לוכון תפלותה * ותתקע שופרי' ;
תסתררון	1	0		0	פיוט #1089 — השבועות וכשביע * המועדים וכשביע * השנה במספרי	ישרון * עד תסתררון * ותתפארי: שבתון * לשמח והששו * וזכרון * לפדיון *
איביגידיהיויזי	1	0		0	פיוט #1091 — ישתבח אלהים	איביגידיהיויזי ותמר אהנו כתבה רבה , ולבו קבלו ‏
והעשור	1	0		0	פיוט #1091 — ישתבח אלהים	שביע קדש: הו ראש לתשעה * והעשור לחדש: יום הכפור דבו * העונות
ועובדיבון	1	0		0	פיוט #1093 — צלות מועד חדש השביעי צפרה	עליכם * ועובדיבון תתצלח: ולאזי אימר לכם * שביכון ‏ מן אלה :
ואפגיל	1	0		0	פיוט #1093 — צלות מועד חדש השביעי צפרה	ירחה שביעה * ופתח בו תרח הקבול למי ידרשו: ואפגיל במשמרו ישראל
וקדקך	1	0		0	פיוט #1093 — צלות מועד חדש השביעי צפרה	הו משה דלעלמה ‏ וקדקך: בעמלו יצילך מכל שנא: ויהי עמך עמך
אפתדרו	1	0		0	פיוט #1095 — צלות מועד חדש השביעי צפרה	תנים יומה תנים * מן דאכה אפתדרו: בזאת צלותה * בשמח ואיקרו:
מתבנש	1	0		0	פיוט #1096 — הו יהוה הנכבד וישתבח	המתפרש : מועדה וריש ירחה מודמנים * זה עם זה מתבנש; בריכין על מן
ומוערה	1	0		0	פיוט #1097 — עליבם : זה מועד ‏ השביעי	אפרשו: ומוערה דבו ארבע עקובאן אתכנש * מברך על מן אנה אתכנשו:
מסתגד	1	0		0	פיוט #1100 — שנה * סדרה דאכה מסתדרה	כיי מסתגד בשלמו * פני מכל פני:
פפנינו	1	0		0	פיוט #1103 — מערב עד ערב * תשביתו שבתכם	פתח תהותה פתיח * ביום צומה פפנינו: טובינן נעבר בו * ונשוב מן
ויסתגד	1	0		0	פיוט #1104 — צלות מועד ‏ השביעי צפרה	יתקדש שמו ‘ ‏ ויסתגד וישתעבר :
וישתעבר	1	0		0	פיוט #1104 — צלות מועד ‏ השביעי צפרה	יתקדש שמו ‘ ‏ ויסתגד וישתעבר :
מצטמר	1	0		0	פיוט #1105 — מועד * וננד לכל קדשיה	סיני * וכל עמה מצטמר : בתחתית ההר * וההר כלו ‏ ולפיד: אש
הטסד	1	0		0	פיוט #1106 — צלות מועד חדש השביעי צפרה	יום הרביעי * בי מן ‏ תשרי: שנת הטסד * לממלכת ישמעאל במספרי :
חנבי	1	0		0	פיוט #1108 — צלות מועד חדש השביעי צפרה	משה חנבי: בשעה השביעית * מן יום השביעי :
מצטמד	1	0		0	פיוט #1108 — צלות מועד חדש השביעי צפרה	השביעי ובו מצטמד * מועד מקרא קדש: טובך במשמרו * אה עם
איביגידיהיויזית	1	0		0	פיוט #1111 — והמשחים כהניכון : וחתמת מימרי * כן ירתי חייכון	ויסקו מן הטבעת פי אתי' איביגידיהיויזית' ₪ בתשעה ‏
והאדץ	1	0		0	פיוט #1112 — צלות מוער חדש השביעי צפרה	והאדץ ומלואה: לאלה דשלח מי ‏ עור פניו ויתן את המסוה: לאלה
התריר	1	0		0	פיוט #1113 — צלות מועד חדש השביעי צפרה	בהלן ‏ בנציר * לאל קשיט ומשבח : המלך התריר * עבוד עלמה וכל
נשתחבר	1	0		0	פיוט #1113 — צלות מועד חדש השביעי צפרה	ויתה נרחם * ולה נשתחבר ונשבח :
הלווחים	1	0		0	פיוט #1113 — צלות מועד חדש השביעי צפרה	בל הגוים ; ה ה דשלח משה בן עמרם ‏ הלווחים; י ה ה
פליחות	1	0		0	פיוט #1113 — צלות מועד חדש השביעי צפרה	‏ בארבע עקו באן קוֹוים: ה ה ‏ בעשירי ‏ פליחות
עקובי	1	0		0	פיוט #1115 — צלות מועד חדש השביעי צפרה	בארבע עקובי * בקדש כל ספר: ושם בעשירי ממו ‏ * דבו התהבים
איביגידיה	1	0		0	פיוט #1116 — צלות מועד חדש השביעי צפרה	איביגידיה'ו'זיליעירישיתי ומרי בעמל תלתי שלמיה ‏
זיליעירישיתי	1	0		0	פיוט #1116 — צלות מועד חדש השביעי צפרה	איביגידיה'ו'זיליעירישיתי ומרי בעמל תלתי שלמיה ‏
ואודיעני	1	0		0	פיוט #1116 — צלות מועד חדש השביעי צפרה	ואודיעני דרך דעתו * עד יטרד כל מרוד: על זה לאוי ארוממו * בנציר
חבנית	1	0		0	פיוט #1116 — צלות מועד חדש השביעי צפרה	יומיה בלא חבנית ולא סעוד: וברא אדם בריה ייה * ואלבשו מן אימתו
חשמש	1	0		0	פיוט #1116 — צלות מועד חדש השביעי צפרה	ולילה חשמש : דמנון תרי מאורים * הגדול יתקרי שמש: והקטן יתקרי ירח *
גנל	1	0		0	פיוט #1116 — צלות מועד חדש השביעי צפרה	גנל
אתננדת	1	0		0	פיוט #1118 — צלות מועד חדש השביעי צפרה	בן תרח * דרמת זכותו: ורזיה בו אושמת * ונביותה מנה' אתננדת * מן
וגזיראתו	1	0		0	פיוט #1118 — צלות מועד חדש השביעי צפרה	וגזיראתו : ומן כליל מה בו ביאר * קדוש ‏ שבתה אשר * שמו לקדשים
רכהנתו	1	0		0	פיוט #1119 — צלות מועד חדש השביעי צפרה	הלזים * רכהנתו רבים * ישימך כמספר הכוכבים * ויברכך ולך ישמר: אלהי‎
ומפ	1	0		0	פיוט #1120 — צלות מועד חדש השביעי צפרה	והממשלה * ומפֿרנס כל מה בארץ יתעבד: ואתקומם זה משתמר * מן כל‎
רנס	1	0		0	פיוט #1120 — צלות מועד חדש השביעי צפרה	והממשלה * ומפֿרנס כל מה בארץ יתעבד: ואתקומם זה משתמר * מן כל‎
תפתיר	1	0		0	פיוט #1120 — צלות מועד חדש השביעי צפרה	רק נורו אתוקד: ואתא אל פאת פרעה * ואיך תפתיר שמשה עת תכבד:‎
ואשמיעו	1	0		0	פיוט #1120 — צלות מועד חדש השביעי צפרה	ולסגיל פניו נגד: אל מדבר סיני * ואשמיעו קול יהוה יפקד: בעסרתי‎
מזדבד	1	0		0	פיוט #1120 — צלות מועד חדש השביעי צפרה	הו יום קדש * מן טובה מזדבד: ‏ לכל מועד * ולכל ‏ נגד: ועבר
פסיקן	0	1		0	מימר מרקה I:13 (ספר פליהתה)	…רש ליצחק ועקד גרמה קדמיו וליתו מעלם עליו בכל דרין פסק ליעקב פסיקן רברבאן וליתו רמי בה ולא חסך לין מנה בדיל כן דכרן אדכר לקהלה…
שעאלו	0	1		0	מימר מרקה I:70 (ספר פליהתה)	…רוח אריכה התקפו מצראי עליהון בחרון למזרזה למשלחתון מן ארעה שעאלו מנון כל דבעת נפשהתון ונפקו אזלין והנון לבשין יתה שעילה דהות…
שעילתה	0	1		0	מימר מרקה I:70 (ספר פליהתה)	…למצראי אתמר למשילה והפקד עליהון חובין אתמר לשעולה ארורה יתה שעילתה לעלם דחדדת לן חוב לא ימחק 71] [ ונטלו ברי ישראל מרעמסס לסכו…
אצטדיך	0	1		0	מימר מרקה I:12a (ספר פליהתה)	…ה ימה הך אמר מן צמת גנואן הך יתעבד קברה בי משה הך אמר לה הן אצטדיך בון כיתך חדי בשלמות בני זכאי ימה הך אמר הוי אנה קבר לטמא בג…
דסתבל	0	1		0	מימר מרקה I:76 (ספר פליהתה)	…שעתה דסתבל ביד בניו הלך עננה ואשתה קמיון ונטלו מן סכות ושרו באתם קריבי…
דשעאלו	0	1		0	מימר מרקה I:76 (ספר פליהתה)	…ן ולאבהתן מקמינן ולמה נשבקנון יפקון ממצרים ועוד נעזר חנאיתה דשעאלו מנן ושבקונן רוקנין…
רקיפין	0	1		0	מימר מרקה I:45 (ספר פליהתה)	…א כפן בעי יבלע יתי לית רוחי שכנה והוא עמי במדורה אברי גויתי רקיפין קבלה קשיטה היא הדה פליתה דפרסיכון סבותה ואזלו ואקרצו בצפרה…
והיאץ	0	1		0	מימר מרקה I:68 (ספר פליהתה)	…אתמר לפרעה מלכה ליליה ההיא קרבה ושבה על ברה נטורין מן רמשה והיאץ עליון הן לא ידמכו שעה חדה ופקדון יסדרו קרבה ברגז אן עמיכון…
מזדזעין	0	1		0	מימר מרקה I:9 (ספר פליהתה)	…לך דן סי עפרה דארעה מכשב בשלטנו ויהי לך דן סי שומיה עתידין מזדזעין בדילה ויהי לך דן סי לית אנש קעם קמיך והוא באדך…
יתגלגון	0	1		0	מימר מרקה I:43 (ספר פליהתה)	…ריב הו אזל תקף שבי לבך אמרו מכשפיה יכלין אנחן עבדין כותה לא יתגלגון אלין עליך באהן אנן נעבד כות ] ה [ קבלך אנית דאה פלענ ] תה […
קלולעיה	0	1		0	מימר מרקה I:69 (ספר פליהתה)	…קטל שבשבהתה דהות נציבה על סובתה והוה בפלגות ליליה ויהוה קטל קלולעיה דאקלעו לגו אילני בישתה והוה בפלגות ליליה ויהוה קטל בכורי דה…
זריעה	0	1		0	מימר מרקה I:69 (ספר פליהתה)	…יקין וסגודיון אלילין והוה בפלגות ליליה ויהוה קטל עללתה דהות זריעה זרעה דכובין הלא לית בית דלית תמן מית וצבעתה ראמה ומתחילה עד…
ויוכב	0	1		0	מימר מרקה I:27 (ספר פליהתה)	…ין דן לדן ואזל ו ] אפגע [ ה בטור האלהים שמשה וזהרה דמן עמרם ויוכב › ד ‹ אזדמנו ואזל ואפגעה בטור האלהים דקל ופרת השוו תריון יא…
תניאנית	0	1		0	מימר מרקה I:4 (ספר פליהתה)	…דמית ועבדת לה רתו כד אמר ית קלך 26* שמעת בגנה ודחלת ותכסיתה תניאנית במה דהוה לאוי פלטת לאנוש ועבדת לה דכרן ליתו משתק ועלמה עלם…
נגיב	0	1		0	מימר מרקה I:17 (ספר פליהתה)	…בה מלי צדו דאהן תמח חיול ולית בי משומנה דהדה גבורה רבה קיצם נגיב יהי נחש מטעיל קבלי מבלד למדעי ולית בי משומנה דו יקיר עד מות…
מטעיל	0	1		0	מימר מרקה I:17 (ספר פליהתה)	…הן תמח חיול ולית בי משומנה דהדה גבורה רבה קיצם נגיב יהי נחש מטעיל קבלי מבלד למדעי ולית בי משומנה דו יקיר עד מותר לית עפרה כלו…
הגיבו	0	1		0	מימר מרקה I:55 (ספר פליהתה)	…הגיבו תריון כחדה ואמרו אה מלכה לא נרשי למעבד דן ממללה אתון אמרין…
עבישין	0	1		0	מימר מרקה I:50 (ספר פליהתה)	…יתה מבתר דכעס מללין ושתיקין ואתפנה פרעה ועל לביתה וכל מצראי עבישין מנה בלחצה ואתפנה פרעה ועל לביתה כריך לה חובי קעימין ומאתין…
משתנקין	0	1		0	מימר מרקה I:50 (ספר פליהתה)	…ועל לביתה כריך לה חובי קעימין ומאתין שבעה יומים כתרו מצראי משתנקין מותר ומתלחצין שריר ומשה ואהרן כמאורין מנירים על בני עבראי ו…
טיעאלו	0	1		0	מימר מרקה I:73 (ספר פליהתה)	…פטה אתו חכימיה ליד משה ואהרן ולבביון רתתין שריר אמר לון משה טיעאלו בשלם חכימיה ושאלו לכל שבט מהו אף אהן רזה ליתי מהימן דחרשיה…
וישילנון	0	1		0	מימר מרקה I:15 (ספר פליהתה)	…כפר בשמי שרוי פליהתה דאתה עתיד עבד ואתן ית חן עמה בעיני מצר וישילנון דלון ויפקון בשלם וירוקנון יתון מדהלון…
טמרונון	0	1		0	מימר מרקה I:78 (ספר פליהתה)	…בת פרעה וחיליה זרגל בימה אדמה שפיך בה הך נהרה דמצרים תהומיה טמרונון הך מד כסית יתון ארדעניה נחתו בצברה כות כיף הך דהוו כלמיה נח…
ומגעז	0	1		0	מימר מרקה I:78 (ספר פליהתה)	…רו במצרים ועסרה זבנים אקטלו בימה וישראל נפיק ממצרים ביד רמה ומגעז בה ביבש ברבו רבה תמן אשיר משה וכל עמה לאלה אלהיה ורבון דרבר…
תשתפל	0	1		0	מימר מרקה I:13a (ספר פליהתה)	…גודים טבים קמיך מרגלים עד תגוז בשלם ותמלך בקשט אתי בשלם ולא תשתפל דאנה כדו עתיד למגוזך בגוי…
ליצחוליעקב	0	1		0	מימר מרקה I:33 (ספר פליהתה)	…לי לך שמי רבה יה לא גליתה לזכאי עלמה באל שדי אתחזית לאברהם ליצחוליעקב ואהן שמי רבה לא גליתה לון דו שם יקיר מלי מצתכל בריתה ובה על…
מצתכל	0	1		0	מימר מרקה I:33 (ספר פליהתה)	…לאברהם ליצחוליעקב ואהן שמי רבה לא גליתה לון דו שם יקיר מלי מצתכל בריתה ובה עלמה טעד וכל קיאמי זכאי קטיר לה לעלם | ולינה מנשי…
טעד	0	1		0	מימר מרקה I:33 (ספר פליהתה)	…הן שמי רבה לא גליתה לון דו שם יקיר מלי מצתכל בריתה ובה עלמה טעד וכל קיאמי זכאי קטיר לה לעלם | ולינה מנשי לה ועלמה עלם דת מש…
מזזעהן	0	1		0	מימר מרקה I:20 (ספר פליהתה)	…ממימי נהרה ותשפך ביבשתה ויהונו לדם ביכלות שלטני פליאן רברבן מזזעהן כל לבביה לית לאוי יעבדנון אלא את דאתהו תניאני בעלמה דלרע…
יסתתר	0	1		0	מימר מרקה I:17a (ספר פליהתה)	…ה מלין רמין נהר מניר אז ישיר בריה ואשמעה אז רזה גדיל דמס לא יסתתר בראשית חדדת ושבתה הגלת וברית אברהם במספר ז הגלה עמי מלת ישר…
אידלי	0	1		0	מימר מרקה I:8 (ספר פליהתה)	…בה מרה ידע אנה דאתה זעור לב ורכיך יכל אנא מחלף נשישך בשרירו אידלי מפק לך אטר מן אשתה כיתך מתפך לה לכל גון דאת בעי עמיתה בעיני…
ויתעבסון	0	1		0	מימר מרקה I:10a (ספר פליהתה)	…י לגו ימה אביד בידון בדיל מרבאתון יומם יחזון מנו דיאבד בימה ויתעבסון הן מרן דו גדול זל אה חיב וכון כרמך כיינן תחזי גזוי כל עובדי…
מטיעלין	0	1		0	מימר מרקה I:31 (ספר פליהתה)	…הות בצפרה קרצו סבלין צוקה מרירה עליהון ובכותה בעיניון אנפקו מטיעלין לגו ארע מצרים למקשש קש לתבן ומעבד לבניה ומפלחיה עצימין בון…
טרדונון	0	1		0	מימר מרקה I:31 (ספר פליהתה)	…ר לאוי לא עמינן משה ואהרן כי סכינן הנפוש נפלנן בארצם רב אתו טרדונון אמרו עמה לא עמינן לחצה אלא מן יומה דאתו קרצו ברנונה אמרו מד…
ואצטנק	0	1		0	מימר מרקה I:77 (ספר פליהתה)	…ון טליה דרחותה דאתיבש ימה קמיון והלכו ועלו מצראי בתרון בימה ואצטנק עליון ולא אנפקו מלגוה עמו המפרש לבין תרים עללו נביה רבה משה…
דישתנק	0	1		0	מימר מרקה I:48 (ספר פליהתה)	…עבד רוח רמה ולא צבה שמע לון לבה מתקף בדיל דישתנק עבד רוח רמה ולא צבה שמע לון מדעה מתיקר בגלל דיתלחץ עבד רוח…
ולסיע	0	1		0	מימר מרקה I:38 (ספר פליהתה)	…ה › וחסדה ‹ מסמכין לון כד ברטו לידה וקעמו קדמיו יהבו לה שלם ולסיע ] ת [ ה דיתיבים תלא מלכה עיניו ועמה יתון קעמין באפין זקיפין…
דבקעוני	0	1		0	מימר מרקה I:14a (ספר פליהתה)	…קות מימי ואורה דבי אניר ורוחה דנשפי ואשתה דיבשת יתי וסימניה דבקעוני ואותתיה דסגרו יתי ובריאתה דנדנדוני וקדומה דנגבותי ורגזה דבי…
דנדנדוני	0	1		0	מימר מרקה I:14a (ספר פליהתה)	…י ואשתה דיבשת יתי וסימניה דבקעוני ואותתיה דסגרו יתי ובריאתה דנדנדוני וקדומה דנגבותי ורגזה דבי שרי ואפילותה דאתעבדת ריש לכ » ל «…
תצטעדי	0	1		0	מימר מרקה I:14a (ספר פליהתה)	…בי שרי ואפילותה דאתעבדת ריש לכ » ל « דהוה ומשה הך אמר לה לא תצטעדי מן הדה אלולי אתבחרת לכן לא הזדמן בך ואנתח משה ית אדה על ימה…
והגיבון	0	1		0	מימר מרקה I:30 (ספר פליהתה)	…עמה באשגלון עלו נבייה ליד פרעה מלכה דרשו ארשו אדלא עלו לידה והגיבון ועלו וקעמו קדמיו וטובה מימינון וחסדה משמאלון אמר אהרן בארשו…
טיעלו	0	1		0	מימר מרקה I:72 (ספר פליהתה)	…הוו כרזין לון אתקוממו כדו סדרי רחותה מישר חזוה הוה כרז לון טיעלו בזהו מאורי זכותה כל אלין הוו בעין מעמינון ומתחמדין מזדמנה ב…
תצטדי	0	1		0	מימר מרקה I:10 (ספר פליהתה)	…ימנה דאנון חכמין לפרקן » אתבונן « ש ‹ מע מני כדו מה הוא ולא תצטדי מן מקרי יתה קמיהון…
וישתנקו	0	1		0	מימר מרקה I:52 (ספר פליהתה)	…ן הנתח ית אדך באטרך על נהריה ותסק ערדניה ותטמר כל ארע מצרים וישתנקו בון דבבי קהלה עבדו נבייה הך דאמר לון עבודון וסלקת ערדניה על…
שליק	0	1		0	מימר מרקה I:62 (ספר פליהתה)	…ו על מדיקה ובתר כן על תרי פגיאתה וייכלון ית בסרה בליליה הדן שליק נור ופטיר על מרור ייכלונה…
מזדיאנין	0	1		0	מימר מרקה I:9a (ספר פליהתה)	…רבה צדותה וגברי סדם ויקידתון הן הוה בך מלקי חלקי מיני דיניה מזדיאנין לך אבדנה בלישך לקדמך הוא נפק ואלה זכי מנך במד בך עביד קטול…
וגעז	0	1		0	מימר מרקה I:66 (ספר פליהתה)	…ון יתה כל עמה ויהי אדמה לוכון סימן על בתיה כיי מחבלה עמי לה וגעז ויהי אדמה לוכון סימן על בתיה כי רגזי עמי לה ופסח ויהי אדמה…
מתפוגג	0	1		0	מימר מרקה I:44 (ספר פליהתה)	…י עבר עלי תמחין ופליאן וכהדה פליתה לא עמית מיומי אלולי דאנה מתפוגג תדיר בחזותכון דהות רוחי מני סטיה אנשם גרמך לא תדחל מנה כי ב…
מזדוג	0	1		0	מימר מרקה II:1b (על תהומי מעין עדן)	…ה מבלד כל עמוי ולא יתאכל מקעם קדמיו השמיני בממללה בדיל דיהי מזדוג עם ממלל מרה התשיעי בלבה עד יסחן מלי קשטה וילפנה העשירי במשמ…
ונוקר	0	1		0	מימר מרקה II:47 (על תהומי מעין עדן)	…לא משה לא הגלת תורה ולא התודעת מצוה נרבי למרן ונהימן בגדלה ונוקר לנביה ונימן בשליחותה דמה דנסב ברכן ונמלכנון דו רחמן ורתאי מ…
פליטות	0	1		0	מימר מרקה II:6 (על תהומי מעין עדן)	…אסרה והשרתה למות ולפליטה העשירי נשב ברוח כבודו כסהמו ים בתר פליטות עבדיו הגדלות לך יה עשה הנוראות מי יעשה כמעשיך וכגבורתיך…
דהושיע	0	1		0	מימר מרקה II:7 (על תהומי מעין עדן)	…האל הגדול והגי והנורא אדכיר לטב עד לעלם } ל { נביה רבה משה דהושיע לקהל יה אשר לא קם כותה ולא יקום לעלם מה רב מעשיו דעשה עם שב…
דזדעק	0	1		0	מימר מרקה II:45 (על תהומי מעין עדן)	…נוך את האלהים חכם אתרה דקשטה ורחט לידה הך מד רחט אברהם בזבן דזדעק אמיר לאברהם אל הארץ אשר הראך מהוא דאריה אלא טורה טבה וכן בז…
גהותם	0	1		0	מימר מרקה II:19 (על תהומי מעין עדן)	…תי עד תם הד ] ה [ כי גוי ] נב [ ר ] פ [ רעה ] ור [ כבו דרמת גהותם על בני עבראי סוס ורכבו רמה בים…
הזדבגת	0	1		0	מימר מרקה II:28 (על תהומי מעין עדן)	…הזדבגת מיה ואשתה כחדה לאבדן בישיה וכן אמר נביה רבה משה בכתבה תשגר…
צטמתו	0	1		0	מימר מרקה II:28 (על תהומי מעין עדן)	…ר ישראל רבות צורתה דאדם תמן הגלת דמיה ואשתה ] ל [ גוה ] א [ צטמתו ] אדם [ אגבל ] מן עפרה ואשתה ר [ מה ] בה חיל וחכמה …[ מלא ע…
בהרגריז	0	1		0	מימר מרקה III:35 (וידבר משה והכהנים הלוים)	…אלין תלתי ברכהתה דאתמרת לאברהם אמרין משה למרבהתון וכן חדדון בהרגריז אתר סגדתה…
וגיברותה	0	1		0	מימר מרקה III:13 (וידבר משה והכהנים הלוים)	…פק מכל , גוני טבהתה יהוב מתנהתה וזאון כל נפשהתה שלטנותה רבה וגיברותה תקיפה קמאי לא מראש וחראה לא עד עקב ממן עד לעלם ליתו מתחלף א…
בשוש	0	1		0	מימר מרקה III:13 (וידבר משה והכהנים הלוים)	…קב כד אתפורר מן דמכה ויוסף כד ערק מן עצינה ומשה כד טמר אפיו בשוש מן אלה ואהרן כד תלא אדיו וברך בשם יהוה בארכנו רבה ואלעזר כד…
למשרראתך	0	1		0	מימר מרקה III:56 (וידבר משה והכהנים הלוים)	…לה ובאדינן שיוצה וכל אהן עבדנן יתה בדילך למרבה יתך › ו ‹ אף למשרראתך ולמלף יתך לית לך צורכה למבקר על מד לה עבדנן מן אדם עד נח עד…
עואן	0	1		0	מימר מרקה III:75 (וידבר משה והכהנים הלוים)	…הבנה לה ומקים תאותה במקטל חברה קטול אנה לה ] ב [ מיני ] מ [ עואן והן הוה ביניו › ן ‹ דבבו ואנסב קשטה באדה דבב הוא לי וילה בכ…
ושכיר	0	1		0	מימר מרקה III:59 (וידבר משה והכהנים הלוים)	…דכי מנך לא תרבי מלכותך על עסרה גנואן אמסכן יתך ואנון נע ונד ושכיר ואביון ועני ויתום ואלמנה וגר ותושב ודל אלין לא תאמץ לבך עלי…
מצתדים	0	1		0	מימר מרקה III:53 (וידבר משה והכהנים הלוים)	…רה מציקה ויצחק מכעס ויעקב שמם ומחלפי קשטה חדים ורחומי בישתה מצתדים ואתון בכל דין יתר מסכים עמל טב ולית תמן אנחה ותימרו דאתון ט…
שילתך	0	1		0	מימר מרקה III:9 (וידבר משה והכהנים הלוים)	…כהנה ליתו מקבל ויעזר ליד מיתוביתה דהות לה אתמל שמע האגבו על שילתך עד תתוזף בנהר האגבו כי כהנה קדיש וכל קדש בעלמה כד יסתיב איך…
דאסתיב	0	1		0	מימר מרקה III:9 (וידבר משה והכהנים הלוים)	…ה אסתלקת מנה להדה ליתו מתרחי ולא מתאכל וכנו כהנה מדמי לדמעה דאסתיב בחוב חסילה היא מנה רב הוא מרן הממן לחודה דגלה לנן חכמה כהלה…
השתאלו	0	1		0	מימר מרקה III:26 (וידבר משה והכהנים הלוים)	…ואנשים אמרו ממלל עורן בדיל יוסף דו דפרט ברכתה וכד השתאלו על יתה ממללה אמרו בדיל יוסף דו חברה דאתרה אמיר לון על מד מל…
והשתירו	0	1		0	מימר מרקה III:19 (וידבר משה והכהנים הלוים)	…יזים ואנן עמין דאנון ארבעה לא אתפרד אחד מן חברה אלו סלק אחד והשתירו תלתה הוינן אמרים דו לסוד עביד אתבחר מנון אחד ואתפסלו השיורי…
ותיפר	0	1		0	מימר מרקה III:69 (וידבר משה והכהנים הלוים)	…עד לא תטמי ותחלל אבהתך ותגלי עובד לא אתעבד בעלמה ותקטל נפשך ותיפר פרותה ותעבד אבוך מקללך עם אורכות זמנה ומרך מרגז עליך ותפל מ…
ברטה	0	1		0	מימר מרקה III:27 (וידבר משה והכהנים הלוים)	…שה הך דהוה בטור סיני ממלל וכל קהלה שמעים ישר אמורה במה דאמר ברטה בחכמה חיולה שמע אגבו יחיל מדעך וירבי לבך מנה דיתעבד כל עת מ…
געזת	0	1		0	מימר מרקה III:37 (וידבר משה והכהנים הלוים)	…שרוי מגוזה הוה באדה אטר ובתניאתה געז עתיר וכן אמר הלא באטרי געזת ית ירדנה ואודי לאלה דעתרה מבתר ענותה וכן אלה בעי מן זרעה יר…
אתעיד	0	1		0	מימר מרקה III:50 (וידבר משה והכהנים הלוים)	…דן וגויתה קעמה ביניון ברתעה ובבלוד ממד יימרון מדעה אמר ללבה אתעיד וקטר כנפיך במד לה תשמע הב בלך לא תסור יתערברב כלה ויקומון ב…
תיחדיף	0	1		0	מימר מרקה III:50 (וידבר משה והכהנים הלוים)	…לאוי לך דאה וליתך יכל עליו דלא יעזר אבדנה יתחזי כי לא בחילך תיחדיף יתה מנך והן הקמת גרמך ביתה תשניקה הדרש מנך אדמך הך דאמר ואת…
אביע	0	1		0	מימר מרקה III:50 (וידבר משה והכהנים הלוים)	…גרמך ביתה תשניקה הדרש מנך אדמך הך דאמר ואת דמכם מן נפשהתכון אביע ותהונו תמן בלחץ רב וחיול לוד דלאוי עליך עובדה תפני קנומך מן…
שחיקה	0	1		0	מימר מרקה III:33 (וידבר משה והכהנים הלוים)	…מן מי מבולה אלא הו וכל טוריה מתכסין הך דאמר וטמרו כל טוריה שחיקה ומנה אנדת יונתה טרפי זיתה דו טב ומנה אתת ביסרה טבה מכן אתעק…
דאהזרתך	0	1		0	מימר מרקה III:65 (וידבר משה והכהנים הלוים)	…אתר אזהרה מנה לא יקום עמה ואזהר גרמך מן משמע מליו והוא גברה דאהזרתך מנה דו מצמת שבעה בישהן דמה נפשה לזכאים דגעזו אתחזית לון בחל…
גהלת	0	1		0	מימר מרקה III:41 (וידבר משה והכהנים הלוים)	…ותנגדו במלתה דאמרה משה כד קעם על ימה ואשיר נחית בחסדך עם זה גהלת נחלת בעזך אל נוה קדשך בה אתיכון לאכה בשלם ובמימרה עוד תביאמ…
דגעז	0	1		0	מימר מרקה III:14 (וידבר משה והכהנים הלוים)	…ן הלא לא נטר גזיראתה ונטרון אברהם לבר מן יוסף אנש בעלמה סגי דגעז עליו ולא צבה ישמע ויקרב בישה מכן אתרבה יוסף ביד אבוה ומשה ב…
אשתבק	0	1		0	מימר מרקה III:7 (וידבר משה והכהנים הלוים)	…ן נביא כמשה דהוה אחס על ישראל חיוס רב עד מותר כד אמר לה אלה אשתבק ממני לא צבה אלא צלה בדילון אמר ואשיצנון ארתק לבה ותנא טבהתה…
ארתק	0	1		0	מימר מרקה III:7 (וידבר משה והכהנים הלוים)	…כד אמר לה אלה אשתבק ממני לא צבה אלא צלה בדילון אמר ואשיצנון ארתק לבה ותנא טבהתה החל מן רישה ושמעו מצר ושמעו דאתה יה אשר עין…
הנוסע	0	1		0	מימר מרקה III:7 (וידבר משה והכהנים הלוים)	…טביה ויאבדו כל בישיה דשבקו שביל רבית אלוכה והלכו שביל קטלת הנוסע בגוה אוי לאנש הדה עבידתה אלית קין קמיכון דהך בתר ריחות נפשה…
מניקה	0	1		0	מימר מרקה III:48 (וידבר משה והכהנים הלוים)	…כל חדה מן אלין מללת ממלל חכמה מרביה אלופה שומיה אמרת אנה לך מניקה חלב טב ובאוצרי טבהתה דתזדהן מנה לא תשימני מרגזה עליך ומגריה…
רנשה	0	1		0	מימר מרקה III:48 (וידבר משה והכהנים הלוים)	…[ יד מן ] ארע [ לארע ] וליתו [ מסתר ] מני [ בכלום ] האן ב [ רנשה ] אזל [ אנה ] מטלל [ ה עליו ] אן [ בביתה ] א [ י במדינה לא…
משתבקה	0	1		0	מימר מרקה III:48 (וידבר משה והכהנים הלוים)	…[ אנה ] מטלל [ ה עליו ] אן [ בביתה ] א [ י במדינה לא תעבדני משתבקה מנך תקום בדין רב מותר…
וזזע	0	1		0	מימר מרקה III:5 (וידבר משה והכהנים הלוים)	…תעבד בדיל מרבהתך ובתר תלתה יומין רננת על קשטה ולא גזיתך בכן וזזע קיאמי אבהתך ופרק יתך ואתחזי קשטה ופרקך וארשה יתי למלפך כמה…
ומבזק	0	1		0	מימר מרקה III:74 (וידבר משה והכהנים הלוים)	…על דם זכי מה כתבת קמיך קצת קין והבל כד קעם לידה וקטלה מבזע ומבזק תהי בארעה הלא על מלואה יגבי קין וברה דברה יזיף ומוזף ובדן א…
שתבח	0	1		0	מימר מרקה III:58 (וידבר משה והכהנים הלוים)	…לכהניה ולנשיאיה ותרין לדיאניה ותרין לקהלה וחדה לשוטרה ] י [ שתבח אשר ] א [ לפן כל הדה עמי מה אמיר לכהניה וגדל מדעך במה דתיל…
ואתעידו	0	1		0	מימר מרקה III:60 (וידבר משה והכהנים הלוים)	…חזה וחילין במחכום רב טובה לאשר ימלכנה חזו רז הדה מלתה רבתה ואתעידו בה ומנה לא תסטו לעלם ארור משגה עור בדרך ואמרו כל העם אמן בק…
ורגוסה	0	1		0	מימר מרקה III:64 (וידבר משה והכהנים הלוים)	…הך וקטרה בישה על שם בישתה לית לאוי עליך תקום לגוה הלא טמאתה ורגוסה תמן צמידים טמאת אנשיה ורגוס נשיה לית לאוי עליך תגע באחד מן…
ורגוס	0	1		0	מימר מרקה III:64 (וידבר משה והכהנים הלוים)	…לאוי עליך תקום לגוה הלא טמאתה ורגוסה תמן צמידים טמאת אנשיה ורגוס נשיה לית לאוי עליך תגע באחד מן אלין ולא תתקרב בכלום מנון וג…
משתרר	0	1		0	מימר מרקה III:42 (וידבר משה והכהנים הלוים)	…אודי למרך כל עת על אהן איקרה 23* דנחילך לגו בית מרך את קעום משתרר במלכו רבה לדבבך קטלת לברכתה שמעת אב בלך לא תסור מן קשטה קלל…
ובקושה	0	1		0	מימר מרקה III:42 (וידבר משה והכהנים הלוים)	…קת ובישתה בך שרת ואתה חדי וזהי בכן ומרבי תאות נפשך שבקת שרה ובקושה והזלת עם נעמה ותפוכה שבקת הרגריזים ואזלת עם דרי המבול שבקת…
והגיזית	0	1		0	מימר מרקה III:57 (וידבר משה והכהנים הלוים)	…וית ועמך עבדת כל אהן עובדה לא קעמת על › ימה ‹ וחזיתך כל תמח והגיזית יתך בה בחיל מלכה רבה קבע בלך מני וקמי לא תגדד דאני סגי מכן…
פריקים	0	1		0	מימר מרקה III:57 (וידבר משה והכהנים הלוים)	…חיולה דלית לא יקום לעלם אלא חילה דמע דימן איקרה עלינן ונהי פריקים מן פנותה דו חכם יתן דו מרוח לבני רחמיו נודי לחילה ונסיד וני…
ערווב	0	1		0	מימר מרקה III:51 (וידבר משה והכהנים הלוים)	…בזית דזכו כי נארך מכלי לכל , חשך וקפל כל עשש דיתחזי ולא יהי ערווב מן אכה ומן אכה יתעמי בינינן לעלם בידך תעתיד מן אלהותה רבתה…
משתאל	0	1		0	מימר מרקה III:10 (וידבר משה והכהנים הלוים)	…היום הזה יהב לישראל כל מה דאזל ליתו משתאל בדילה נהית חכמה דאתה שיור טב עלל ית ארעה טבתה דאשבע אלה לאנ…
ומרגס	0	1		0	מימר מרקה III:62 (וידבר משה והכהנים הלוים)	…ליו והן עלם ידאן על כן לית חוב אלא מד גלית לך והוא מטמי לבה ומרגס מדעה ומתפך לאנשה מן גון איטבו לגון דבישו ומקים אנשה בסמיון…
אתעידו	0	1		0	מימר מרקה III:16 (וידבר משה והכהנים הלוים)	…אנשה אתעידו במד שמעתון מן אהן ממללה רבה דכהלה אלפן וחיים וברכה 12296 .…
דאלאף	0	1		0	מימר מרקה III:46 (וידבר משה והכהנים הלוים)	…א ; אמן והאן אתחזית לית תמן בלם וקשטה קעם ומרבי בריאתה מכן דאלאף מרביה מדעיה דיתון ממנים על קשטה וידעו רביאן אלהותה רבתה ] ו…
נזזע	0	1		0	מימר מרקה III:46 (וידבר משה והכהנים הלוים)	…שבקותה עד אמטה אל אתרה דבעה מן הנון אנן עד יהי לן פרקן אלית נזזע רוחה דקנתה…
יילפנה	0	1		0	מימר מרקה III:66 (וידבר משה והכהנים הלוים)	…ור ונעיל מנה לתחום כהלה אימנו אלפנה חיים ובטולה מות טוב למי יילפנה ווילה למי ישבקנה ארור מטה משפט גר יתום ואלמנה אקדם על עשרים…
יתילף	0	1		0	מימר מרקה III:66 (וידבר משה והכהנים הלוים)	…תורה חדתה אסחנת תלתה מצוהן רמין 51, יהי קרי מקרתה דקשטה עד יתילף אלפן מוחי ותניאנה יעבד ] מ [ הו מרחי ] לא [ לה והן סטי ידאן…
חדואתך	0	1		0	מימר מרקה III:66 (וידבר משה והכהנים הלוים)	…הי לה מן טבה אל בישה לא תתאני בחדו ותשבקה לוד יזדמן עמך בכל חדואתך וינשם עמך האן דאנשמך מרך שבי כל הדה קבלך דאלה אוקרה באלין ש…
תרתסרי	0	1		0	מימר מרקה III:44 (וידבר משה והכהנים הלוים)	…יקום ראובן ויפתח פמה ויפרד תרתסרי מלי לוטיה דאני שמע אנש מרבי מלים ואמר לין בדיל דישמע אגבו ל…
רמבאת	0	1		0	מימר מרקה IV:71 (מימר על שירתה רבתה)	…רע כנען ומרון עמון מן קעם קבלון הדה מלתה הודעת דאנון ימלכון רמבאת ארעה בתרין זבנים עזר אל מדעך ושבק רוחה דנפשך ומה דאלפך אלה…
ונדאל	0	1		0	מימר מרקה IV:71 (מימר על שירתה רבתה)	…אמיר ויכחשו או לך ואתה על במתם תדרך עתה נשמר חקיך יה אלהינו ונדאל מנך כל ימי חיינו…
והוזף	0	1		0	מימר מרקה IV:6 (מימר על שירתה רבתה)	…לון דהי אסחנת כל כלום ממד חזה קשטה וכלל בה ארהותה אמר השירה והוזף נהר בזאת עמי רבותון והשלם מדעך נהירו לא אתפרק בה לבר מן עבו…
ונילף	0	1		0	מימר מרקה IV:39 (מימר על שירתה רבתה)	…לית תנשי קיאם טביה נשים קנומן קעמין ביספר קשטה ולא נפק מנה ונילף מן ספרה דלגוה קעם ונרבי למקרתה דבה כתיבה נביה רבה משה ספרה…
מסתרבך	0	1		0	מימר מרקה IV:56 (מימר על שירתה רבתה)	…בדיך דעבדת סהביך ויימרו לך קשיטות מלי גזרי ארהותה עד לא תהי מסתרבך וירום מדעך ויתוזף דעה שמנת עבית ועיצה במלת כשית מיכל דלא בצ…
והנאץ	0	1		0	מימר מרקה IV:56 (מימר על שירתה רבתה)	…הגלה בסימנים וינאץ בדינים ואתחזי לגו סימני » ם « בדיל פרקנך והנאץ בדינים בדיל משרראתך מכעוס בניו ובנותה מלת אוכחו ארכן כל קהל…
משרראתך	0	1		0	מימר מרקה IV:56 (מימר על שירתה רבתה)	…בדינים ואתחזי לגו סימני » ם « בדיל פרקנך והנאץ בדינים בדיל משרראתך מכעוס בניו ובנותה מלת אוכחו ארכן כל קהלה מד שמע מן משה אישה…
זהלי	0	1		0	מימר מרקה IV:75 (מימר על שירתה רבתה)	…ן ] בהמות [ אשלח ] בם ו [ תבלענון ] וילו [ ן בכן ] עם [ חמת זהלי ] עפר [ ייתון ] מן כל [ ארע ] רח [ יקה ולא ידחלו מנון מחוץ…
עתידים	0	1		0	מימר מרקה IV:85 (מימר על שירתה רבתה)	…עמו נביה רבה משה איך פרט עסרה דינים עתידים לחיביה בדיל יתוכחון ברי יעקב ולא יפקון מן תחומי אלה ולא ילק…
מזזעה	0	1		0	מימר מרקה IV:85 (מימר על שירתה רבתה)	…אוזפון צער במלתה בלא עם יתלי יהוה עליך גוי מרחיק נקמה בעלמה מזזעה לכל מדעיה וכן והפיצך יה בכל העמים אם לא תשמר לעשות וכל ונשא…
ונוגפתם	0	1		0	מימר מרקה IV:85 (מימר על שירתה רבתה)	…פיצך יה בכל העמים אם לא תשמר לעשות וכל ונשארתם מתי מספר בגו ונוגפתם לפני איביכם וילה בישה במה דעבד כד יקום לקדם מרה וישאלה מה י…
עריק	0	1		0	מימר מרקה IV:69 (מימר על שירתה רבתה)	…מחריד מן אדכר שם אלה מקדם דידמך לית אנש מבלד לה כד אתא יעקב עריק מן אחו לא אבלד כד פגע אתר קדש , דמלאכיה בה שרין ודכר שם מרה…
יסטערו	0	1		0	מימר מרקה IV:103 (מימר על שירתה רבתה)	…דארבת על כל אמתה מכן אמר ועל עבדיו יתנחם לא יקומו בחסרן ולא יסטערו בדין כי הלכו בשביל זכותה אנשמו ביום דינה מכל מגוי ואתרוחת נ…
מזזעין	0	1		0	מימר מרקה IV:103 (מימר על שירתה רבתה)	…סדירין ורישיון מככין ולבביון מרקפין ועיניון צליבין ואבריון מזזעין מן פחד יומה דדינה ופם אלהותה ממלל ראו עתה כי אני אני הוא…
השתמע	0	1		0	מימר מרקה IV:108 (מימר על שירתה רבתה)	…יי כל טביה וכן ית כתבה דבידון דו מדלי ויעזר לדלי מפם גבורתי השתמע ובאצבעי הכתב מד אנה קעים ככן כתבי קעים עד לעלם…
ואשוזב	0	1		0	מימר מרקה IV:4 (מימר על שירתה רבתה)	…הימניה אנון גבריה דאתבחרו ואנון שבעים גבר מסהבי עמה וכן אמר ואשוזב מן רוחה דעליך ואשוי עליון בדיל דאתמר לה ויתצבו שם עמך באגן…
ירפרף	0	1		0	מימר מרקה IV:50 (מימר על שירתה רבתה)	…וקנך אמרה בדיל ירום ישראל ויסב טוב מן מרה כל אנש דלה קניאן ירפרף עליו ויביע הן יגדל בכל זבן וכל דעמי לה יתאוי כן אלה מעיני י…
ויביע	0	1		0	מימר מרקה IV:50 (מימר על שירתה רבתה)	…בדיל ירום ישראל ויסב טוב מן מרה כל אנש דלה קניאן ירפרף עליו ויביע הן יגדל בכל זבן וכל דעמי לה יתאוי כן אלה מעיני ישראל כדו קע…
הסתקף	0	1		0	מימר מרקה IV:102 (מימר על שירתה רבתה)	…ל אדה גונין יקירין עד מותר הך משה לא קעם ולא יקום לעלם נביא הסתקף על כל מינה דאדם ואמטה עד אזדמן במלאכיה הך דאמיר לה ואזדמן ל…
תמניאיתה	0	1		0	מימר מרקה IV:73 (מימר על שירתה רבתה)	…מלתה תמניאיתה דאמרה בזכו הך אתרבו בשלמותה יינקהו דבש מסלע שרי בתנוי טבהתה…
ויניקונה	0	1		0	מימר מרקה IV:73 (מימר על שירתה רבתה)	…ייתו מלאכים מדילה דאלה יסובון בה כמה דאמר יסובבנהו ויבננהו ויניקונה עד הן יגדל ויגמל ישכילנה בטובה וייתי לבית אבהתה וכן עבד עמו…
ישכילנה	0	1		0	מימר מרקה IV:73 (מימר על שירתה רבתה)	…ובון בה כמה דאמר יסובבנהו ויבננהו ויניקונה עד הן יגדל ויגמל ישכילנה בטובה וייתי לבית אבהתה וכן עבד עמון במדברה המטיר לון מזון מ…
ואשתנק	0	1		0	מימר מרקה IV:86 (מימר על שירתה רבתה)	…הוה כלי וטמי כוש אתלעט ולבשה קבלה והנמרוד כד אתגבר נש גברה ואשתנק במה דעבד והמחק דכרנה ולמך יזיף ומוזף אוי לאנש דיפל גרמה זמר…
ונגיח	0	1		0	מימר מרקה IV:63 (מימר על שירתה רבתה)	…ממו וחזו ית פצות יהוה דיעבד לוכון יומה פרקנה תליתה אמר נקום ונגיח עם מצראי אמר לון נביה רבה משה יה ילחם לכם ואתם תחרישון בכל…
פנודתה	0	1		0	מימר מרקה IV:67 (מימר על שירתה רבתה)	…אה נביא נאמן נ › ד ‹ בק בון ולא נביע לבר מנון אסתכלו עסרתי פנודתה דפנד אלה לישראל בון ורבהתון בכלה…
דפנד	0	1		0	מימר מרקה IV:67 (מימר על שירתה רבתה)	…א נאמן נ › ד ‹ בק בון ולא נביע לבר מנון אסתכלו עסרתי פנודתה דפנד אלה לישראל בון ורבהתון בכלה…
אתילפו	0	1		0	מימר מרקה IV:20 (מימר על שירתה רבתה)	…אנשיו דדרה בכן אימנו וליתה מחכומה אתילפו מה רב אהן ממללה ופמה דמללה חנוך התהלך בריחות אלהה מבתר עובד…
ודאצטמתו	0	1		0	מימר מרקה IV:65 (מימר על שירתה רבתה)	…ובטלת שמון עבודי עגלה כד גלו בישתה אתחזית בדינה ובטלת שמון ודאצטמתו ליד בעל פעור אתחזית בדיני ובטלת שמון קרח וסיעתה כד קעמו לקד…
ישתנק	0	1		0	מימר מרקה IV:41 (מימר על שירתה רבתה)	…לפה ולא אתלף זעקה ולא ענה אזל לקשטה ועבד עובד אכעס בה על כן ישתנק כי מגזי לכל עמול לפם עמלה נעזר ליד קשטה וכן לן אמיר ותעזר ל…
נילפנון	0	1		0	מימר מרקה IV:100 (מימר על שירתה רבתה)	…ול לפם עמלה לית אלין מליה לאנשים בראים אלא לנן אוי לן אם לא נילפנון כיינן נתגזי במד שמענן דאנן בני טבים שבועת יהוה תהי בינינן ה…
חוגה	0	1		0	מימר מרקה IV:100 (מימר על שירתה רבתה)	…נה מסלח עלינן ל } ה {› כמה דאמר ועל כל עם הקהל יכפר לית ן ‹ חוגה כד ישאלנן מרן ארהותה באדינן וכל פקודיה קמינן ליתה פליה מננה…
למעבבדנה	0	1		0	מימר מרקה IV:100 (מימר על שירתה רבתה)	…קמינן ליתה פליה מננה כמה דאמר הלא קריב לידך ממללה בפיך ולבך למעבבדנה קטרה באדה ו ] שר [ רה באדה בפמך ולבבך עובדה תדירה באדה שנונ…
שביעתה	0	1		0	מימר מרקה IV:93 (מימר על שירתה רבתה)	…מלתה שביעתה וחש עתידות למו מן קדם קדמה עובדים בישים אשכח מדון , ביש לקב…
עמידותה	0	1		0	מימר מרקה IV:93 (מימר על שירתה רבתה)	…ב { מך מן יומה עקבאה יום נקם מכל חיביה יום שלם לכל טביה יום עמידותה לכל ברנשיה ויום תאותה לכל בישיה יום חשבנה לכל עמליה יום גזו…
כניזתה	0	1		0	מימר מרקה IV:32 (מימר על שירתה רבתה)	…י לך אלה חורן שבקה ועבד עגל מסכה בשנת השנית הנצב משכנה טמרו כניזתה עד אתו אל בעל פעור ועבדו מה דעבדו מכן אמר נביה רבה משה שחתו…
ורודיף	0	1		0	מימר מרקה IV:89 (מימר על שירתה רבתה)	…ך ואמר ושנים יינסו רבבה וכשלו איש באחיו כמפני חרב מלה מרירה ורודיף אין ולא יהיה לכם תקומה לפני איביכם אהן צדוה רבה להאן ייזל ח…
יתחיד	0	1		0	מימר מרקה IV:89 (מימר על שירתה רבתה)	…תקומה לפני איביכם אהן צדוה רבה להאן ייזל חיבה במן יתרחץ במן יתחיד הן הוה מרה רגז עליו מן מרד מרה מן יאחס עליו מן כפר בעבודה מ…
משתאלים	0	1		0	מימר מרקה IV:89 (מימר על שירתה רבתה)	…עבודה מן יפרקנה מן אדה מן שבקה מרה מנו דרתי לה לית אמי עלמה משתאלים על עובד כי יתון לא אזדעקו גוי קדש ובן בכור ולא שמעו קול אלה…
מחרברב	0	1		0	מימר מרקה IV:95 (מימר על שירתה רבתה)	…ובישיה דלקבל כד תסק ריחון בישה מן עפר חסרה וגפרי ואש מחרברב בה לא מתקבל ותכסיהתון מקדדין ואפיון זעיפין יתמר לון למה אפי…
סגיר	0	1		0	מימר מרקה IV:95 (מימר על שירתה רבתה)	…דאמר ותבער בם אש יהוה ואלה לא יאחס עליון ואנון נביכים ועלמה סגיר עליון וקשטה אמר אשכיר חצי מדם וחרבי תאכל בשר אדה הי עקובאת…
וישכיל	0	1		0	מימר מרקה IV:29 (מימר על שירתה רבתה)	…צ [ ריך ] תבקר על מ [ ליה דקמיך מלים מליה בוננו לבך בך ינהר וישכיל למדעך וירבי חכמתך ספר טב אתה טר ספרותך עד תרום ותתנשא חכים…
השתרית	0	1		0	מימר מרקה IV:34 (מימר על שירתה רבתה)	…כל מתחדד הוא שאב לעקרה בריתה במלה אתחדדת ובמלה תעזר בראשית השתרית בב לא בא אלו הות בא לא הות חדתה כי אלה עבד א שרוי כירה וב א…
פריקין	0	1		0	מימר מרקה IV:66 (מימר על שירתה רבתה)	…הלך בדאה שבילתה הוה גבר שלם אלין תלתיתה הכללו בכל איקר והוו פריקין לכל דריה ודכרנון לא מתנשי…
שהב	0	1		0	מימר מרקה IV:98 (מימר על שירתה רבתה)	…נשמע למלי קשטה דמד נהי מנשמין אנה ותמן דו אלה רחמן מקבל לכל שהב…
משתרפים	0	1		0	מימר מרקה IV:45 (מימר על שירתה רבתה)	…נדנדים ולא בני מגדלאי עד נהי מבדרים ולא בני אנשי סדם עד נהי משתרפים ולא בני מצראי עד נהי משתנקים ולא בני עמלקאי עד נהי ממחין ול…
משתנקים	0	1		0	מימר מרקה IV:45 (מימר על שירתה רבתה)	…מבדרים ולא בני אנשי סדם עד נהי משתרפים ולא בני מצראי עד נהי משתנקים ולא בני עמלקאי עד נהי ממחין ולא בני קרח עד תבלענן ארעה באיד…
תניאנאתה	0	1		0	מימר מרקה IV:59 (מימר על שירתה רבתה)	…אוכחותה תניאנאתה מחכמה עקרי רחמיה סהביך ויאמרו לך דאלפון אלה ונביה אנון ילפו…
מתילפין	0	1		0	מימר מרקה IV:19 (מימר על שירתה רבתה)	…ו אוי לן אוי לן כל אהן עביד לן וילן אלית נהי אלפים ומן השמע מתילפין כי כלה קבל עלינן ומרה דעלמה מנן מזדכי עמו נב רבה משה איך אמ…
בנאירו	0	1		0	מימר מרקה IV:37 (מימר על שירתה רבתה)	…יקניאהו בזרים גלה בנאירו מן מדעה דקשטה דפאניה בישה ייתי ויעבד תועבהן ויקנא לאלה ייתי…
ירתאתו	0	1		0	מימר מרקה IV:55 (מימר על שירתה רבתה)	…עד אבדה כן כ « ד קשטה מתחזי וקלה מתאזל לגו עלמה אני אני הו ירתאתו כל } עלמה אני { בוראיה וידחלו מן משמע אהן קלה רבה תמן יתפרק…
משתיצאים	0	1		0	מימר מרקה IV:88 (מימר על שירתה רבתה)	…ילה ואהן במדלה אלמנהן שגיהן יתמין מקצפין רבקין מרודין ילידם משתיצאים אה מן בישתה האן דהגלת אנדת אבדן האן תסגי תמחק אנשי אתרה עמי…
זימנון	0	1		0	מימר מרקה IV:33 (מימר על שירתה רבתה)	…צור ישועתו עשו עגל מסכה ואמרו אלה אלהיך ישראל יקניהו בזרים זימנון ליד בעל פעור והולדו תמן בנים דזנו ובתועב יכיעסהו זמרי זנוה…
וינחץ	0	1		0	מימר מרקה IV:33 (מימר על שירתה רבתה)	…ויזבחו לו בבישו יתרה אלהים לא ידעום כי תולידו בנים וירא יה וינחץ מד בה חסל ותוקיד עד שיאול תחתית וילה פאנה עובד אנשי סדם אכה…
ותוקיד	0	1		0	מימר מרקה IV:33 (מימר על שירתה רבתה)	…יתרה אלהים לא ידעום כי תולידו בנים וירא יה וינחץ מד בה חסל ותוקיד עד שיאול תחתית וילה פאנה עובד אנשי סדם אכה אתחדד ואין מידי…
זעיקתה	0	1		0	מימר מרקה IV:8 (מימר על שירתה רבתה)	…לה בשלמו תיעל ולא אתמר לה בתמימו תיעל בדיל מדורה קמאה מקדם זעיקתה יצחק לא אתמרת לה ואתרבה בתלתה ברכהן יקירין עד מותר עקב עובד…
לודיע	0	1		0	מימר מרקה IV:8 (מימר על שירתה רבתה)	…מדי אלא אתמר יעקב איש תם גלת לה מיתובה יתרה משה אמרה בלא י לודיע הן לנח אתמרת בי בפמה דאלה והך דהות הדה שירתה מן פמה דמשה במ…
נביוהתה	0	1		0	מימר מרקה IV:48 (מימר על שירתה רבתה)	…כשירה ויבעט בברכהתה טב הוא פמה דמשה משבח מבתר מה דחכם עסרתי נביוהתה פרס כפיו קמי מרה וכרז בקל רם ולבה ונפשה מליאן מן דחלתה אה מ…
איק	0	1		0	מימר מרקה IV:70b (מימר על שירתה רבתה)	…תכון , ליד [ ה ברחמו ] בדיל [ ך אה ישר ] ] אן תח [ כם אהן ] איק [ רה רבה ] ולא תפ [ סל ] גרמך תתנצ [ ל ] מן יד דבב [ ך ] נס…
אגיז	0	1		0	מימר מרקה IV:70b (מימר על שירתה רבתה)	…[ ל ] מן יד דבב [ ך ] נסבתך ל [ גו ] ענני נגד [ תך ] ובימה אגיז [ תך ] ועל אבר [ תי ] סבלתך וכד את [ א ] עמלק מן רחי [ ק וק…
ונוכח	0	1		0	מימר מרקה IV:87 (מימר על שירתה רבתה)	…רבים על כל מה דעבדנן וננחם על מה דעבר ונספד על כל מד קדמנן ונוכח נפשהתן בכל עובדינן מה ביש עובד ינדי מדון מה ביש › עובד ‹ יי…
וחיאצה	0	1		0	מימר מרקה IV:28 (מימר על שירתה רבתה)	…דד עובד › י ‹ אבהתה במקעמון בקדם מרון ואמר עזר מן תקוף רגזך וחיאצה אף בדכרן טביה דבגו כל ארעה מחדד דכרנון דמרון בון אתרחי ירום…
קעלה	0	1		0	מימר מרקה IV:57 (מימר על שירתה רבתה)	…שכר לנן משה בכל טוב מה רחמן ורתי ] אהן מלכה רבה [ דאשמע יתה קעלה בעסרתי מליה חייה לנן ולדרינן עד לעלם ירום משה אישה דקעם מוכ…
מוכיח	0	1		0	מימר מרקה IV:57 (מימר על שירתה רבתה)	…עלה בעסרתי מליה חייה לנן ולדרינן עד לעלם ירום משה אישה דקעם מוכיח ושרי בקדמהיתה ואמר שאל אבוך ויחוי לך מה בדילך עביד כד אמר א…
אזדוגו	0	1		0	מימר מרקה IV:81 (מימר על שירתה רבתה)	…ותלתה מלים אזדוגו ברבו ותהבה אף עמון הרנינו גוים עמו אנון עמי ונחלתי לכל עלמה…
קציצין	0	1		0	מימר מרקה IV:97 (מימר על שירתה רבתה)	…ע ארמלתה ואפיון קבלין כיון פנונון מכל עני ואביון ודל וכפיון קציצין בדיל דכפצוה מן צדקתה ולבביהון מקניאן חליפת דלא עבדו ית יהו…
גליטה	0	1		0	מימר מרקה IV:97 (מימר על שירתה רבתה)	…דלא עבדו ית יהו בשמחה ובטוב לבב ומשל עליה בני בלעיל נפשהתון גליטה כי לא מלאו אחרי יהוה כמ ] ד [ פקד ולבביון עכירין הלא זנו בת…
כמ	0	1	בדרכ	0.729	מימר מרקה IV:97 (מימר על שירתה רבתה)	…לבב ומשל עליה בני בלעיל נפשהתון גליטה כי לא מלאו אחרי יהוה כמ ] ד [ פקד ולבביון עכירין הלא זנו בתחמדהן בישהן וכחון נשיש כ…
עכירין	0	1		0	מימר מרקה IV:97 (מימר על שירתה רבתה)	…עיל נפשהתון גליטה כי לא מלאו אחרי יהוה כמ ] ד [ פקד ולבביון עכירין הלא זנו בתחמדהן בישהן וכחון נשיש כיון לא הדבקו במצות יהוה ו…
אנקילה	0	1		0	מימר מרקה V:8 (מימר על וימת שם משה)	…ון דברי אימנותה ומקרת ארהותה והזהרון מן חלופה ומקדם קרא גלה אנקילה מן על אפיו עד יעמון כל עמה מליה הך הי נפקה מן פמה וכהניה רב…
הרגרי	0	1		0	מימר מרקה V:31 (מימר על וימת שם משה)	…רבעה מערין מעתדים מן ימי הבריה מערת מכפלתה לזכאי עלמה ומערת הרגרי למשכנה ומערת הר ההר לכהנתה ומערת הר נבא לנביותה וימת שם משה…
ויסתדרו	0	1		0	מימר מרקה V:7 (מימר על וימת שם משה)	…רי חציצריה באדיכון ואתקעו תרועה עד ישמעו כל קהלה וייתו לאכה ויסתדרו לקדמי ובתר כן אפשט לון שלמה קעם איתמר ופינחס ותקעו תרועה בפ…
אצטנק	0	1		0	מימר מרקה V:32 (מימר על וימת שם משה)	…ית ועלת לגו מערת וקנתה ליתה סלקה ולא מתגליה לעלם פמה דמערתה אצטנק בכבוד וקנה ליתי מתפתחה ולא מתחכמה לעלם עמוד עננה דהוה הלך ל…
פרדיסך	0	1		0	מימר מרקה V:9 (מימר על וימת שם משה)	…מכפלה אתעירו אה תדע רוחך אה אבאה טבה ארשה דזכותה ושלמותה הן פרדיסך דאנצבת בזכותך עתיד מנתש בחוביה אה תדע רוחך אה יצחק דבחה קדי…
באנצירותך	0	1		0	מימר מרקה V:9 (מימר על וימת שם משה)	…בחוביה אה תדע רוחך אה יצחק דבחה קדישה דלא הנכס דסחנתך דעמרת באנצירותך מחרב ומלקי במטר אבק ואפר בחובי פנותה אה יעקב אבי שבטי רחותה…
קה	0	1		0	מימר מרקה V:9 (מימר על וימת שם משה)	…אלין עקובהתון ] ב [ רחותה ] ו [ מבתרי ] ב [ פנותה מס ] תל [ קה מנון ובילהתה סגיה ומשכן יה יתכסי והרגריזים יתחרב באדי דבבי…
ינוקים	0	1		0	מימר מרקה V:21 (מימר על וימת שם משה)	…כות מטרה והוא סליק ציבעד ומסתכל לאחריו מדמי לילידה לה בנים ינוקים בכים על חסרנה והוא סליק ציבעד וצפי לאחריו ובכי ואמר אוי עלי…
דט	0	1		0	מימר מרקה V:3 (מימר על וימת שם משה)	…תה דלגון שאלין מרון הן לא יקרב לה מותה שמה דלבש יתה על רישה דט ס › י ‹ ני \ שאל מרה הן לא יקרבנה מותה אלאף אמרת בארכנו על…
זאנין	0	1		0	מימר מרקה V:34 (מימר על וימת שם משה)	…ה קביר ביד אלה רב הוא אילנה דסלק בפרדיס עמרם ומפריו כל דריה זאנין לעלם רב הוא אילנה דאנצב במצרים ואקלע לגו מדברה ואקצץ בטור נ…
דאנצירותך	0	1		0	מימר מרקה V:15 (מימר על וימת שם משה)	…יה כד תעמי אנש שטי על דרך יהוה הקטלנה כמד עבדת בזמרי וכזבית דאנצירותך גליה לכל דרי עלמה…
יצטדון	0	1		0	מימר מרקה V:2 (מימר על וימת שם משה)	…ה תבכי עניכון כל קהלי ישראל ומלל יהוה אל משה בקנום יומה הדן יצטדון כל לבבי דריה דעתידין לבדורה עלה אל הר עבראי הדן הר נבא ומות…
מגיבך	0	1		0	מימר מרקה VI:70 (מימר מדבק בשנים והעשרים אות)	…ועלמה לך אתגלה ובך אתחילו כל דיראיו וכל מד את שאל למרך הוא מגיבך לידה עסרה זבנין אתגלה רגזה ואת שאל למרך בעזרותה…
דשתלחת	0	1		0	מימר מרקה VI:71 (מימר מדבק בשנים והעשרים אות)	…חמו רביעיתה כד סלקו למגשש ית ארעה למחזי טבהתה דבה חמישה זבן דשתלחת נחשיה ונכתו גביאת ישראל השתיתה זבן דיצאת אשתה והוקדת בעמה י…
והוקדת	0	1		0	מימר מרקה VI:71 (מימר מדבק בשנים והעשרים אות)	…שה זבן דשתלחת נחשיה ונכתו גביאת ישראל השתיתה זבן דיצאת אשתה והוקדת בעמה יקידה בישה שביעיה זבן דפנו בתחמדותון למקים ארש למעזרה…
התילפו	0	1		0	מימר מרקה VI:47 (מימר מדבק בשנים והעשרים אות)	…אנשה התילפו אנשה אתבוננו ולא תהונו מתנצלים מן דעת דעתה כי לית חיי אנשה…
ומחליל	0	1		0	מימר מרקה VI:39 (מימר מדבק בשנים והעשרים אות)	…לית לון עד אמת מדורין פנין מן שכונין לית עד אמת כרמים נצבים ומחליל לית לון עד אמת שורך טבוח וכל קניאניך בזיזין ביד דבביך לעיני…
בזיזין	0	1		0	מימר מרקה VI:39 (מימר מדבק בשנים והעשרים אות)	…אמת כרמים נצבים ומחליל לית לון עד אמת שורך טבוח וכל קניאניך בזיזין ביד דבביך לעיניך כל אהן גזוי עובד בישתה דעבדת ולידה זרזת שב…
והושטה	0	1		0	מימר מרקה VI:56 (מימר מדבק בשנים והעשרים אות)	…פן בראי ולא לחכמת פגול רק יהב לך כתב מכלל בחיים כתבה באצבעה והושטה מן ימינה לנביא מהימן כללה בסימנין ורבינה במופתים וחילה באות…
והסתקף	0	1		0	מימר מרקה VI:56 (מימר מדבק בשנים והעשרים אות)	…בסימנין ורבינה במופתים וחילה באותת אה רבין רב אתרבה בה משה והסתקף בה סגי מכל אנש מיסתה סהדות מרה עליו לא קם כותה ולא יקום לעל…
למביע	0	1		0	מימר מרקה VI:40 (מימר מדבק בשנים והעשרים אות)	…כל חייה שאילה מדלה נסגד לגדלה ונדחל מן אימתה רבתה אנשה זרזו למביע מן אלה הן יקרב רחמיו וינפש צרעתן דו רחמן ורתאי וכן כתב על ק…
בשילולה	0	1		0	מימר מרקה VI:45 (מימר מדבק בשנים והעשרים אות)	…זבנה שביעיה זבנה דקעמת עמך ואת טלי רמי בשילולה לגו תיבת והפתחת תרחי סימניה בדילך עד תמחו כל דבביך שרוי מה…
והשתרית	0	1		0	מימר מרקה VI:53 (מימר מדבק בשנים והעשרים אות)	…לקהלה למה לא הוה לי בריש קציה דכרן עד אדמי לחברי אשר הכתבו והשתרית בון כל קצי ארהותה…
גמאל	0	1		0	מימר מרקה VI:68 (מימר מדבק בשנים והעשרים אות)	…חסלת גמאל ממללה שרית ד ואמרת אה נביה רבה דרבתה מרה ועבד מדעה מכלל לכל…
נזדעק	0	1		0	מימר מרקה VI:21 (מימר מדבק בשנים והעשרים אות)	…הוה ביש › ין ‹ עד אמת גנואן כל עת גלין ולינן בהתין מדן כמה נזדעק ולינן ענין…
רטובתה	0	1		0	מימר מרקה VI:4 (מימר מדבק בשנים והעשרים אות)	…רבים לו הוה לון חיל מרבי לון תקומה ואשתה לא מזיגה במיה הות רטובתה מכיה לכל מד בה מן אילן עד עשב עד דשא על כל דבר דבה לוד מקימ…
כנוז	0	1		0	מימר מרקה VI:37 (מימר מדבק בשנים והעשרים אות)	…לעלם ולא יסיד על חברה סהדה שקרה ולא יקלל חרש וטוב תעתיד יהי כנוז לגרמה כניזה טבה עד ישקחנה בעקבהיתה לא תחמד מד לחברך כניזה ב…
ואנצירות	0	1		0	מימר מרקה VI:37 (מימר מדבק בשנים והעשרים אות)	…ם בישים לא יקטל נפש ולא יסגד לצלם ולא ישכב עם אתה בעילת בעל ואנצירות לבה בדחלתה מן אלה לא יהי בר מנה…
ופ	0	1		0	מימר מרקה VI:25 (מימר מדבק בשנים והעשרים אות)	…ועמונה קעם וט ונ וס ופ וצ וק ות ממללים עם נביה רבה משה ממלל ברבו וכל אחד מחיל שילה…
חפיר	0	1		0	מימר מרקה VI:20 (מימר מדבק בשנים והעשרים אות)	…יתה וכבודה פרנסתה וקשטה כסתה עד האן אתא משה אה ביר מים חיים חפיר ביד נביא לא קם מן אדם כותה ומיה דלגוה מפם אלהותה נסבע מן פר…
למברטה	0	1		0	מימר מרקה VI:20 (מימר מדבק בשנים והעשרים אות)	…י מן מימיה דלגו אהן בירה לינן צרכין נבלשנה באתר לית לן יכלה למברטה לידה לא בשומיה הוא ולא במגוז ימה בפמה ובלבה הו עביד…
תזדעק	0	1		0	מימר מרקה VI:8 (מימר מדבק בשנים והעשרים אות)	…חומיה ולא תתנשי מה דאלפו יתך אבהתך לית לאוי לך תהי מרוד ולא תזדעק בר ארדאי ומעזי אה עלמה מכללה בכל איקר וכל דבה מן איקרה אמסי…
מקוממאתך	0	1		0	מימר מרקה VI:8 (מימר מדבק בשנים והעשרים אות)	…אמסיר הוא לך אה איקרי שומיה מרבים לך ומחילים לך איטבו בדיל מקוממאתך לא תשבק קנומך פסול מכן ותהי מסרבך ביני כל בוראי עלמה טול מן…
הזדוג	0	1		0	מימר מרקה VI:23 (מימר מדבק בשנים והעשרים אות)	…וה מלוא בכן ממללה דמי לממלל מרה וכל דאמר לה מרה הוה עשה קלה הזדוג עם קלה דמרה ואתחיל בכן מכל בני אדם רגליו דרס בון אשתה רבתה…
פריקה	0	1		0	מימר מרקה VI:31 (מימר מדבק בשנים והעשרים אות)	…מן אהרן ומן משכנה רביאני קעם ורבית פינחס ועבדת לה אתר וליתי פריקה מנה לעלם דו ארשה דפרקנה ולה כהנתה רבתה ולזרעה בתרה…
משתירה	0	1		0	מימר מרקה VI:7 (מימר מדבק בשנים והעשרים אות)	…על אפי ארעה עבודי עגלה כד נשונה אבדו כהלון במגיפתה וחובתון משתירה עליון עד יום נקם ושלם קרח וסיעתה כד שבקו מחכ בלעתון ארעה וכ…
ברואון	0	1		0	מימר מרקה VI:5 (מימר מדבק בשנים והעשרים אות)	…חיולין לית בחיל ידוע ידע רבות ברואה אה בוראים חיולין רב הוא ברואון לית בחיל ידוע ידע רבותה אה בוראים רמין מחכמין הן ברוון גדול…
וטרידך	0	1		0	מימר מרקה VI:12 (מימר מדבק בשנים והעשרים אות)	…אדם ואתילפת אקנאות קין קם לך כלי וטמי וכלה נזף לך ומקלל יתך וטרידך בכל אתר…
הגיבת	0	1		0	מימר מרקה VI:60 (מימר מדבק בשנים והעשרים אות)	…תמן הגיבת זכותה באפרי ואמרת מיסתיך אלין מליה דמללתי ליתי בעיה בנים כו…
המשילתה	0	1		0	מימר מרקה VI:60 (מימר מדבק בשנים והעשרים אות)	…עקב כד הוה כן מללת לב אחיו אליו ורבית שלמותה יוסף כד הוה לי המשילתה על תלימיו נביה מהימנה משה כד הוה חברי סגי דקטל חיבין ולא רת…
גמיל	0	1		0	מימר מרקה VI:38 (מימר מדבק בשנים והעשרים אות)	…מותה הן מלכת כל אהן את בכל איקר מכלל ודע דאתה מקדם יום צומה גמיל בכל חסד וכל טוב…
כריזת	0	1		0	מימר מרקה VI:64 (מימר מדבק בשנים והעשרים אות)	…כבודה הגלה לך מה אנה ריש מקרתה דקרתה קשטה במשמע כל קהלה היא כריזת דפוררת מדעיון וקטרת לבביון על קשטה אנכי יהוה אלהיך תמן הרתת…
וארתקות	0	1		0	מימר מרקה VI:64 (מימר מדבק בשנים והעשרים אות)	…י רחמיו ורב רתותה לא הוה לישראל קוממו כד חכם אלה בלוד ישראל וארתקות לבה שרי וקרא קמיון עסרתי מליה בדיל ייטב לון ואנה יה שרוי מל…
והגיב	0	1		0	מימר מרקה VI:30 (מימר מדבק בשנים והעשרים אות)	…ליעקב בדיל ימי חייה עמי מה עבד ומה הגיב עבד עובד אלפה יוסף והגיב במה דארשתה אלה וארום חסלה דיעקב יהי בימיו רע תמן חכם לבניו…
שהבין	0	1		0	מימר מרקה VI:30 (מימר מדבק בשנים והעשרים אות)	…ן ובכן מרן לאברהם גלה מה נימר וכל ימינן הלכים בבישהתה ולינן שהבין תרום טית במד לה הוה מן שרוה עד עקבה כד חכמת ט אהן איקרה דאת…
מתהגבה	0	1		0	מימר מרקה VI:51 (מימר מדבק בשנים והעשרים אות)	…רתה והן צלינן בלב מתשגל בחורן אלה ליתה צלוה מקבלה ולא בלישה מתהגבה נהי הלכים בתר תהות נפשה לא בתר תחמדות מרן באליל בכל יום אנן…
יתילפו	0	1		0	מימר מרקה VI:72 (מימר מדבק בשנים והעשרים אות)	…אלעזר הכהנים הגדולים ישימו יהוה מברך עליו ויחננו בנים טבים יתילפו כל דכתיב לגוה אמן אמן…
בקשיטו	0	1		0	מימר מרקה VI:10 (מימר מדבק בשנים והעשרים אות)	…גר אלא לקבל עמל רבותה לאלהנו דארשה לן עמלים עד יהב לן אגרים בקשיטו כל דבלש יהב צדקה בריחות נפשה הן בעה יהב והן בעה לא יהב ודעמ…
הסתחנו	0	1		0	מימר מרקה VI:52 (מימר מדבק בשנים והעשרים אות)	…ה דבבים לנהירי לבה לוט ואברהם השקחנן הדה אקרון כד הזדמנו לא הסתחנו ועוד יוסף עם תלימיו כד חזותה חכים גלו סנותה וילה אנש יהי לב…
גול	0	1		0	מימר מרקה VI:36 (מימר מדבק בשנים והעשרים אות)	…נין טבין קדישות יצר ודכיות פגר וקשיטות ממלל ותעתיד טב וכשרן גול ושלמות עובד ולבב אנציר וענין אתי וחיל מתקומם ורב אנחמו אלין…
התאגב	0	1		0	מימר מרקה VI:44 (מימר מדבק בשנים והעשרים אות)	…ה והוא טלי פתח ית פמה ושאל שיאל קשט זבנתה תניאנתה על מד שאל התאגב וכן הוה תמן פתח פמה וברך לאלה אלהיה דבחר יתה לכן זבנתה תלית…
מטלט	0	1		0	מימר מרקה VI:2 (מימר מדבק בשנים והעשרים אות)	…חילה מודעים דו גדול וגיבור זבן אורה וזבן חשכה תרין סהדין לא מטלט » ל « ין לעלם וארבעתי זבניה דיתבון בחילה אקימון ארבעה סהדים…
